#
# There is insufficient memory for the Java Runtime Environment to continue.
# Native memory allocation (mmap) failed to map 65536 bytes. Error detail: Failed to commit metaspace.
# Possible reasons:
#   The system is out of physical RAM or swap space
#   This process is running with CompressedOops enabled, and the Java Heap may be blocking the growth of the native heap
# Possible solutions:
#   Reduce memory load on the system
#   Increase physical memory or swap space
#   Check if swap backing store is full
#   Decrease Java heap size (-Xmx/-Xms)
#   Decrease number of Java threads
#   Decrease Java thread stack sizes (-Xss)
#   Set larger code cache with -XX:ReservedCodeCacheSize=
#   JVM is running with Unscaled Compressed Oops mode in which the Java heap is
#     placed in the first 4GB address space. The Java Heap base address is the
#     maximum limit for the native heap growth. Please use -XX:HeapBaseMinAddress
#     to set the Java Heap base and to place the Java Heap above 4GB virtual address.
# This output file may be truncated or incomplete.
#
#  Out of Memory Error (virtualSpaceNode.cpp:113), pid=8916, tid=22460
#
# JRE version: OpenJDK Runtime Environment Temurin-21.0.11+10 (21.0.11+10) (build 21.0.11+10-LTS)
# Java VM: OpenJDK 64-Bit Server VM Temurin-21.0.11+10 (21.0.11+10-LTS, mixed mode, sharing, tiered, compressed oops, compressed class ptrs, parallel gc, windows-amd64)
# No core dump will be written. Minidumps are not enabled by default on client versions of Windows
#

---------------  S U M M A R Y ------------

Command Line: --add-modules=ALL-SYSTEM --add-opens=java.base/java.util=ALL-UNNAMED --add-opens=java.base/java.lang=ALL-UNNAMED --add-opens=java.base/sun.nio.fs=ALL-UNNAMED -Declipse.application=org.eclipse.jdt.ls.core.id1 -Dosgi.bundles.defaultStartLevel=4 -Declipse.product=org.eclipse.jdt.ls.core.product -Djava.import.generatesMetadataFilesAtProjectRoot=false -DDetectVMInstallationsJob.disabled=true -Dfile.encoding=utf8 -XX:+UseParallelGC -XX:GCTimeRatio=4 -XX:AdaptiveSizePolicyWeight=90 -Dsun.zip.disableMemoryMapping=true -Xmx2G -Xms100m -Xlog:disable -javaagent:c:\Users\Lenovo\.vscode\extensions\redhat.java-1.55.0-win32-x64\lombok\lombok-1.18.39-4050.jar c:\Users\Lenovo\.vscode\extensions\redhat.java-1.55.0-win32-x64\server\plugins\org.eclipse.equinox.launcher_1.7.200.v20260619-2039.jar -configuration c:\Users\Lenovo\AppData\Roaming\Code\User\globalStorage\redhat.java\1.55.0\config_ss_win -data c:\Users\Lenovo\AppData\Roaming\Code\User\workspaceStorage\eb1923ee63e7e26d040958249cb321ab\redhat.java\ss_ws --pipe=\\.\pipe\lsp-028eb7fdbb09998ceec5005bb3e9540f-sock

Host: AMD Ryzen 5 5500U with Radeon Graphics         , 12 cores, 14G,  Windows 11 , 64 bit Build 26100 (10.0.26100.8875)
Time: Wed Jul 22 15:38:49 2026 elapsed time: 10.279938 seconds (0d 0h 0m 10s)

---------------  T H R E A D  ---------------

Current thread (0x00000220dc1440f0):  JavaThread "Start Level: Equinox Container: 7f3d27f8-5e1c-4b14-b2e5-995018c93ba0" daemon [_thread_in_vm, id=22460, stack(0x000000f3b2300000,0x000000f3b2400000) (1024K)]

Stack: [0x000000f3b2300000,0x000000f3b2400000]
Native frames: (J=compiled Java code, j=interpreted, Vv=VM code, C=native code)
V  [jvm.dll+0x6d7e19]
V  [jvm.dll+0x8b5096]
V  [jvm.dll+0x8b764e]
V  [jvm.dll+0x8b7d33]
V  [jvm.dll+0x284596]
V  [jvm.dll+0x8b0dde]
V  [jvm.dll+0x6795e4]
V  [jvm.dll+0x1e849b]
V  [jvm.dll+0x1e825e]
V  [jvm.dll+0x67bee2]
V  [jvm.dll+0x67bd12]
V  [jvm.dll+0x679fbe]
V  [jvm.dll+0x684268]
V  [jvm.dll+0x21973e]
V  [jvm.dll+0x219be5]
V  [jvm.dll+0x21a5d8]
V  [jvm.dll+0x20f80e]
V  [jvm.dll+0x5b658f]
V  [jvm.dll+0x82f046]
V  [jvm.dll+0x478ec8]
V  [jvm.dll+0x47ecf8]
C  [java.dll+0x17ec]

Java frames: (J=compiled Java code, j=interpreted, Vv=VM code)
J 1110  java.lang.ClassLoader.defineClass1(Ljava/lang/ClassLoader;Ljava/lang/String;[BIILjava/security/ProtectionDomain;Ljava/lang/String;)Ljava/lang/Class; java.base@21.0.11 (0 bytes) @ 0x000002208d8cfb11 [0x000002208d8cfa40+0x00000000000000d1]
J 1785 c1 java.lang.ClassLoader.defineClass(Ljava/lang/String;[BIILjava/security/ProtectionDomain;)Ljava/lang/Class; java.base@21.0.11 (43 bytes) @ 0x00000220860aaa7c [0x00000220860aa720+0x000000000000035c]
J 2340 c1 org.eclipse.osgi.internal.loader.ModuleClassLoader.defineClass(Ljava/lang/String;[BLorg/eclipse/osgi/internal/loader/classpath/ClasspathEntry;)Lorg/eclipse/osgi/internal/loader/ModuleClassLoader$DefineClassResult; (67 bytes) @ 0x00000220861ece3c [0x00000220861ecb20+0x000000000000031c]
J 2144 c1 org.eclipse.osgi.internal.loader.classpath.ClasspathManager.defineClass(Ljava/lang/String;[BLorg/eclipse/osgi/internal/loader/classpath/ClasspathEntry;Lorg/eclipse/osgi/storage/bundlefile/BundleEntry;Ljava/util/List;)Ljava/lang/Class; (636 bytes) @ 0x0000022086179a74 [0x0000022086177fc0+0x0000000000001ab4]
J 2969 c1 org.eclipse.osgi.internal.loader.classpath.ClasspathManager.findClassImpl(Ljava/lang/String;Lorg/eclipse/osgi/internal/loader/classpath/ClasspathEntry;Ljava/util/List;)Ljava/lang/Class; (328 bytes) @ 0x0000022086348324 [0x0000022086345000+0x0000000000003324]
J 2145 c1 org.eclipse.osgi.internal.loader.classpath.ClasspathManager.findLocalClassImpl(Ljava/lang/String;[Lorg/eclipse/osgi/internal/loader/classpath/ClasspathEntry;Ljava/util/List;)Ljava/lang/Class; (55 bytes) @ 0x000002208617cc64 [0x000002208617cae0+0x0000000000000184]
J 2383 c1 org.eclipse.osgi.internal.loader.classpath.ClasspathManager.findLocalClassImpl(Ljava/lang/String;Ljava/util/List;)Ljava/lang/Class; (132 bytes) @ 0x000002208620cd14 [0x000002208620c7e0+0x0000000000000534]
J 2067 c1 org.eclipse.osgi.internal.loader.classpath.ClasspathManager.findLocalClass(Ljava/lang/String;)Ljava/lang/Class; (210 bytes) @ 0x0000022086151924 [0x0000022086150c60+0x0000000000000cc4]
J 1950 c1 org.eclipse.osgi.internal.loader.BundleLoader.findLocalClass(Ljava/lang/String;)Ljava/lang/Class; (159 bytes) @ 0x0000022086119c54 [0x0000022086119060+0x0000000000000bf4]
J 1858 c1 org.eclipse.osgi.internal.loader.BundleLoader.findClass0(Ljava/lang/String;ZZ)Ljava/lang/Class; (490 bytes) @ 0x00000220860e5294 [0x00000220860e20e0+0x00000000000031b4]
J 1857 c1 org.eclipse.osgi.internal.loader.BundleLoader.findClass(Ljava/lang/String;)Ljava/lang/Class; (8 bytes) @ 0x00000220860e11cc [0x00000220860e1140+0x000000000000008c]
J 1861 c1 org.eclipse.osgi.internal.loader.ModuleClassLoader.loadClass(Ljava/lang/String;Z)Ljava/lang/Class; (36 bytes) @ 0x00000220860e8d4c [0x00000220860e8b20+0x000000000000022c]
J 998 c1 java.lang.ClassLoader.loadClass(Ljava/lang/String;)Ljava/lang/Class; java.base@21.0.11 (7 bytes) @ 0x0000022085f17fd4 [0x0000022085f17ec0+0x0000000000000114]
v  ~StubRoutines::call_stub 0x000002208d2c100d
j  org.eclipse.core.internal.net.Activator.start(Lorg/osgi/framework/BundleContext;)V+98
j  org.eclipse.osgi.internal.framework.BundleContextImpl$2.run()Ljava/lang/Void;+23
j  org.eclipse.osgi.internal.framework.BundleContextImpl$2.run()Ljava/lang/Object;+1
J 3069 c1 java.security.AccessController.doPrivileged(Ljava/security/PrivilegedExceptionAction;)Ljava/lang/Object; java.base@21.0.11 (22 bytes) @ 0x0000022086375074 [0x0000022086374f00+0x0000000000000174]
j  org.eclipse.osgi.internal.framework.BundleContextImpl.startActivator(Lorg/osgi/framework/BundleActivator;)V+9
j  org.eclipse.osgi.internal.framework.BundleContextImpl.start()V+141
j  org.eclipse.osgi.internal.framework.EquinoxBundle.startWorker0()V+35
j  org.eclipse.osgi.internal.framework.EquinoxBundle$EquinoxModule.startWorker()V+4
j  org.eclipse.osgi.container.Module.doStart([Lorg/eclipse/osgi/container/Module$StartOptions;)Lorg/eclipse/osgi/container/ModuleContainerAdaptor$ModuleEvent;+200
J 2361 c1 org.eclipse.osgi.container.Module.start([Lorg/eclipse/osgi/container/Module$StartOptions;)V (662 bytes) @ 0x00000220861f853c [0x00000220861f6440+0x00000000000020fc]
J 2547 c1 org.eclipse.osgi.framework.util.SecureAction.start(Lorg/eclipse/osgi/container/Module;[Lorg/eclipse/osgi/container/Module$StartOptions;)V (61 bytes) @ 0x000002208624f49c [0x000002208624f2e0+0x00000000000001bc]
J 1952 c1 org.eclipse.osgi.internal.hooks.EclipseLazyStarter.postFindLocalClass(Ljava/lang/String;Ljava/lang/Class;Lorg/eclipse/osgi/internal/loader/classpath/ClasspathManager;)V (394 bytes) @ 0x000002208611d414 [0x000002208611c440+0x0000000000000fd4]
J 2067 c1 org.eclipse.osgi.internal.loader.classpath.ClasspathManager.findLocalClass(Ljava/lang/String;)Ljava/lang/Class; (210 bytes) @ 0x0000022086151c74 [0x0000022086150c60+0x0000000000001014]
J 1950 c1 org.eclipse.osgi.internal.loader.BundleLoader.findLocalClass(Ljava/lang/String;)Ljava/lang/Class; (159 bytes) @ 0x0000022086119c54 [0x0000022086119060+0x0000000000000bf4]
J 2385 c1 org.eclipse.osgi.internal.loader.sources.SingleSourcePackage.loadClass(Ljava/lang/String;)Ljava/lang/Class; (9 bytes) @ 0x0000022086210b4c [0x0000022086210a40+0x000000000000010c]
J 1858 c1 org.eclipse.osgi.internal.loader.BundleLoader.findClass0(Ljava/lang/String;ZZ)Ljava/lang/Class; (490 bytes) @ 0x00000220860e519c [0x00000220860e20e0+0x00000000000030bc]
J 1857 c1 org.eclipse.osgi.internal.loader.BundleLoader.findClass(Ljava/lang/String;)Ljava/lang/Class; (8 bytes) @ 0x00000220860e11cc [0x00000220860e1140+0x000000000000008c]
J 1861 c1 org.eclipse.osgi.internal.loader.ModuleClassLoader.loadClass(Ljava/lang/String;Z)Ljava/lang/Class; (36 bytes) @ 0x00000220860e8d4c [0x00000220860e8b20+0x000000000000022c]
J 998 c1 java.lang.ClassLoader.loadClass(Ljava/lang/String;)Ljava/lang/Class; java.base@21.0.11 (7 bytes) @ 0x0000022085f17fd4 [0x0000022085f17ec0+0x0000000000000114]
v  ~StubRoutines::call_stub 0x000002208d2c100d
j  org.eclipse.jdt.ls.core.internal.JavaLanguageServerPlugin.configureProxy()V+492
j  org.eclipse.jdt.ls.core.internal.JavaLanguageServerPlugin.start(Lorg/osgi/framework/BundleContext;)V+189
j  org.eclipse.osgi.internal.framework.BundleContextImpl$2.run()Ljava/lang/Void;+23
j  org.eclipse.osgi.internal.framework.BundleContextImpl$2.run()Ljava/lang/Object;+1
J 1145 c1 java.security.AccessController.executePrivileged(Ljava/security/PrivilegedExceptionAction;Ljava/security/AccessControlContext;Ljava/lang/Class;)Ljava/lang/Object; java.base@21.0.11 (65 bytes) @ 0x0000022085f5e5c4 [0x0000022085f5e460+0x0000000000000164]
j  java.security.AccessController.doPrivileged(Ljava/security/PrivilegedExceptionAction;)Ljava/lang/Object;+9 java.base@21.0.11
j  org.eclipse.osgi.internal.framework.BundleContextImpl.startActivator(Lorg/osgi/framework/BundleActivator;)V+9
j  org.eclipse.osgi.internal.framework.BundleContextImpl.start()V+141
j  org.eclipse.osgi.internal.framework.EquinoxBundle.startWorker0()V+35
j  org.eclipse.osgi.internal.framework.EquinoxBundle$EquinoxModule.startWorker()V+4
j  org.eclipse.osgi.container.Module.doStart([Lorg/eclipse/osgi/container/Module$StartOptions;)Lorg/eclipse/osgi/container/ModuleContainerAdaptor$ModuleEvent;+200
j  org.eclipse.osgi.container.Module.start([Lorg/eclipse/osgi/container/Module$StartOptions;)V+460
j  org.eclipse.osgi.container.ModuleContainer$ContainerStartLevel$2.run()V+83
j  org.eclipse.osgi.internal.framework.EquinoxContainerAdaptor$1$1.execute(Ljava/lang/Runnable;)V+1
j  org.eclipse.osgi.container.ModuleContainer$ContainerStartLevel.incStartLevel(ILjava/util/List;Z)V+193
j  org.eclipse.osgi.container.ModuleContainer$ContainerStartLevel.incStartLevel(ILjava/util/List;Ljava/util/List;Ljava/util/List;Ljava/util/List;)V+19
j  org.eclipse.osgi.container.ModuleContainer$ContainerStartLevel.doContainerStartLevel(Lorg/eclipse/osgi/container/Module;I[Lorg/osgi/framework/FrameworkListener;)V+358
j  org.eclipse.osgi.container.ModuleContainer$ContainerStartLevel.dispatchEvent(Lorg/eclipse/osgi/container/Module;[Lorg/osgi/framework/FrameworkListener;ILjava/lang/Integer;)V+32
j  org.eclipse.osgi.container.ModuleContainer$ContainerStartLevel.dispatchEvent(Ljava/lang/Object;Ljava/lang/Object;ILjava/lang/Object;)V+15
j  org.eclipse.osgi.framework.eventmgr.EventManager.dispatchEvent(Ljava/util/Set;Lorg/eclipse/osgi/framework/eventmgr/EventDispatcher;ILjava/lang/Object;)V+48
j  org.eclipse.osgi.framework.eventmgr.EventManager$EventThread.run()V+26
v  ~StubRoutines::call_stub 0x000002208d2c100d

Compiled method (n/a) 10331 1110     n 0       java.lang.ClassLoader::defineClass1 (native)
 total in heap  [0x000002208d8cf890,0x000002208d8cfd18] = 1160
 relocation     [0x000002208d8cf9f0,0x000002208d8cfa28] = 56
 main code      [0x000002208d8cfa40,0x000002208d8cfd16] = 726
 stub code      [0x000002208d8cfd16,0x000002208d8cfd18] = 2

[Constant Pool (empty)]

[MachCode]
[Entry Point]
  # {method} {0x000002209a434a48} 'defineClass1' '(Ljava/lang/ClassLoader;Ljava/lang/String;[BIILjava/security/ProtectionDomain;Ljava/lang/String;)Ljava/lang/Class;' in 'java/lang/ClassLoader'
  # parm0:    rdx:rdx   = 'java/lang/ClassLoader'
  # parm1:    r8:r8     = 'java/lang/String'
  # parm2:    r9:r9     = '[B'
  # parm3:    rdi       = int
  # parm4:    rsi       = int
  # parm5:    rcx:rcx   = 'java/security/ProtectionDomain'
  # parm6:    [sp+0xa0]   = 'java/lang/String'  (sp of caller)
  0x000002208d8cfa40: 448b 5208 | 49bb 0000 | 009a 2002 | 0000 4d03 | d349 3bc2 | 0f84 0600 

  0x000002208d8cfa58: ;   {runtime_call ic_miss_stub}
  0x000002208d8cfa58: 0000 e921 | eaa3 ff90 
[Verified Entry Point]
  0x000002208d8cfa60: 8984 2400 | 80ff ff55 | 488b ec48 | 81ec 9000 | 0000 6690 | 4181 7f20 | 0200 0000 

  0x000002208d8cfa7c: ;   {runtime_call StubRoutines (final stubs)}
  0x000002208d8cfa7c: 7405 e85d | 8fa2 ff48 | 837d 1000 | 488d 4510 | 480f 4445 | 1048 8944 | 2440 4889 | 4c24 7048 
  0x000002208d8cfa9c: 83f9 0048 | 8d44 2470 | 480f 4444 | 2470 4889 | 4424 3848 | 8974 2430 | 4889 7c24 | 284c 894c 
  0x000002208d8cfabc: 2458 4983 | f900 488d | 4424 5848 | 0f44 4424 | 5848 8944 | 2420 4c89 | 4424 5049 | 83f8 004c 
  0x000002208d8cfadc: 8d4c 2450 | 4c0f 444c | 2450 4889 | 5424 4848 | 83fa 004c | 8d44 2448 | 4c0f 4444 

  0x000002208d8cfaf8: ;   {oop(a 'java/lang/Class'{0x0000000080000a08} = 'java/lang/ClassLoader')}
  0x000002208d8cfaf8: 2448 49be | 080a 0080 | 0000 0000 | 4c89 7424 | 784c 8d74 | 2478 498b | d6c5 f877 

  0x000002208d8cfb14: ;   {internal_word}
  0x000002208d8cfb14: 49ba 11fb | 8c8d 2002 | 0000 4d89 | 97a8 0300 | 0049 89a7 | a003 0000 

  0x000002208d8cfb2c: ;   {external_word}
  0x000002208d8cfb2c: 49ba c66c | 7780 fb7f | 0000 4180 | 3a00 0f84 | 4e00 0000 | 5241 5041 

  0x000002208d8cfb44: ;   {metadata({method} {0x000002209a434a48} 'defineClass1' '(Ljava/lang/ClassLoader;Ljava/lang/String;[BIILjava/security/ProtectionDomain;Ljava/lang/String;)Ljava/lang/Class;' in 'java/lang/ClassLoader')}
  0x000002208d8cfb44: 5148 ba40 | 4a43 9a20 | 0200 0049 | 8bcf 4883 | ec20 40f6 | c40f 0f84 | 1900 0000 | 4883 ec08 
  0x000002208d8cfb64: ;   {runtime_call}
  0x000002208d8cfb64: 48b8 20e5 | 2080 fb7f | 0000 ffd0 | 4883 c408 | e90c 0000 

  0x000002208d8cfb78: ;   {runtime_call}
  0x000002208d8cfb78: 0048 b820 | e520 80fb | 7f00 00ff | d048 83c4 | 2041 5941 | 585a 498d | 8fc0 0300 | 0041 c787 
  0x000002208d8cfb98: 4c04 0000 | 0400 0000 

  0x000002208d8cfba0: ;   {runtime_call}
  0x000002208d8cfba0: 48b8 ac16 | 8616 fc7f | 0000 ffd0 | c5f8 7741 | c787 4c04 | 0000 0500 | 0000 f083 | 4424 c000 
  0x000002208d8cfbc0: 493b af50 | 0400 000f | 870e 0000 | 0041 83bf | 4804 0000 | 000f 842b | 0000 00c5 | f877 4889 
  0x000002208d8cfbe0: 45f8 498b | cf4c 8be4 | 4883 ec20 | 4883 e4f0 

  0x000002208d8cfbf0: ;   {runtime_call}
  0x000002208d8cfbf0: 48b8 e053 | ec7f fb7f | 0000 ffd0 | 498b e44d | 33e4 488b | 45f8 41c7 | 874c 0400 | 0008 0000 
  0x000002208d8cfc10: 0041 83bf | c804 0000 | 020f 84ca 

  0x000002208d8cfc1c: ;   {external_word}
  0x000002208d8cfc1c: 0000 0049 | bac6 6c77 | 80fb 7f00 | 0041 803a | 000f 844c | 0000 0048 

  0x000002208d8cfc34: ;   {metadata({method} {0x000002209a434a48} 'defineClass1' '(Ljava/lang/ClassLoader;Ljava/lang/String;[BIILjava/security/ProtectionDomain;Ljava/lang/String;)Ljava/lang/Class;' in 'java/lang/ClassLoader')}
  0x000002208d8cfc34: 8945 f848 | ba40 4a43 | 9a20 0200 | 0049 8bcf | 4883 ec20 | 40f6 c40f | 0f84 1900 | 0000 4883 
  0x000002208d8cfc54: ;   {runtime_call}
  0x000002208d8cfc54: ec08 48b8 | 20e5 2080 | fb7f 0000 | ffd0 4883 | c408 e90c 

  0x000002208d8cfc68: ;   {runtime_call}
  0x000002208d8cfc68: 0000 0048 | b820 e520 | 80fb 7f00 | 00ff d048 | 83c4 2048 | 8b45 f849 | c787 a003 | 0000 0000 
  0x000002208d8cfc88: 0000 49c7 | 87a8 0300 | 0000 0000 | 00c5 f877 | 4885 c00f | 8425 0000 | 00a8 030f | 8508 0000 
  0x000002208d8cfca8: 0048 8b00 | e915 0000 | 00a8 010f | 8509 0000 | 0048 8b40 | fee9 0400 | 0000 488b | 40ff 498b 
  0x000002208d8cfcc8: 8f30 0400 | 00c7 8100 | 0100 0000 | 0000 00c9 | 4983 7f08 | 000f 8501 | 0000 00c3 

  0x000002208d8cfce4: ;   {runtime_call StubRoutines (initial stubs)}
  0x000002208d8cfce4: e917 129f | ffc5 f877 | 4889 45f8 | 4c8b e448 | 83ec 2048 

  0x000002208d8cfcf8: ;   {runtime_call}
  0x000002208d8cfcf8: 83e4 f048 | b870 1c21 | 80fb 7f00 | 00ff d049 | 8be4 4d33 | e448 8b45 | f8e9 09ff | ffff f4f4 
[/MachCode]


Compiled method (c1) 10337 1785       3       java.lang.ClassLoader::defineClass (43 bytes)
 total in heap  [0x00000220860aa510,0x00000220860aae70] = 2400
 relocation     [0x00000220860aa670,0x00000220860aa710] = 160
 main code      [0x00000220860aa720,0x00000220860aabc0] = 1184
 stub code      [0x00000220860aabc0,0x00000220860aac38] = 120
 metadata       [0x00000220860aac38,0x00000220860aac68] = 48
 scopes data    [0x00000220860aac68,0x00000220860aad58] = 240
 scopes pcs     [0x00000220860aad58,0x00000220860aae38] = 224
 dependencies   [0x00000220860aae38,0x00000220860aae48] = 16
 nul chk table  [0x00000220860aae48,0x00000220860aae70] = 40

[Constant Pool (empty)]

[MachCode]
[Entry Point]
  # {method} {0x000002209a434dc8} 'defineClass' '(Ljava/lang/String;[BIILjava/security/ProtectionDomain;)Ljava/lang/Class;' in 'java/lang/ClassLoader'
  # this:     rdx:rdx   = 'java/lang/ClassLoader'
  # parm0:    r8:r8     = 'java/lang/String'
  # parm1:    r9:r9     = '[B'
  # parm2:    rdi       = int
  # parm3:    rsi       = int
  # parm4:    rcx:rcx   = 'java/security/ProtectionDomain'
  #           [sp+0xc0]  (sp of caller)
  0x00000220860aa720: 448b 5208 | 49bb 0000 | 009a 2002 | 0000 4d03 | d34c 3bd0 

  0x00000220860aa734: ;   {runtime_call ic_miss_stub}
  0x00000220860aa734: 0f85 463d | 2607 660f | 1f44 0000 
[Verified Entry Point]
  0x00000220860aa740: 8984 2400 | 80ff ff55 | 4881 ecb0 | 0000 0090 | 4181 7f20 | 0200 0000 

  0x00000220860aa758: ;   {runtime_call StubRoutines (final stubs)}
  0x00000220860aa758: 7405 e881 | e224 0748 | 8954 2478 

  0x00000220860aa764: ;   {metadata(method data for {method} {0x000002209a434dc8} 'defineClass' '(Ljava/lang/String;[BIILjava/security/ProtectionDomain;)Ljava/lang/Class;' in 'java/lang/ClassLoader')}
  0x00000220860aa764: 48bb a8a8 | 36de 2002 | 0000 8b83 | cc00 0000 | 83c0 0289 | 83cc 0000 | 0025 fe07 | 0000 85c0 
  0x00000220860aa784: 0f84 5803 | 0000 89b4 | 2494 0000 | 0089 bc24 | 9000 0000 | 4c89 8c24 | 8800 0000 

  0x00000220860aa7a0: ;   {metadata(method data for {method} {0x000002209a434dc8} 'defineClass' '(Ljava/lang/String;[BIILjava/security/ProtectionDomain;)Ljava/lang/Class;' in 'java/lang/ClassLoader')}
  0x00000220860aa7a0: 488b da48 | b8a8 a836 | de20 0200 | 0048 8380 | 1001 0000 | 0149 8bd8 | 4c8b c34c | 8bc9 488b 
  0x00000220860aa7c0: ca48 8bd1 | 4889 9c24 | 8000 0000 

  0x00000220860aa7cc: ;   {optimized virtual_call}
  0x00000220860aa7cc: 6666 90e8 

  0x00000220860aa7d0: ; ImmutableOopMap {[120]=Oop [128]=Oop [136]=Oop }
                      ;*invokevirtual preDefineClass {reexecute=0 rethrow=0 return_oop=0}
                      ; - java.lang.ClassLoader::defineClass@4
  0x00000220860aa7d0: cc95 f0ff 

  0x00000220860aa7d4: ;   {other}
  0x00000220860aa7d4: 0f1f 8400 | c402 0000 | 4889 8424 | 9800 0000 | 488b 5424 

  0x00000220860aa7e8: ;   {metadata(method data for {method} {0x000002209a434dc8} 'defineClass' '(Ljava/lang/String;[BIILjava/security/ProtectionDomain;)Ljava/lang/Class;' in 'java/lang/ClassLoader')}
  0x00000220860aa7e8: 7849 b8a8 | a836 de20 | 0200 0049 | 8380 4801 

  0x00000220860aa7f8: ;   {metadata(method data for {method} {0x000002209a434ab0} 'defineClassSourceLocation' '(Ljava/security/ProtectionDomain;)Ljava/lang/String;' in 'java/lang/ClassLoader')}
  0x00000220860aa7f8: 0000 0149 | b8c0 af36 | de20 0200 | 0041 8b90 | cc00 0000 | 83c2 0241 | 8990 cc00 | 0000 81e2 
  0x00000220860aa818: feff 1f00 | 85d2 0f84 | df02 0000 

  0x00000220860aa824: ; implicit exception: dispatches to 0x00000220860aab24
  0x00000220860aa824: 483b 004c 

  0x00000220860aa828: ;   {metadata(method data for {method} {0x000002209a434ab0} 'defineClassSourceLocation' '(Ljava/security/ProtectionDomain;)Ljava/lang/String;' in 'java/lang/ClassLoader')}
  0x00000220860aa828: 8bc0 48ba | c0af 36de | 2002 0000 | 4883 8210 | 0100 0001 | 448b 4010 

  0x00000220860aa840: ;   {metadata(method data for {method} {0x000002209a434ab0} 'defineClassSourceLocation' '(Ljava/security/ProtectionDomain;)Ljava/lang/String;' in 'java/lang/ClassLoader')}
  0x00000220860aa840: 4d85 c048 | bac0 af36 | de20 0200 | 0048 c7c6 | 5801 0000 | 7507 48c7 | c648 0100 | 0048 8b3c 
  0x00000220860aa860: 3248 8d7f | 0148 893c | 320f 850f 

  0x00000220860aa86c: ;   {oop(nullptr)}
  0x00000220860aa86c: 0000 0048 | bb00 0000 | 0000 0000 | 00e9 a901 | 0000 493b | 0049 8bd0 

  0x00000220860aa884: ;   {metadata(method data for {method} {0x000002209a434ab0} 'defineClassSourceLocation' '(Ljava/security/ProtectionDomain;)Ljava/lang/String;' in 'java/lang/ClassLoader')}
  0x00000220860aa884: 48be c0af | 36de 2002 | 0000 4883 | 8668 0100 | 0001 418b | 500c 4885 

  0x00000220860aa89c: ;   {metadata(method data for {method} {0x000002209a434ab0} 'defineClassSourceLocation' '(Ljava/security/ProtectionDomain;)Ljava/lang/String;' in 'java/lang/ClassLoader')}
  0x00000220860aa89c: d248 bec0 | af36 de20 | 0200 0048 | c7c7 b001 | 0000 7507 | 48c7 c7a0 | 0100 0048 | 8b1c 3e48 
  0x00000220860aa8bc: 8d5b 0148 | 891c 3e0f | 850f 0000 

  0x00000220860aa8c8: ;   {oop(nullptr)}
  0x00000220860aa8c8: 0048 bb00 | 0000 0000 | 0000 00e9 | 4f01 0000 

  0x00000220860aa8d8: ;   {metadata(method data for {method} {0x000002209a434ab0} 'defineClassSourceLocation' '(Ljava/security/ProtectionDomain;)Ljava/lang/String;' in 'java/lang/ClassLoader')}
  0x00000220860aa8d8: 48be c0af | 36de 2002 | 0000 4883 | 86c0 0100 | 0001 483b | 024c 8bc2 

  0x00000220860aa8f0: ;   {metadata(method data for {method} {0x000002209a434ab0} 'defineClassSourceLocation' '(Ljava/security/ProtectionDomain;)Ljava/lang/String;' in 'java/lang/ClassLoader')}
  0x00000220860aa8f0: 48be c0af | 36de 2002 | 0000 4883 | 86f8 0100 

  0x00000220860aa900: ;   {metadata(method data for {method} {0x000002209a01abf0} 'toString' '()Ljava/lang/String;' in 'java/net/URL')}
  0x00000220860aa900: 0001 49b8 | b0a3 36de | 2002 0000 | 418b b0cc | 0000 0083 | c602 4189 | b0cc 0000 | 0081 e6fe 
  0x00000220860aa920: ff1f 0085 | f60f 8408 | 0200 004c 

  0x00000220860aa92c: ;   {metadata(method data for {method} {0x000002209a01abf0} 'toString' '()Ljava/lang/String;' in 'java/net/URL')}
  0x00000220860aa92c: 8bc2 48be | b0a3 36de | 2002 0000 | 4883 8610 | 0100 0001 

  0x00000220860aa940: ;   {metadata(method data for {method} {0x000002209a428650} 'toExternalForm' '()Ljava/lang/String;' in 'java/net/URL')}
  0x00000220860aa940: 49b8 0842 | 36de 2002 | 0000 418b | b0cc 0000 | 0083 c602 | 4189 b0cc | 0000 0081 | e6fe ff1f 
  0x00000220860aa960: 0085 f60f | 84eb 0100 | 008b 7238 

  0x00000220860aa96c: ; implicit exception: dispatches to 0x00000220860aab75
  0x00000220860aa96c: 483b 064c 

  0x00000220860aa970: ;   {metadata(method data for {method} {0x000002209a428650} 'toExternalForm' '()Ljava/lang/String;' in 'java/net/URL')}
  0x00000220860aa970: 8bc6 48bf | 0842 36de | 2002 0000 | 458b 4008 | 49ba 0000 | 009a 2002 | 0000 4d03 | c24c 3b87 
  0x00000220860aa990: 2001 0000 | 750d 4883 | 8728 0100 | 0001 e960 | 0000 004c | 3b87 3001 | 0000 750d | 4883 8738 
  0x00000220860aa9b0: 0100 0001 | e94a 0000 | 0048 83bf | 2001 0000 | 0075 174c | 8987 2001 | 0000 48c7 | 8728 0100 
  0x00000220860aa9d0: 0001 0000 | 00e9 2900 | 0000 4883 | bf30 0100 | 0000 7517 | 4c89 8730 | 0100 0048 | c787 3801 
  0x00000220860aa9f0: 0000 0100 | 0000 e908 | 0000 0048 | 8387 1001 | 0000 014c | 8bc2 488b | d60f 1f40 | 0048 b8ff 
  0x00000220860aaa10: ffff ffff 

  0x00000220860aaa14: ;   {virtual_call}
  0x00000220860aaa14: ffff ffe8 

  0x00000220860aaa18: ; ImmutableOopMap {[120]=Oop [128]=Oop [136]=Oop [152]=Oop }
                      ;*invokevirtual toExternalForm {reexecute=0 rethrow=0 return_oop=0}
                      ; - java.net.URL::toExternalForm@5
                      ; - java.net.URL::toString@1
                      ; - java.lang.ClassLoader::defineClassSourceLocation@22
                      ; - java.lang.ClassLoader::defineClass@12
  0x00000220860aaa18: 94fc 3107 

  0x00000220860aaa1c: ;   {other}
  0x00000220860aaa1c: 0f1f 8400 | 0c05 0001 | 488b d848 | 8b84 2498 | 0000 008b | b424 9400 | 0000 8bbc | 2490 0000 
  0x00000220860aaa3c: 004c 8b8c | 2488 0000 | 004c 8b84 | 2480 0000 | 0048 8b54 

  0x00000220860aaa50: ;   {metadata(method data for {method} {0x000002209a434dc8} 'defineClass' '(Ljava/lang/String;[BIILjava/security/ProtectionDomain;)Ljava/lang/Class;' in 'java/lang/ClassLoader')}
  0x00000220860aaa50: 2478 48b9 | a8a8 36de | 2002 0000 | 4883 8180 | 0100 0001 | 4c8b da49 | 8bd3 488b | c848 891c 
  0x00000220860aaa70: 2466 0f1f 

  0x00000220860aaa74: ;   {static_call}
  0x00000220860aaa74: 4400 00e8 

  0x00000220860aaa78: ; ImmutableOopMap {[120]=Oop [152]=Oop }
                      ;*invokestatic defineClass1 {reexecute=0 rethrow=0 return_oop=0}
                      ; - java.lang.ClassLoader::defineClass@27
  0x00000220860aaa78: e44f 8207 

  0x00000220860aaa7c: ;   {other}
  0x00000220860aaa7c: 0f1f 8400 | 6c05 0002 | 488b 5424 

  0x00000220860aaa88: ;   {metadata(method data for {method} {0x000002209a434dc8} 'defineClass' '(Ljava/lang/String;[BIILjava/security/ProtectionDomain;)Ljava/lang/Class;' in 'java/lang/ClassLoader')}
  0x00000220860aaa88: 7849 b8a8 | a836 de20 | 0200 0049 | 8380 9001 | 0000 014c | 8bc0 4c8b | 8c24 9800 | 0000 488b 
  0x00000220860aaaa8: 5424 7848 | 8984 24a0 | 0000 000f 

  0x00000220860aaab4: ;   {optimized virtual_call}
  0x00000220860aaab4: 1f40 00e8 

  0x00000220860aaab8: ; ImmutableOopMap {[160]=Oop }
                      ;*invokevirtual postDefineClass {reexecute=0 rethrow=0 return_oop=0}
                      ; - java.lang.ClassLoader::defineClass@37
  0x00000220860aaab8: e438 f9ff 

  0x00000220860aaabc: ;   {other}
  0x00000220860aaabc: 0f1f 8400 | ac05 0003 | 488b 8424 | a000 0000 | 4881 c4b0 | 0000 005d 

  0x00000220860aaad4: ;   {poll_return}
  0x00000220860aaad4: 493b a750 | 0400 000f | 8799 0000 

  0x00000220860aaae0: ;   {metadata({method} {0x000002209a434dc8} 'defineClass' '(Ljava/lang/String;[BIILjava/security/ProtectionDomain;)Ljava/lang/Class;' in 'java/lang/ClassLoader')}
  0x00000220860aaae0: 00c3 49ba | c04d 439a | 2002 0000 | 4c89 5424 | 0848 c704 | 24ff ffff 

  0x00000220860aaaf8: ;   {runtime_call counter_overflow Runtime1 stub}
  0x00000220860aaaf8: ffe8 0284 

  0x00000220860aaafc: ; ImmutableOopMap {rdx=Oop r8=Oop r9=Oop rcx=Oop [120]=Oop }
                      ;*synchronization entry
                      ; - java.lang.ClassLoader::defineClass@-1
  0x00000220860aaafc: 3107 e987 

  0x00000220860aab00: ;   {metadata({method} {0x000002209a434ab0} 'defineClassSourceLocation' '(Ljava/security/ProtectionDomain;)Ljava/lang/String;' in 'java/lang/ClassLoader')}
  0x00000220860aab00: fcff ff49 | baa8 4a43 | 9a20 0200 | 004c 8954 | 2408 48c7 | 0424 ffff 

  0x00000220860aab18: ;   {runtime_call counter_overflow Runtime1 stub}
  0x00000220860aab18: ffff e8e1 

  0x00000220860aab1c: ; ImmutableOopMap {rax=Oop [120]=Oop [128]=Oop [136]=Oop [152]=Oop }
                      ;*synchronization entry
                      ; - java.lang.ClassLoader::defineClassSourceLocation@-1
                      ; - java.lang.ClassLoader::defineClass@12
  0x00000220860aab1c: 8331 07e9 | 00fd ffff 

  0x00000220860aab24: ;   {runtime_call throw_null_pointer_exception Runtime1 stub}
  0x00000220860aab24: e8d7 2631 

  0x00000220860aab28: ; ImmutableOopMap {rax=Oop [120]=Oop [128]=Oop [136]=Oop [152]=Oop }
                      ;*invokevirtual getCodeSource {reexecute=0 rethrow=0 return_oop=0}
                      ; - java.lang.ClassLoader::defineClassSourceLocation@1
                      ; - java.lang.ClassLoader::defineClass@12
                      ;   {runtime_call throw_null_pointer_exception Runtime1 stub}
  0x00000220860aab28: 07e8 d226 

  0x00000220860aab2c: ; ImmutableOopMap {rax=Oop r8=Oop [120]=Oop [128]=Oop [136]=Oop [152]=Oop }
                      ;*invokevirtual getLocation {reexecute=0 rethrow=0 return_oop=0}
                      ; - java.lang.ClassLoader::defineClassSourceLocation@12
                      ; - java.lang.ClassLoader::defineClass@12
                      ;   {runtime_call throw_null_pointer_exception Runtime1 stub}
  0x00000220860aab2c: 3107 e8cd 

  0x00000220860aab30: ; ImmutableOopMap {rdx=Oop [120]=Oop [128]=Oop [136]=Oop [152]=Oop }
                      ;*invokevirtual toString {reexecute=0 rethrow=0 return_oop=0}
                      ; - java.lang.ClassLoader::defineClassSourceLocation@22
                      ; - java.lang.ClassLoader::defineClass@12
                      ;   {metadata({method} {0x000002209a01abf0} 'toString' '()Ljava/lang/String;' in 'java/net/URL')}
  0x00000220860aab30: 2631 0749 | bae8 ab01 | 9a20 0200 | 004c 8954 | 2408 48c7 | 0424 ffff 

  0x00000220860aab48: ;   {runtime_call counter_overflow Runtime1 stub}
  0x00000220860aab48: ffff e8b1 

  0x00000220860aab4c: ; ImmutableOopMap {rdx=Oop [120]=Oop [128]=Oop [136]=Oop [152]=Oop }
                      ;*synchronization entry
                      ; - java.net.URL::toString@-1
                      ; - java.lang.ClassLoader::defineClassSourceLocation@22
                      ; - java.lang.ClassLoader::defineClass@12
  0x00000220860aab4c: 8331 07e9 | d7fd ffff 

  0x00000220860aab54: ;   {metadata({method} {0x000002209a428650} 'toExternalForm' '()Ljava/lang/String;' in 'java/net/URL')}
  0x00000220860aab54: 49ba 4886 | 429a 2002 | 0000 4c89 | 5424 0848 | c704 24ff 

  0x00000220860aab68: ;   {runtime_call counter_overflow Runtime1 stub}
  0x00000220860aab68: ffff ffe8 

  0x00000220860aab6c: ; ImmutableOopMap {rdx=Oop [120]=Oop [128]=Oop [136]=Oop [152]=Oop }
                      ;*synchronization entry
                      ; - java.net.URL::toExternalForm@-1
                      ; - java.net.URL::toString@1
                      ; - java.lang.ClassLoader::defineClassSourceLocation@22
                      ; - java.lang.ClassLoader::defineClass@12
  0x00000220860aab6c: 9083 3107 | e9f4 fdff 

  0x00000220860aab74: ;   {runtime_call throw_null_pointer_exception Runtime1 stub}
  0x00000220860aab74: ffe8 8626 

  0x00000220860aab78: ; ImmutableOopMap {rdx=Oop rsi=Oop [120]=Oop [128]=Oop [136]=Oop [152]=Oop }
                      ;*invokevirtual toExternalForm {reexecute=0 rethrow=0 return_oop=0}
                      ; - java.net.URL::toExternalForm@5
                      ; - java.net.URL::toString@1
                      ; - java.lang.ClassLoader::defineClassSourceLocation@22
                      ; - java.lang.ClassLoader::defineClass@12
                      ;   {internal_word}
  0x00000220860aab78: 3107 49ba | d4aa 0a86 | 2002 0000 | 4d89 9768 

  0x00000220860aab88: ;   {runtime_call SafepointBlob}
  0x00000220860aab88: 0400 00e9 | 709f 2607 | 498b 8700 | 0500 0049 | c787 0005 | 0000 0000 | 0000 49c7 | 8708 0500 
  0x00000220860aaba8: 0000 0000 | 0048 81c4 | b000 0000 

  0x00000220860aabb4: ;   {runtime_call unwind_exception Runtime1 stub}
  0x00000220860aabb4: 5de9 4617 | 3107 f4f4 | f4f4 f4f4 
[Stub Code]
  0x00000220860aabc0: ;   {no_reloc}
  0x00000220860aabc0: 0f1f 4400 

  0x00000220860aabc4: ;   {static_stub}
  0x00000220860aabc4: 0048 bb00 | 0000 0000 

  0x00000220860aabcc: ;   {runtime_call nmethod}
  0x00000220860aabcc: 0000 00e9 | fbff ffff 

  0x00000220860aabd4: ;   {static_stub}
  0x00000220860aabd4: 48bb 0000 | 0000 0000 

  0x00000220860aabdc: ;   {runtime_call nmethod}
  0x00000220860aabdc: 0000 e9fb 

  0x00000220860aabe0: ;   {static_stub}
  0x00000220860aabe0: ffff ff48 | bb00 0000 | 0000 0000 

  0x00000220860aabec: ;   {runtime_call nmethod}
  0x00000220860aabec: 00e9 fbff 

  0x00000220860aabf0: ;   {static_stub}
  0x00000220860aabf0: ffff 48bb | 0000 0000 | 0000 0000 

  0x00000220860aabfc: ;   {runtime_call nmethod}
  0x00000220860aabfc: e9fb ffff 

  0x00000220860aac00: ;   {runtime_call handle_exception_from_callee Runtime1 stub}
  0x00000220860aac00: ffe8 fa43 

  0x00000220860aac04: ;   {external_word}
  0x00000220860aac04: 3107 48b9 | 4063 4d80 | fb7f 0000 | 4883 e4f0 

  0x00000220860aac14: ;   {runtime_call}
  0x00000220860aac14: 48b8 d0c4 | 0f80 fb7f | 0000 ffd0 

  0x00000220860aac20: ;   {section_word}
  0x00000220860aac20: f449 ba21 | ac0a 8620 | 0200 0041 

  0x00000220860aac2c: ;   {runtime_call DeoptimizationBlob}
  0x00000220860aac2c: 52e9 6e91 | 2607 f4f4 | f4f4 f4f4 
[/MachCode]


Compiled method (c1) 10351 2340   !   3       org.eclipse.osgi.internal.loader.ModuleClassLoader::defineClass (67 bytes)
 total in heap  [0x00000220861ec910,0x00000220861ed4f0] = 3040
 relocation     [0x00000220861eca70,0x00000220861ecb18] = 168
 main code      [0x00000220861ecb20,0x00000220861ed120] = 1536
 stub code      [0x00000220861ed120,0x00000220861ed190] = 112
 oops           [0x00000220861ed190,0x00000220861ed198] = 8
 metadata       [0x00000220861ed198,0x00000220861ed1d8] = 64
 scopes data    [0x00000220861ed1d8,0x00000220861ed328] = 336
 scopes pcs     [0x00000220861ed328,0x00000220861ed438] = 272
 dependencies   [0x00000220861ed438,0x00000220861ed450] = 24
 handler table  [0x00000220861ed450,0x00000220861ed4c8] = 120
 nul chk table  [0x00000220861ed4c8,0x00000220861ed4f0] = 40

[Constant Pool (empty)]

[MachCode]
[Entry Point]
  # {method} {0x00000220de5dfd38} 'defineClass' '(Ljava/lang/String;[BLorg/eclipse/osgi/internal/loader/classpath/ClasspathEntry;)Lorg/eclipse/osgi/internal/loader/ModuleClassLoader$DefineClassResult;' in 'org/eclipse/osgi/internal/loader/ModuleClassLoader'
  # this:     rdx:rdx   = 'org/eclipse/osgi/internal/loader/ModuleClassLoader'
  # parm0:    r8:r8     = 'java/lang/String'
  # parm1:    r9:r9     = '[B'
  # parm2:    rdi:rdi   = 'org/eclipse/osgi/internal/loader/classpath/ClasspathEntry'
  #           [sp+0xb0]  (sp of caller)
  0x00000220861ecb20: 448b 5208 | 49bb 0000 | 009a 2002 | 0000 4d03 | d34c 3bd0 

  0x00000220861ecb34: ;   {runtime_call ic_miss_stub}
  0x00000220861ecb34: 0f85 4619 | 1207 660f | 1f44 0000 
[Verified Entry Point]
  0x00000220861ecb40: 8984 2400 | 80ff ff55 | 4881 eca0 | 0000 0090 | 4181 7f20 | 0200 0000 

  0x00000220861ecb58: ;   {runtime_call StubRoutines (final stubs)}
  0x00000220861ecb58: 7405 e881 

  0x00000220861ecb5c: ;   {metadata(method data for {method} {0x00000220de5dfd38} 'defineClass' '(Ljava/lang/String;[BLorg/eclipse/osgi/internal/loader/classpath/ClasspathEntry;)Lorg/eclipse/osgi/internal/loader/ModuleClassLoader$DefineClassResult;' in 'org/eclipse/osgi/internal/loader/ModuleClassLoader')}
  0x00000220861ecb5c: be10 0748 | bef8 cfaf | de20 0200 | 008b 9ecc | 0000 0083 | c302 899e | cc00 0000 | 81e3 fe07 
  0x00000220861ecb7c: 0000 85db | 0f84 5304 | 0000 4889 | 7c24 704c | 894c 2468 

  0x00000220861ecb90: ;   {metadata(method data for {method} {0x00000220de5dfd38} 'defineClass' '(Ljava/lang/String;[BLorg/eclipse/osgi/internal/loader/classpath/ClasspathEntry;)Lorg/eclipse/osgi/internal/loader/ModuleClassLoader$DefineClassResult;' in 'org/eclipse/osgi/internal/loader/ModuleClassLoader')}
  0x00000220861ecb90: 488b f248 | bbf8 cfaf | de20 0200 | 008b 7608 | 49ba 0000 | 009a 2002 | 0000 4903 | f248 3bb3 
  0x00000220861ecbb0: 2001 0000 | 750d 4883 | 8328 0100 | 0001 e960 | 0000 0048 | 3bb3 3001 | 0000 750d | 4883 8338 
  0x00000220861ecbd0: 0100 0001 | e94a 0000 | 0048 83bb | 2001 0000 | 0075 1748 | 89b3 2001 | 0000 48c7 | 8328 0100 
  0x00000220861ecbf0: 0001 0000 | 00e9 2900 | 0000 4883 | bb30 0100 | 0000 7517 | 4889 b330 | 0100 0048 | c783 3801 
  0x00000220861ecc10: 0000 0100 | 0000 e908 | 0000 0048 | 8383 1001 

  0x00000220861ecc20: ;   {metadata(method data for {method} {0x00000220de6249f0} 'getClassLoadingLock' '(Ljava/lang/String;)Ljava/lang/Object;' in 'org/eclipse/osgi/internal/loader/ModuleClassLoader')}
  0x00000220861ecc20: 0000 0148 | be58 b07b | de20 0200 | 008b 9ecc | 0000 0083 | c302 899e | cc00 0000 | 81e3 feff 
  0x00000220861ecc40: 1f00 85db | 0f84 b003 | 0000 8b72 | 5048 3b06 

  0x00000220861ecc50: ;   {metadata(method data for {method} {0x00000220de6249f0} 'getClassLoadingLock' '(Ljava/lang/String;)Ljava/lang/Object;' in 'org/eclipse/osgi/internal/loader/ModuleClassLoader')}
  0x00000220861ecc50: 488b de48 | b858 b07b | de20 0200 | 0048 8380 | 1001 0000 | 0149 8bd8 | 4c8b c348 | 8954 2458 
  0x00000220861ecc70: 488b d648 | 895c 2460 | 0f1f 8000 

  0x00000220861ecc7c: ;   {optimized virtual_call}
  0x00000220861ecc7c: 0000 00e8 

  0x00000220861ecc80: ; ImmutableOopMap {[88]=Oop [96]=Oop [104]=Oop [112]=Oop }
                      ;*invokevirtual getLock {reexecute=0 rethrow=0 return_oop=0}
                      ; - org.eclipse.osgi.internal.loader.ModuleClassLoader::getClassLoadingLock@5 (line 437)
                      ; - org.eclipse.osgi.internal.loader.ModuleClassLoader::defineClass@8 (line 312)
  0x00000220861ecc80: 7cc8 f0ff 

  0x00000220861ecc84: ;   {other}
  0x00000220861ecc84: 0f1f 8400 | 7403 0000 | 4889 4424 | 7848 8d94 | 2480 0000 | 0048 8bf0 | 4889 7208 

  0x00000220861ecca0: ; implicit exception: dispatches to 0x00000220861ed020
  0x00000220861ecca0: 488b 0648 | 83c8 0148 | 8902 f048 | 0fb1 160f | 8412 0000 | 0048 2bc4 | 4825 07f0 | ffff 4889 
  0x00000220861eccc0: 020f 855e | 0300 0049 | ff87 5005 | 0000 488b 

  0x00000220861eccd0: ;   {metadata(method data for {method} {0x00000220de5dfd38} 'defineClass' '(Ljava/lang/String;[BLorg/eclipse/osgi/internal/loader/classpath/ClasspathEntry;)Lorg/eclipse/osgi/internal/loader/ModuleClassLoader$DefineClassResult;' in 'org/eclipse/osgi/internal/loader/ModuleClassLoader')}
  0x00000220861eccd0: 5424 5848 | bef8 cfaf | de20 0200 | 0048 8386 | 4801 0000 

  0x00000220861ecce4: ;   {metadata(method data for {method} {0x000002209a434ed0} 'findLoadedClass' '(Ljava/lang/String;)Ljava/lang/Class;' in 'java/lang/ClassLoader')}
  0x00000220861ecce4: 0148 ba70 | dc23 de20 | 0200 008b | b2cc 0000 | 0083 c602 | 89b2 cc00 | 0000 81e6 | feff 1f00 
  0x00000220861ecd04: 85f6 0f84 | 2c03 0000 

  0x00000220861ecd0c: ;   {metadata(method data for {method} {0x000002209a434ed0} 'findLoadedClass' '(Ljava/lang/String;)Ljava/lang/Class;' in 'java/lang/ClassLoader')}
  0x00000220861ecd0c: 48ba 70dc | 23de 2002 | 0000 4883 | 8210 0100 | 0001 488b | 5424 600f 

  0x00000220861ecd24: ;   {static_call}
  0x00000220861ecd24: 1f40 00e8 

  0x00000220861ecd28: ; ImmutableOopMap {[88]=Oop [96]=Oop [104]=Oop [112]=Oop [120]=Oop [136]=Oop }
                      ;*invokestatic checkName {reexecute=0 rethrow=0 return_oop=0}
                      ; - java.lang.ClassLoader::findLoadedClass@1
                      ; - org.eclipse.osgi.internal.loader.ModuleClassLoader::defineClass@17 (line 313)
  0x00000220861ecd28: 14d6 7507 

  0x00000220861ecd2c: ;   {other}
  0x00000220861ecd2c: 0f1f 8400 | 1c04 0001 

  0x00000220861ecd34: ;   {metadata(method data for {method} {0x000002209a434ed0} 'findLoadedClass' '(Ljava/lang/String;)Ljava/lang/Class;' in 'java/lang/ClassLoader')}
  0x00000220861ecd34: 85c0 49b8 | 70dc 23de | 2002 0000 | 48c7 c220 | 0100 0075 | 0748 c7c2 | 3001 0000 | 498b 3410 
  0x00000220861ecd54: 488d 7601 | 4989 3410 | 0f85 0f00 

  0x00000220861ecd60: ;   {oop(nullptr)}
  0x00000220861ecd60: 0000 48be | 0000 0000 | 0000 0000 | e936 0000 | 0048 8b54 

  0x00000220861ecd74: ;   {metadata(method data for {method} {0x000002209a434ed0} 'findLoadedClass' '(Ljava/lang/String;)Ljava/lang/Class;' in 'java/lang/ClassLoader')}
  0x00000220861ecd74: 2458 49b8 | 70dc 23de | 2002 0000 | 4983 8040 | 0100 0001 | 4c8b 4424 | 6048 8b54 | 2458 0f1f 
  0x00000220861ecd94: ;   {optimized virtual_call}
  0x00000220861ecd94: 4400 00e8 

  0x00000220861ecd98: ; ImmutableOopMap {[88]=Oop [96]=Oop [104]=Oop [112]=Oop [120]=Oop [136]=Oop }
                      ;*invokevirtual findLoadedClass0 {reexecute=0 rethrow=0 return_oop=0}
                      ; - java.lang.ClassLoader::findLoadedClass@11
                      ; - org.eclipse.osgi.internal.loader.ModuleClassLoader::defineClass@17 (line 313)
  0x00000220861ecd98: a472 6907 

  0x00000220861ecd9c: ;   {other}
  0x00000220861ecd9c: 0f1f 8400 | 8c04 0002 | 488b f048 

  0x00000220861ecda8: ;   {metadata(method data for {method} {0x00000220de5dfd38} 'defineClass' '(Ljava/lang/String;[BLorg/eclipse/osgi/internal/loader/classpath/ClasspathEntry;)Lorg/eclipse/osgi/internal/loader/ModuleClassLoader$DefineClassResult;' in 'org/eclipse/osgi/internal/loader/ModuleClassLoader')}
  0x00000220861ecda8: 85f6 49b8 | f8cf afde | 2002 0000 | 49c7 c190 | 0100 0074 | 0749 c7c1 | 8001 0000 | 4b8b 3c08 
  0x00000220861ecdc8: 488d 7f01 | 4b89 3c08 | 0f84 0e00 | 0000 488b | de41 b800 | 0000 00e9 | 6900 0000 | 488b 7c24 
  0x00000220861ecde8: 704c 8b4c | 2468 4c8b | 4424 6048 | 8b54 2458 

  0x00000220861ecdf8: ; implicit exception: dispatches to 0x00000220861ed059
  0x00000220861ecdf8: 418b 710c 

  0x00000220861ecdfc: ; implicit exception: dispatches to 0x00000220861ed05e
  0x00000220861ecdfc: 483b 0748 

  0x00000220861ece00: ;   {metadata(method data for {method} {0x00000220de5dfd38} 'defineClass' '(Ljava/lang/String;[BLorg/eclipse/osgi/internal/loader/classpath/ClasspathEntry;)Lorg/eclipse/osgi/internal/loader/ModuleClassLoader$DefineClassResult;' in 'org/eclipse/osgi/internal/loader/ModuleClassLoader')}
  0x00000220861ece00: 8bcf 48bb | f8cf afde | 2002 0000 | 4883 83b8 | 0100 0001 | 8b4f 1048 

  0x00000220861ece18: ;   {metadata(method data for {method} {0x00000220de5dfd38} 'defineClass' '(Ljava/lang/String;[BLorg/eclipse/osgi/internal/loader/classpath/ClasspathEntry;)Lorg/eclipse/osgi/internal/loader/ModuleClassLoader$DefineClassResult;' in 'org/eclipse/osgi/internal/loader/ModuleClassLoader')}
  0x00000220861ece18: 8bfa 48bb | f8cf afde | 2002 0000 | 4883 83d8 | 0100 0001 | bf00 0000 | 0066 0f1f 

  0x00000220861ece34: ;   {optimized virtual_call}
  0x00000220861ece34: 4400 00e8 

  0x00000220861ece38: ; ImmutableOopMap {[120]=Oop [136]=Oop }
                      ;*invokevirtual defineClass {reexecute=0 rethrow=0 return_oop=0}
                      ; - org.eclipse.osgi.internal.loader.ModuleClassLoader::defineClass@37 (line 315)
  0x00000220861ece38: 04d9 ebff 

  0x00000220861ece3c: ;   {other}
  0x00000220861ece3c: 0f1f 8400 | 2c05 0003 | 488b d841 | b801 0000 | 0048 8d84 | 2480 0000 | 0048 8b10 | 4885 d20f 
  0x00000220861ece5c: 840f 0000 | 0048 8b70 | 08f0 480f | b116 0f85 | f301 0000 | 49ff 8f50 

  0x00000220861ece74: ;   {metadata(method data for {method} {0x00000220de5dfd38} 'defineClass' '(Ljava/lang/String;[BLorg/eclipse/osgi/internal/loader/classpath/ClasspathEntry;)Lorg/eclipse/osgi/internal/loader/ModuleClassLoader$DefineClassResult;' in 'org/eclipse/osgi/internal/loader/ModuleClassLoader')}
  0x00000220861ece74: 0500 0048 | baf8 cfaf | de20 0200 | 00ff 8210 

  0x00000220861ece84: ;   {metadata('org/eclipse/osgi/internal/loader/ModuleClassLoader$DefineClassResult')}
  0x00000220861ece84: 0200 0048 | ba08 9e11 | 9b20 0200 | 0049 8b87 | b801 0000 | 488d 7818 | 493b bfc8 | 0100 000f 
  0x00000220861ecea4: 87d0 0100 | 0049 89bf | b801 0000 | 48c7 0001 | 0000 0048 | 8bca 49ba | 0000 009a | 2002 0000 
  0x00000220861ecec4: 492b ca89 | 4808 4833 | c989 480c | 4833 c948 | 8948 1048 

  0x00000220861eced8: ;   {metadata(method data for {method} {0x00000220de5dfd38} 'defineClass' '(Ljava/lang/String;[BLorg/eclipse/osgi/internal/loader/classpath/ClasspathEntry;)Lorg/eclipse/osgi/internal/loader/ModuleClassLoader$DefineClassResult;' in 'org/eclipse/osgi/internal/loader/ModuleClassLoader')}
  0x00000220861eced8: 8bf0 48bf | f8cf afde | 2002 0000 | 4883 8728 | 0200 0001 

  0x00000220861eceec: ;   {metadata(method data for {method} {0x00000220de73e240} '<init>' '(Ljava/lang/Class;Z)V' in 'org/eclipse/osgi/internal/loader/ModuleClassLoader$DefineClassResult')}
  0x00000220861eceec: 48be b8a3 | b6de 2002 | 0000 8bbe | cc00 0000 | 83c7 0289 | becc 0000 | 0081 e7fe | ff1f 0085 
  0x00000220861ecf0c: ff0f 8473 | 0100 0048 

  0x00000220861ecf14: ;   {metadata(method data for {method} {0x00000220de73e240} '<init>' '(Ljava/lang/Class;Z)V' in 'org/eclipse/osgi/internal/loader/ModuleClassLoader$DefineClassResult')}
  0x00000220861ecf14: 8bf0 48bf | b8a3 b6de | 2002 0000 | 4883 8710 | 0100 0001 

  0x00000220861ecf28: ;   {metadata(method data for {method} {0x000002209a4748b8} '<init>' '()V' in 'java/lang/Object')}
  0x00000220861ecf28: 48be 9067 | 00de 2002 | 0000 8bbe | cc00 0000 | 83c7 0289 | becc 0000 | 0081 e7fe | ff1f 0085 
  0x00000220861ecf48: ff0f 8458 | 0100 004c | 8bd3 4489 | 5010 488d | 3048 c1ee | 0948 bf00 | 00b7 9420 | 0200 00c6 
  0x00000220861ecf68: 043e 0041 | 83e0 0144 | 8840 0c48 | 81c4 a000 

  0x00000220861ecf78: ;   {poll_return}
  0x00000220861ecf78: 0000 5d49 | 3ba7 5004 | 0000 0f87 | 4001 0000 | c349 8b87 | 0005 0000 | 4d33 d24d | 8997 0005 
  0x00000220861ecf98: 0000 4d33 | d24d 8997 | 0805 0000 | 488b f048 | 8d84 2480 | 0000 0048 | 8b38 4885 | ff0f 840f 
  0x00000220861ecfb8: 0000 0048 | 8b58 08f0 | 480f b13b | 0f85 1401 | 0000 49ff | 8f50 0500 | 0048 8bc6 | e938 0100 
  0x00000220861ecfd8: ;   {metadata({method} {0x00000220de5dfd38} 'defineClass' '(Ljava/lang/String;[BLorg/eclipse/osgi/internal/loader/classpath/ClasspathEntry;)Lorg/eclipse/osgi/internal/loader/ModuleClassLoader$DefineClassResult;' in 'org/eclipse/osgi/internal/loader/ModuleClassLoader')}
  0x00000220861ecfd8: 0049 ba30 | fd5d de20 | 0200 004c | 8954 2408 | 48c7 0424 | ffff ffff 

  0x00000220861ecff0: ;   {runtime_call counter_overflow Runtime1 stub}
  0x00000220861ecff0: e80b 5f1d 

  0x00000220861ecff4: ; ImmutableOopMap {rdx=Oop r8=Oop r9=Oop rdi=Oop }
                      ;*synchronization entry
                      ; - org.eclipse.osgi.internal.loader.ModuleClassLoader::defineClass@-1 (line 310)
  0x00000220861ecff4: 07e9 8cfb 

  0x00000220861ecff8: ;   {metadata({method} {0x00000220de6249f0} 'getClassLoadingLock' '(Ljava/lang/String;)Ljava/lang/Object;' in 'org/eclipse/osgi/internal/loader/ModuleClassLoader')}
  0x00000220861ecff8: ffff 49ba | e849 62de | 2002 0000 | 4c89 5424 | 0848 c704 | 24ff ffff 

  0x00000220861ed010: ;   {runtime_call counter_overflow Runtime1 stub}
  0x00000220861ed010: ffe8 ea5e 

  0x00000220861ed014: ; ImmutableOopMap {rdx=Oop r8=Oop [104]=Oop [112]=Oop }
                      ;*synchronization entry
                      ; - org.eclipse.osgi.internal.loader.ModuleClassLoader::getClassLoadingLock@-1 (line 437)
                      ; - org.eclipse.osgi.internal.loader.ModuleClassLoader::defineClass@8 (line 312)
  0x00000220861ed014: 1d07 e92f 

  0x00000220861ed018: ;   {runtime_call throw_null_pointer_exception Runtime1 stub}
  0x00000220861ed018: fcff ffe8 

  0x00000220861ed01c: ; ImmutableOopMap {rdx=Oop r8=Oop rsi=Oop [104]=Oop [112]=Oop }
                      ;*invokevirtual getLock {reexecute=0 rethrow=0 return_oop=0}
                      ; - org.eclipse.osgi.internal.loader.ModuleClassLoader::getClassLoadingLock@5 (line 437)
                      ; - org.eclipse.osgi.internal.loader.ModuleClassLoader::defineClass@8 (line 312)
  0x00000220861ed01c: e001 1d07 

  0x00000220861ed020: ;   {runtime_call throw_null_pointer_exception Runtime1 stub}
  0x00000220861ed020: e8db 011d 

  0x00000220861ed024: ; ImmutableOopMap {rsi=Oop [88]=Oop [96]=Oop [104]=Oop [112]=Oop [120]=Oop }
                      ;*monitorenter {reexecute=0 rethrow=0 return_oop=0}
                      ; - org.eclipse.osgi.internal.loader.ModuleClassLoader::defineClass@14 (line 312)
  0x00000220861ed024: 0748 8974 | 2408 4889 

  0x00000220861ed02c: ;   {runtime_call monitorenter_nofpu Runtime1 stub}
  0x00000220861ed02c: 1424 e8cd 

  0x00000220861ed030: ; ImmutableOopMap {rsi=Oop [88]=Oop [96]=Oop [104]=Oop [112]=Oop [120]=Oop [136]=Oop }
                      ;*monitorenter {reexecute=0 rethrow=0 return_oop=0}
                      ; - org.eclipse.osgi.internal.loader.ModuleClassLoader::defineClass@14 (line 312)
  0x00000220861ed030: 371d 07e9 | 96fc ffff 

  0x00000220861ed038: ;   {metadata({method} {0x000002209a434ed0} 'findLoadedClass' '(Ljava/lang/String;)Ljava/lang/Class;' in 'java/lang/ClassLoader')}
  0x00000220861ed038: 49ba c84e | 439a 2002 | 0000 4c89 | 5424 0848 | c704 24ff 

  0x00000220861ed04c: ;   {runtime_call counter_overflow Runtime1 stub}
  0x00000220861ed04c: ffff ffe8 

  0x00000220861ed050: ; ImmutableOopMap {[88]=Oop [96]=Oop [104]=Oop [112]=Oop [120]=Oop [136]=Oop }
                      ;*synchronization entry
                      ; - java.lang.ClassLoader::findLoadedClass@-1
                      ; - org.eclipse.osgi.internal.loader.ModuleClassLoader::defineClass@17 (line 313)
  0x00000220861ed050: ac5e 1d07 | e9b3 fcff 

  0x00000220861ed058: ;   {runtime_call throw_null_pointer_exception Runtime1 stub}
  0x00000220861ed058: ffe8 a201 

  0x00000220861ed05c: ; ImmutableOopMap {rdx=Oop r8=Oop r9=Oop rdi=Oop [120]=Oop [136]=Oop }
                      ;*arraylength {reexecute=0 rethrow=0 return_oop=0}
                      ; - org.eclipse.osgi.internal.loader.ModuleClassLoader::defineClass@32 (line 315)
                      ;   {runtime_call throw_null_pointer_exception Runtime1 stub}
  0x00000220861ed05c: 1d07 e89d 

  0x00000220861ed060: ; ImmutableOopMap {rdx=Oop r8=Oop r9=Oop rdi=Oop [120]=Oop [136]=Oop }
                      ;*invokevirtual getDomain {reexecute=0 rethrow=0 return_oop=0}
                      ; - org.eclipse.osgi.internal.loader.ModuleClassLoader::defineClass@34 (line 315)
  0x00000220861ed060: 011d 0748 | 8d84 2480 | 0000 0048 

  0x00000220861ed06c: ;   {runtime_call monitorexit_nofpu Runtime1 stub}
  0x00000220861ed06c: 8904 24e8 | 8c3d 1d07 | e9fe fdff | ff48 8bd2 

  0x00000220861ed07c: ;   {runtime_call fast_new_instance Runtime1 stub}
  0x00000220861ed07c: e87f 0a1d 

  0x00000220861ed080: ; ImmutableOopMap {rbx=Oop }
                      ;*new {reexecute=0 rethrow=0 return_oop=0}
                      ; - org.eclipse.osgi.internal.loader.ModuleClassLoader::defineClass@55 (line 319)
  0x00000220861ed080: 07e9 51fe 

  0x00000220861ed084: ;   {metadata({method} {0x00000220de73e240} '<init>' '(Ljava/lang/Class;Z)V' in 'org/eclipse/osgi/internal/loader/ModuleClassLoader$DefineClassResult')}
  0x00000220861ed084: ffff 49ba | 38e2 73de | 2002 0000 | 4c89 5424 | 0848 c704 | 24ff ffff 

  0x00000220861ed09c: ;   {runtime_call counter_overflow Runtime1 stub}
  0x00000220861ed09c: ffe8 5e5e 

  0x00000220861ed0a0: ; ImmutableOopMap {rbx=Oop rax=Oop }
                      ;*synchronization entry
                      ; - org.eclipse.osgi.internal.loader.ModuleClassLoader$DefineClassResult::<init>@-1 (line 96)
                      ; - org.eclipse.osgi.internal.loader.ModuleClassLoader::defineClass@63 (line 319)
  0x00000220861ed0a0: 1d07 e96c 

  0x00000220861ed0a4: ;   {metadata({method} {0x000002209a4748b8} '<init>' '()V' in 'java/lang/Object')}
  0x00000220861ed0a4: feff ff49 | bab0 4847 | 9a20 0200 | 004c 8954 | 2408 48c7 | 0424 ffff 

  0x00000220861ed0bc: ;   {runtime_call counter_overflow Runtime1 stub}
  0x00000220861ed0bc: ffff e83d 

  0x00000220861ed0c0: ; ImmutableOopMap {rbx=Oop rax=Oop }
                      ;*synchronization entry
                      ; - java.lang.Object::<init>@-1
                      ; - org.eclipse.osgi.internal.loader.ModuleClassLoader$DefineClassResult::<init>@1 (line 96)
                      ; - org.eclipse.osgi.internal.loader.ModuleClassLoader::defineClass@63 (line 319)
  0x00000220861ed0c0: 5e1d 07e9 | 87fe ffff 

  0x00000220861ed0c8: ;   {internal_word}
  0x00000220861ed0c8: 49ba 7bcf | 1e86 2002 | 0000 4d89 | 9768 0400 

  0x00000220861ed0d8: ;   {runtime_call SafepointBlob}
  0x00000220861ed0d8: 00e9 227a | 1207 488d | 8424 8000 | 0000 4889 

  0x00000220861ed0e8: ;   {runtime_call monitorexit_nofpu Runtime1 stub}
  0x00000220861ed0e8: 0424 e811 | 3d1d 07e9 | ddfe ffff | 498b 8700 | 0500 0049 | c787 0005 | 0000 0000 | 0000 49c7 
  0x00000220861ed108: 8708 0500 | 0000 0000 | 0048 81c4 | a000 0000 

  0x00000220861ed118: ;   {runtime_call unwind_exception Runtime1 stub}
  0x00000220861ed118: 5de9 e2f1 | 1c07 f4f4 
[Stub Code]
  0x00000220861ed120: ;   {no_reloc}
  0x00000220861ed120: 48bb 0000 | 0000 0000 

  0x00000220861ed128: ;   {runtime_call nmethod}
  0x00000220861ed128: 0000 e9fb 

  0x00000220861ed12c: ;   {static_stub}
  0x00000220861ed12c: ffff ff48 | bb00 0000 | 0000 0000 

  0x00000220861ed138: ;   {runtime_call nmethod}
  0x00000220861ed138: 00e9 fbff 

  0x00000220861ed13c: ;   {static_stub}
  0x00000220861ed13c: ffff 48bb | 0000 0000 | 0000 0000 

  0x00000220861ed148: ;   {runtime_call nmethod}
  0x00000220861ed148: e9fb ffff 

  0x00000220861ed14c: ;   {static_stub}
  0x00000220861ed14c: ff48 bb00 | 0000 0000 

  0x00000220861ed154: ;   {runtime_call nmethod}
  0x00000220861ed154: 0000 00e9 | fbff ffff 
[Exception Handler]
  0x00000220861ed15c: ;   {runtime_call handle_exception_from_callee Runtime1 stub}
  0x00000220861ed15c: e89f 1e1d 

  0x00000220861ed160: ;   {external_word}
  0x00000220861ed160: 0748 b940 | 634d 80fb | 7f00 0048 

  0x00000220861ed16c: ;   {runtime_call}
  0x00000220861ed16c: 83e4 f048 | b8d0 c40f | 80fb 7f00 | 00ff d0f4 
[Deopt Handler Code]
  0x00000220861ed17c: ;   {section_word}
  0x00000220861ed17c: 49ba 7cd1 | 1e86 2002 | 0000 4152 

  0x00000220861ed188: ;   {runtime_call DeoptimizationBlob}
  0x00000220861ed188: e913 6c12 | 07f4 f4f4 
[/MachCode]


---------------  P R O C E S S  ---------------

Threads class SMR info:
_java_thread_list=0x00000220e2560f20, length=19, elements={
0x0000022080fe2370, 0x0000022099c55860, 0x0000022099c58450, 0x00000220dc144e10,
0x00000220dc144780, 0x00000220dc1454a0, 0x00000220dc142020, 0x00000220dc155cf0,
0x00000220dc15f930, 0x00000220dc142d40, 0x00000220dc1433d0, 0x00000220dc143a60,
0x00000220dc1426b0, 0x00000220dc1440f0, 0x00000220dd661170, 0x00000220dd661e90,
0x00000220dd662bb0, 0x00000220dd662520, 0x00000220dd663240
}

Java Threads: ( => current thread )
  0x0000022080fe2370 JavaThread "main"                              [_thread_blocked, id=23388, stack(0x000000f3b0b00000,0x000000f3b0c00000) (1024K)]
  0x0000022099c55860 JavaThread "Reference Handler"          daemon [_thread_blocked, id=18068, stack(0x000000f3b0f00000,0x000000f3b1000000) (1024K)]
  0x0000022099c58450 JavaThread "Finalizer"                  daemon [_thread_blocked, id=7452, stack(0x000000f3b1000000,0x000000f3b1100000) (1024K)]
  0x00000220dc144e10 JavaThread "Signal Dispatcher"          daemon [_thread_blocked, id=12004, stack(0x000000f3b1100000,0x000000f3b1200000) (1024K)]
  0x00000220dc144780 JavaThread "Attach Listener"            daemon [_thread_blocked, id=20400, stack(0x000000f3b1200000,0x000000f3b1300000) (1024K)]
  0x00000220dc1454a0 JavaThread "Service Thread"             daemon [_thread_blocked, id=23752, stack(0x000000f3b1300000,0x000000f3b1400000) (1024K)]
  0x00000220dc142020 JavaThread "Monitor Deflation Thread"   daemon [_thread_blocked, id=13552, stack(0x000000f3b1400000,0x000000f3b1500000) (1024K)]
  0x00000220dc155cf0 JavaThread "C2 CompilerThread0"         daemon [_thread_blocked, id=12644, stack(0x000000f3b1500000,0x000000f3b1600000) (1024K)]
  0x00000220dc15f930 JavaThread "C1 CompilerThread0"         daemon [_thread_blocked, id=23748, stack(0x000000f3b1600000,0x000000f3b1700000) (1024K)]
  0x00000220dc142d40 JavaThread "Common-Cleaner"             daemon [_thread_blocked, id=19108, stack(0x000000f3b1700000,0x000000f3b1800000) (1024K)]
  0x00000220dc1433d0 JavaThread "Notification Thread"        daemon [_thread_blocked, id=27184, stack(0x000000f3b1900000,0x000000f3b1a00000) (1024K)]
  0x00000220dc143a60 JavaThread "Active Thread: Equinox Container: 7f3d27f8-5e1c-4b14-b2e5-995018c93ba0"        [_thread_blocked, id=18036, stack(0x000000f3b2100000,0x000000f3b2200000) (1024K)]
  0x00000220dc1426b0 JavaThread "Framework Event Dispatcher: Equinox Container: 7f3d27f8-5e1c-4b14-b2e5-995018c93ba0" daemon [_thread_blocked, id=1648, stack(0x000000f3b2200000,0x000000f3b2300000) (1024K)]
=>0x00000220dc1440f0 JavaThread "Start Level: Equinox Container: 7f3d27f8-5e1c-4b14-b2e5-995018c93ba0" daemon [_thread_in_vm, id=22460, stack(0x000000f3b2300000,0x000000f3b2400000) (1024K)]
  0x00000220dd661170 JavaThread "SCR Component Actor"        daemon [_thread_blocked, id=6356, stack(0x000000f3b2500000,0x000000f3b2600000) (1024K)]
  0x00000220dd661e90 JavaThread "Worker-JM"                         [_thread_blocked, id=22028, stack(0x000000f3b2600000,0x000000f3b2700000) (1024K)]
  0x00000220dd662bb0 JavaThread "JNA Cleaner"                daemon [_thread_blocked, id=6492, stack(0x000000f3b1a00000,0x000000f3b1b00000) (1024K)]
  0x00000220dd662520 JavaThread "Worker-0"                          [_thread_blocked, id=27012, stack(0x000000f3b2900000,0x000000f3b2a00000) (1024K)]
  0x00000220dd663240 JavaThread "Worker-1"                          [_thread_blocked, id=17328, stack(0x000000f3b2a00000,0x000000f3b2b00000) (1024K)]
Total: 19

Other Threads:
  0x0000022099c44c20 VMThread "VM Thread"                           [id=21340, stack(0x000000f3b0e00000,0x000000f3b0f00000) (1024K)] _threads_hazard_ptr=0x00000220e2560f20
  0x0000022099b3ca00 WatcherThread "VM Periodic Task Thread"        [id=20264, stack(0x000000f3b0d00000,0x000000f3b0e00000) (1024K)]
  0x00000220814a3bd0 WorkerThread "GC Thread#0"                     [id=11920, stack(0x000000f3b0c00000,0x000000f3b0d00000) (1024K)]
  0x00000220dd71b480 WorkerThread "GC Thread#1"                     [id=16772, stack(0x000000f3b1b00000,0x000000f3b1c00000) (1024K)]
  0x00000220dd715c30 WorkerThread "GC Thread#2"                     [id=3148, stack(0x000000f3b1c00000,0x000000f3b1d00000) (1024K)]
  0x00000220dd71b830 WorkerThread "GC Thread#3"                     [id=15768, stack(0x000000f3b1d00000,0x000000f3b1e00000) (1024K)]
  0x00000220e207f9a0 WorkerThread "GC Thread#4"                     [id=4780, stack(0x000000f3b1e00000,0x000000f3b1f00000) (1024K)]
  0x00000220dd0d40a0 WorkerThread "GC Thread#5"                     [id=4092, stack(0x000000f3b1f00000,0x000000f3b2000000) (1024K)]
  0x00000220dd0d4450 WorkerThread "GC Thread#6"                     [id=1560, stack(0x000000f3b2000000,0x000000f3b2100000) (1024K)]
  0x00000220e23f9db0 WorkerThread "GC Thread#7"                     [id=19012, stack(0x000000f3b2400000,0x000000f3b2500000) (1024K)]
  0x00000220e2236340 WorkerThread "GC Thread#8"                     [id=15052, stack(0x000000f3b2700000,0x000000f3b2800000) (1024K)]
  0x00000220e20a0640 WorkerThread "GC Thread#9"                     [id=19528, stack(0x000000f3b2800000,0x000000f3b2900000) (1024K)]
Total: 12

Threads with active compile tasks:
Total: 0

VM state: synchronizing (normal execution)

VM Mutex/Monitor currently owned by a thread:  ([mutex/lock_event])
[0x00007ffb8078d4f0] Metaspace_lock - owner thread: 0x00000220dc1440f0
[0x00007ffb8078f570] Threads_lock - owner thread: 0x0000022099c44c20

Heap address: 0x0000000080000000, size: 2048 MB, Compressed Oops mode: 32-bit

CDS archive(s) mapped at: [0x000002209a000000-0x000002209aba0000-0x000002209aba0000), size 12189696, SharedBaseAddress: 0x000002209a000000, ArchiveRelocationMode: 1.
Compressed class space mapped at: 0x000002209b000000-0x00000220db000000, reserved size: 1073741824
Narrow klass base: 0x000002209a000000, Narrow klass shift: 0, Narrow klass range: 0x100000000

GC Precious Log:
 CardTable entry size: 512
 CPUs: 12 total, 12 available
 Memory: 15178M
 Large Page Support: Disabled
 NUMA Support: Disabled
 Compressed Oops: Enabled (32-bit)
 Alignments: Space 512K, Generation 512K, Heap 2M
 Heap Min Capacity: 100M
 Heap Initial Capacity: 100M
 Heap Max Capacity: 2G
 Pre-touch: Disabled
 Parallel Workers: 10

Heap:
 PSYoungGen      total 27136K, used 15387K [0x00000000d5580000, 0x00000000d7480000, 0x0000000100000000)
  eden space 24576K, 52% used [0x00000000d5580000,0x00000000d6224ca0,0x00000000d6d80000)
  from space 2560K, 95% used [0x00000000d6e80000,0x00000000d70e22b0,0x00000000d7100000)
  to   space 3584K, 0% used [0x00000000d7100000,0x00000000d7100000,0x00000000d7480000)
 ParOldGen       total 68608K, used 8830K [0x0000000080000000, 0x0000000084300000, 0x00000000d5580000)
  object space 68608K, 12% used [0x0000000080000000,0x000000008089f8b0,0x0000000084300000)
 Metaspace       used 25138K, committed 25856K, reserved 1114112K
  class space    used 2449K, committed 2816K, reserved 1048576K

Card table byte_map: [0x0000022094f70000,0x0000022095380000] _byte_map_base: 0x0000022094b70000

Marking Bits: (ParMarkBitMap*) 0x00007ffb80794460
 Begin Bits: [0x0000022095630000, 0x0000022097630000)
 End Bits:   [0x0000022097630000, 0x0000022099630000)

Polling page: 0x0000022080f90000

Metaspace:

Usage:
  Non-class:     22.16 MB used.
      Class:      2.39 MB used.
       Both:     24.55 MB used.

Virtual space:
  Non-class space:       64.00 MB reserved,      22.50 MB ( 35%) committed,  1 nodes.
      Class space:        1.00 GB reserved,       2.75 MB ( <1%) committed,  1 nodes.
             Both:        1.06 GB reserved,      25.25 MB (  2%) committed. 

Chunk freelists:
   Non-Class:  9.42 MB
       Class:  13.18 MB
        Both:  22.60 MB

MaxMetaspaceSize: unlimited
CompressedClassSpaceSize: 1.00 GB
Initial GC threshold: 21.00 MB
Current GC threshold: 35.00 MB
CDS: on
 - commit_granule_bytes: 65536.
 - commit_granule_words: 8192.
 - virtual_space_node_default_size: 8388608.
 - enlarge_chunks_in_place: 1.
 - use_allocation_guard: 0.


Internal statistics:

num_allocs_failed_limit: 3.
num_arena_births: 534.
num_arena_deaths: 14.
num_vsnodes_births: 2.
num_vsnodes_deaths: 0.
num_space_committed: 404.
num_space_uncommitted: 0.
num_chunks_returned_to_freelist: 17.
num_chunks_taken_from_freelist: 1458.
num_chunk_merges: 9.
num_chunk_splits: 949.
num_chunks_enlarged: 630.
num_inconsistent_stats: 0.

CodeHeap 'non-profiled nmethods': size=120000Kb used=1472Kb max_used=1472Kb free=118527Kb
 bounds [0x000002208d860000, 0x000002208dad0000, 0x0000022094d90000]
CodeHeap 'profiled nmethods': size=120000Kb used=6112Kb max_used=6112Kb free=113887Kb
 bounds [0x0000022085d90000, 0x0000022086390000, 0x000002208d2c0000]
CodeHeap 'non-nmethods': size=5760Kb used=1329Kb max_used=1380Kb free=4430Kb
 bounds [0x000002208d2c0000, 0x000002208d530000, 0x000002208d860000]
CodeCache: size=245760Kb, used=8913Kb, max_used=8964Kb, free=236844Kb
 total_blobs=3727, nmethods=3110, adapters=523, full_count=0
Compilation: enabled, stopped_count=0, restarted_count=0

Compilation events (20 events):
Event: 7.232 Thread 0x00000220dc155cf0 3103       4       java.util.concurrent.locks.ReentrantLock$Sync::tryRelease (51 bytes)
Event: 7.233 Thread 0x00000220dc155cf0 nmethod 3103 0x000002208d9cde10 code [0x000002208d9cdfa0, 0x000002208d9ce078]
Event: 7.237 Thread 0x00000220dc155cf0 3104       4       java.util.HashSet::add (20 bytes)
Event: 7.244 Thread 0x00000220dc15f930 3105       3       org.eclipse.osgi.internal.log.EquinoxLogWriter::isLoggable (65 bytes)
Event: 7.245 Thread 0x00000220dc15f930 nmethod 3105 0x0000022086384510 code [0x0000022086384720, 0x0000022086384be8]
Event: 7.245 Thread 0x00000220dc15f930 3106       3       org.eclipse.osgi.internal.log.ExtendedLogReaderServiceFactory::getCount (29 bytes)
Event: 7.245 Thread 0x00000220dc15f930 nmethod 3106 0x0000022086384d90 code [0x0000022086384f60, 0x00000220863853d8]
Event: 8.259 Thread 0x00000220dc15f930 3107       3       org.eclipse.core.internal.registry.RegistryObjectManager::basicGetObject (52 bytes)
Event: 8.260 Thread 0x00000220dc15f930 nmethod 3107 0x0000022086385510 code [0x0000022086385700, 0x0000022086385aa0]
Event: 8.260 Thread 0x00000220dc15f930 3108       3       org.eclipse.core.internal.preferences.DefaultPreferences::getLoadLevel (52 bytes)
Event: 8.261 Thread 0x00000220dc15f930 nmethod 3108 0x0000022086385c90 code [0x0000022086385e80, 0x00000220863864d0]
Event: 8.262 Thread 0x00000220dc15f930 3109       3       org.eclipse.osgi.internal.framework.FilterImpl$Parser::parse_attr (149 bytes)
Event: 8.263 Thread 0x00000220dc15f930 nmethod 3109 0x0000022086386710 code [0x00000220863869c0, 0x0000022086387550]
Event: 8.263 Thread 0x00000220dc15f930 3110       3       java.util.LinkedList$ListItr::checkForComodification (23 bytes)
Event: 8.263 Thread 0x00000220dc15f930 nmethod 3110 0x0000022086387a90 code [0x0000022086387c40, 0x0000022086387e68]
Event: 8.263 Thread 0x00000220dc15f930 3111       3       java.lang.invoke.MethodHandles$Lookup::getDirectMethodNoSecurityManager (18 bytes)
Event: 8.263 Thread 0x00000220dc15f930 nmethod 3111 0x0000022086387f90 code [0x0000022086388140, 0x0000022086388290]
Event: 8.264 Thread 0x00000220dc155cf0 nmethod 3104 0x000002208d9ce110 code [0x000002208d9ce3e0, 0x000002208d9cf300]
Event: 8.264 Thread 0x00000220dc155cf0 3112       4       sun.invoke.util.VerifyAccess::isSamePackage (37 bytes)
Event: 8.266 Thread 0x00000220dc155cf0 nmethod 3112 0x000002208d9cfe10 code [0x000002208d9cffc0, 0x000002208d9d00d8]

GC Heap History (16 events):
Event: 0.848 GC heap before
{Heap before GC invocations=1 (full 0):
 PSYoungGen      total 29696K, used 25600K [0x00000000d5580000, 0x00000000d7680000, 0x0000000100000000)
  eden space 25600K, 100% used [0x00000000d5580000,0x00000000d6e80000,0x00000000d6e80000)
  from space 4096K, 0% used [0x00000000d7280000,0x00000000d7280000,0x00000000d7680000)
  to   space 4096K, 0% used [0x00000000d6e80000,0x00000000d6e80000,0x00000000d7280000)
 ParOldGen       total 68608K, used 0K [0x0000000080000000, 0x0000000084300000, 0x00000000d5580000)
  object space 68608K, 0% used [0x0000000080000000,0x0000000080000000,0x0000000084300000)
 Metaspace       used 4352K, committed 4608K, reserved 1114112K
  class space    used 475K, committed 576K, reserved 1048576K
}
Event: 0.859 GC heap after
{Heap after GC invocations=1 (full 0):
 PSYoungGen      total 29696K, used 3303K [0x00000000d5580000, 0x00000000d7680000, 0x0000000100000000)
  eden space 25600K, 0% used [0x00000000d5580000,0x00000000d5580000,0x00000000d6e80000)
  from space 4096K, 80% used [0x00000000d6e80000,0x00000000d71b9e98,0x00000000d7280000)
  to   space 4096K, 0% used [0x00000000d7280000,0x00000000d7280000,0x00000000d7680000)
 ParOldGen       total 68608K, used 16K [0x0000000080000000, 0x0000000084300000, 0x00000000d5580000)
  object space 68608K, 0% used [0x0000000080000000,0x0000000080004000,0x0000000084300000)
 Metaspace       used 4352K, committed 4608K, reserved 1114112K
  class space    used 475K, committed 576K, reserved 1048576K
}
Event: 3.902 GC heap before
{Heap before GC invocations=2 (full 0):
 PSYoungGen      total 29696K, used 28903K [0x00000000d5580000, 0x00000000d7680000, 0x0000000100000000)
  eden space 25600K, 100% used [0x00000000d5580000,0x00000000d6e80000,0x00000000d6e80000)
  from space 4096K, 80% used [0x00000000d6e80000,0x00000000d71b9e98,0x00000000d7280000)
  to   space 4096K, 0% used [0x00000000d7280000,0x00000000d7280000,0x00000000d7680000)
 ParOldGen       total 68608K, used 16K [0x0000000080000000, 0x0000000084300000, 0x00000000d5580000)
  object space 68608K, 0% used [0x0000000080000000,0x0000000080004000,0x0000000084300000)
 Metaspace       used 8198K, committed 8512K, reserved 1114112K
  class space    used 874K, committed 1024K, reserved 1048576K
}
Event: 3.908 GC heap after
{Heap after GC invocations=2 (full 0):
 PSYoungGen      total 29696K, used 4070K [0x00000000d5580000, 0x00000000d7680000, 0x0000000100000000)
  eden space 25600K, 0% used [0x00000000d5580000,0x00000000d5580000,0x00000000d6e80000)
  from space 4096K, 99% used [0x00000000d7280000,0x00000000d7679800,0x00000000d7680000)
  to   space 4096K, 0% used [0x00000000d6e80000,0x00000000d6e80000,0x00000000d7280000)
 ParOldGen       total 68608K, used 1111K [0x0000000080000000, 0x0000000084300000, 0x00000000d5580000)
  object space 68608K, 1% used [0x0000000080000000,0x0000000080115c18,0x0000000084300000)
 Metaspace       used 8198K, committed 8512K, reserved 1114112K
  class space    used 874K, committed 1024K, reserved 1048576K
}
Event: 4.529 GC heap before
{Heap before GC invocations=3 (full 0):
 PSYoungGen      total 29696K, used 29670K [0x00000000d5580000, 0x00000000d7680000, 0x0000000100000000)
  eden space 25600K, 100% used [0x00000000d5580000,0x00000000d6e80000,0x00000000d6e80000)
  from space 4096K, 99% used [0x00000000d7280000,0x00000000d7679800,0x00000000d7680000)
  to   space 4096K, 0% used [0x00000000d6e80000,0x00000000d6e80000,0x00000000d7280000)
 ParOldGen       total 68608K, used 1111K [0x0000000080000000, 0x0000000084300000, 0x00000000d5580000)
  object space 68608K, 1% used [0x0000000080000000,0x0000000080115c18,0x0000000084300000)
 Metaspace       used 13047K, committed 13632K, reserved 1114112K
  class space    used 1383K, committed 1664K, reserved 1048576K
}
Event: 4.534 GC heap after
{Heap after GC invocations=3 (full 0):
 PSYoungGen      total 29696K, used 4066K [0x00000000d5580000, 0x00000000d7680000, 0x0000000100000000)
  eden space 25600K, 0% used [0x00000000d5580000,0x00000000d5580000,0x00000000d6e80000)
  from space 4096K, 99% used [0x00000000d6e80000,0x00000000d7278bc8,0x00000000d7280000)
  to   space 4096K, 0% used [0x00000000d7280000,0x00000000d7280000,0x00000000d7680000)
 ParOldGen       total 68608K, used 2805K [0x0000000080000000, 0x0000000084300000, 0x00000000d5580000)
  object space 68608K, 4% used [0x0000000080000000,0x00000000802bd490,0x0000000084300000)
 Metaspace       used 13047K, committed 13632K, reserved 1114112K
  class space    used 1383K, committed 1664K, reserved 1048576K
}
Event: 5.132 GC heap before
{Heap before GC invocations=4 (full 0):
 PSYoungGen      total 29696K, used 29593K [0x00000000d5580000, 0x00000000d7680000, 0x0000000100000000)
  eden space 25600K, 99% used [0x00000000d5580000,0x00000000d6e6daf8,0x00000000d6e80000)
  from space 4096K, 99% used [0x00000000d6e80000,0x00000000d7278bc8,0x00000000d7280000)
  to   space 4096K, 0% used [0x00000000d7280000,0x00000000d7280000,0x00000000d7680000)
 ParOldGen       total 68608K, used 2805K [0x0000000080000000, 0x0000000084300000, 0x00000000d5580000)
  object space 68608K, 4% used [0x0000000080000000,0x00000000802bd490,0x0000000084300000)
 Metaspace       used 17077K, committed 17792K, reserved 1114112K
  class space    used 1802K, committed 2112K, reserved 1048576K
}
Event: 5.138 GC heap after
{Heap after GC invocations=4 (full 0):
 PSYoungGen      total 29696K, used 4069K [0x00000000d5580000, 0x00000000d7680000, 0x0000000100000000)
  eden space 25600K, 0% used [0x00000000d5580000,0x00000000d5580000,0x00000000d6e80000)
  from space 4096K, 99% used [0x00000000d7280000,0x00000000d7679650,0x00000000d7680000)
  to   space 4096K, 0% used [0x00000000d6e80000,0x00000000d6e80000,0x00000000d7280000)
 ParOldGen       total 68608K, used 4603K [0x0000000080000000, 0x0000000084300000, 0x00000000d5580000)
  object space 68608K, 6% used [0x0000000080000000,0x000000008047ed58,0x0000000084300000)
 Metaspace       used 17077K, committed 17792K, reserved 1114112K
  class space    used 1802K, committed 2112K, reserved 1048576K
}
Event: 5.488 GC heap before
{Heap before GC invocations=5 (full 0):
 PSYoungGen      total 29696K, used 29669K [0x00000000d5580000, 0x00000000d7680000, 0x0000000100000000)
  eden space 25600K, 100% used [0x00000000d5580000,0x00000000d6e80000,0x00000000d6e80000)
  from space 4096K, 99% used [0x00000000d7280000,0x00000000d7679650,0x00000000d7680000)
  to   space 4096K, 0% used [0x00000000d6e80000,0x00000000d6e80000,0x00000000d7280000)
 ParOldGen       total 68608K, used 4603K [0x0000000080000000, 0x0000000084300000, 0x00000000d5580000)
  object space 68608K, 6% used [0x0000000080000000,0x000000008047ed58,0x0000000084300000)
 Metaspace       used 20412K, committed 21056K, reserved 1114112K
  class space    used 2031K, committed 2304K, reserved 1048576K
}
Event: 5.492 GC heap after
{Heap after GC invocations=5 (full 0):
 PSYoungGen      total 29184K, used 4071K [0x00000000d5580000, 0x00000000d7800000, 0x0000000100000000)
  eden space 25088K, 0% used [0x00000000d5580000,0x00000000d5580000,0x00000000d6e00000)
  from space 4096K, 99% used [0x00000000d6e80000,0x00000000d7279fe0,0x00000000d7280000)
  to   space 5120K, 0% used [0x00000000d7300000,0x00000000d7300000,0x00000000d7800000)
 ParOldGen       total 68608K, used 4723K [0x0000000080000000, 0x0000000084300000, 0x00000000d5580000)
  object space 68608K, 6% used [0x0000000080000000,0x000000008049cd58,0x0000000084300000)
 Metaspace       used 20412K, committed 21056K, reserved 1114112K
  class space    used 2031K, committed 2304K, reserved 1048576K
}
Event: 5.545 GC heap before
{Heap before GC invocations=6 (full 0):
 PSYoungGen      total 29184K, used 10702K [0x00000000d5580000, 0x00000000d7800000, 0x0000000100000000)
  eden space 25088K, 26% used [0x00000000d5580000,0x00000000d5bf9a60,0x00000000d6e00000)
  from space 4096K, 99% used [0x00000000d6e80000,0x00000000d7279fe0,0x00000000d7280000)
  to   space 5120K, 0% used [0x00000000d7300000,0x00000000d7300000,0x00000000d7800000)
 ParOldGen       total 68608K, used 4723K [0x0000000080000000, 0x0000000084300000, 0x00000000d5580000)
  object space 68608K, 6% used [0x0000000080000000,0x000000008049cd58,0x0000000084300000)
 Metaspace       used 20891K, committed 21504K, reserved 1114112K
  class space    used 2071K, committed 2368K, reserved 1048576K
}
Event: 5.548 GC heap after
{Heap after GC invocations=6 (full 0):
 PSYoungGen      total 29696K, used 4508K [0x00000000d5580000, 0x00000000d7780000, 0x0000000100000000)
  eden space 25088K, 0% used [0x00000000d5580000,0x00000000d5580000,0x00000000d6e00000)
  from space 4608K, 97% used [0x00000000d7300000,0x00000000d77670b8,0x00000000d7780000)
  to   space 4608K, 0% used [0x00000000d6e80000,0x00000000d6e80000,0x00000000d7300000)
 ParOldGen       total 68608K, used 4731K [0x0000000080000000, 0x0000000084300000, 0x00000000d5580000)
  object space 68608K, 6% used [0x0000000080000000,0x000000008049ed58,0x0000000084300000)
 Metaspace       used 20891K, committed 21504K, reserved 1114112K
  class space    used 2071K, committed 2368K, reserved 1048576K
}
Event: 5.548 GC heap before
{Heap before GC invocations=7 (full 1):
 PSYoungGen      total 29696K, used 4508K [0x00000000d5580000, 0x00000000d7780000, 0x0000000100000000)
  eden space 25088K, 0% used [0x00000000d5580000,0x00000000d5580000,0x00000000d6e00000)
  from space 4608K, 97% used [0x00000000d7300000,0x00000000d77670b8,0x00000000d7780000)
  to   space 4608K, 0% used [0x00000000d6e80000,0x00000000d6e80000,0x00000000d7300000)
 ParOldGen       total 68608K, used 4731K [0x0000000080000000, 0x0000000084300000, 0x00000000d5580000)
  object space 68608K, 6% used [0x0000000080000000,0x000000008049ed58,0x0000000084300000)
 Metaspace       used 20891K, committed 21504K, reserved 1114112K
  class space    used 2071K, committed 2368K, reserved 1048576K
}
Event: 5.575 GC heap after
{Heap after GC invocations=7 (full 1):
 PSYoungGen      total 29696K, used 0K [0x00000000d5580000, 0x00000000d7780000, 0x0000000100000000)
  eden space 25088K, 0% used [0x00000000d5580000,0x00000000d5580000,0x00000000d6e00000)
  from space 4608K, 0% used [0x00000000d7300000,0x00000000d7300000,0x00000000d7780000)
  to   space 4608K, 0% used [0x00000000d6e80000,0x00000000d6e80000,0x00000000d7300000)
 ParOldGen       total 68608K, used 8822K [0x0000000080000000, 0x0000000084300000, 0x00000000d5580000)
  object space 68608K, 12% used [0x0000000080000000,0x000000008089d8b0,0x0000000084300000)
 Metaspace       used 20879K, committed 21504K, reserved 1114112K
  class space    used 2068K, committed 2368K, reserved 1048576K
}
Event: 5.884 GC heap before
{Heap before GC invocations=8 (full 1):
 PSYoungGen      total 29696K, used 25088K [0x00000000d5580000, 0x00000000d7780000, 0x0000000100000000)
  eden space 25088K, 100% used [0x00000000d5580000,0x00000000d6e00000,0x00000000d6e00000)
  from space 4608K, 0% used [0x00000000d7300000,0x00000000d7300000,0x00000000d7780000)
  to   space 4608K, 0% used [0x00000000d6e80000,0x00000000d6e80000,0x00000000d7300000)
 ParOldGen       total 68608K, used 8822K [0x0000000080000000, 0x0000000084300000, 0x00000000d5580000)
  object space 68608K, 12% used [0x0000000080000000,0x000000008089d8b0,0x0000000084300000)
 Metaspace       used 23156K, committed 23872K, reserved 1114112K
  class space    used 2247K, committed 2560K, reserved 1048576K
}
Event: 5.887 GC heap after
{Heap after GC invocations=8 (full 1):
 PSYoungGen      total 27136K, used 2440K [0x00000000d5580000, 0x00000000d7480000, 0x0000000100000000)
  eden space 24576K, 0% used [0x00000000d5580000,0x00000000d5580000,0x00000000d6d80000)
  from space 2560K, 95% used [0x00000000d6e80000,0x00000000d70e22b0,0x00000000d7100000)
  to   space 3584K, 0% used [0x00000000d7100000,0x00000000d7100000,0x00000000d7480000)
 ParOldGen       total 68608K, used 8830K [0x0000000080000000, 0x0000000084300000, 0x00000000d5580000)
  object space 68608K, 12% used [0x0000000080000000,0x000000008089f8b0,0x0000000084300000)
 Metaspace       used 23156K, committed 23872K, reserved 1114112K
  class space    used 2247K, committed 2560K, reserved 1048576K
}

Dll operation events (10 events):
Event: 0.021 Loaded shared library c:\Users\Lenovo\.vscode\extensions\redhat.java-1.55.0-win32-x64\jre\21.0.11-win32-x86_64\bin\java.dll
Event: 0.095 Loaded shared library c:\Users\Lenovo\.vscode\extensions\redhat.java-1.55.0-win32-x64\jre\21.0.11-win32-x86_64\bin\zip.dll
Event: 0.118 Loaded shared library C:\Users\Lenovo\.vscode\extensions\redhat.java-1.55.0-win32-x64\jre\21.0.11-win32-x86_64\bin\instrument.dll
Event: 0.125 Loaded shared library C:\Users\Lenovo\.vscode\extensions\redhat.java-1.55.0-win32-x64\jre\21.0.11-win32-x86_64\bin\net.dll
Event: 0.128 Loaded shared library C:\Users\Lenovo\.vscode\extensions\redhat.java-1.55.0-win32-x64\jre\21.0.11-win32-x86_64\bin\nio.dll
Event: 0.131 Loaded shared library C:\Users\Lenovo\.vscode\extensions\redhat.java-1.55.0-win32-x64\jre\21.0.11-win32-x86_64\bin\zip.dll
Event: 0.149 Loaded shared library C:\Users\Lenovo\.vscode\extensions\redhat.java-1.55.0-win32-x64\jre\21.0.11-win32-x86_64\bin\jimage.dll
Event: 0.235 Loaded shared library c:\Users\Lenovo\.vscode\extensions\redhat.java-1.55.0-win32-x64\jre\21.0.11-win32-x86_64\bin\verify.dll
Event: 3.870 Loaded shared library C:\Users\Lenovo\AppData\Roaming\Code\User\globalStorage\redhat.java\1.55.0\config_ss_win\org.eclipse.equinox.launcher\org.eclipse.equinox.launcher.win32.win32.x86_64_1.3.100.v20260613-0559\eclipse_11924.dll
Event: 4.891 Loaded shared library C:\Users\Lenovo\AppData\Local\Temp\jna--2022488749\jna16903866607008985033.dll

Deoptimization events (20 events):
Event: 6.020 Thread 0x00000220dc1440f0 DEOPT PACKING pc=0x00000220863073c9 sp=0x000000f3b23f98c0
Event: 6.020 Thread 0x00000220dc1440f0 DEOPT UNPACKING pc=0x000002208d314242 sp=0x000000f3b23f8d30 mode 0
Event: 6.020 Thread 0x00000220dc1440f0 DEOPT PACKING pc=0x00000220863073c9 sp=0x000000f3b23f98c0
Event: 6.020 Thread 0x00000220dc1440f0 DEOPT UNPACKING pc=0x000002208d314242 sp=0x000000f3b23f8d30 mode 0
Event: 6.020 Thread 0x00000220dc1440f0 DEOPT PACKING pc=0x00000220863073c9 sp=0x000000f3b23f98c0
Event: 6.020 Thread 0x00000220dc1440f0 DEOPT UNPACKING pc=0x000002208d314242 sp=0x000000f3b23f8d30 mode 0
Event: 6.020 Thread 0x00000220dc1440f0 DEOPT PACKING pc=0x00000220863073c9 sp=0x000000f3b23f98c0
Event: 6.020 Thread 0x00000220dc1440f0 DEOPT UNPACKING pc=0x000002208d314242 sp=0x000000f3b23f8d30 mode 0
Event: 6.021 Thread 0x00000220dc1440f0 DEOPT PACKING pc=0x00000220863073c9 sp=0x000000f3b23f98c0
Event: 6.021 Thread 0x00000220dc1440f0 DEOPT UNPACKING pc=0x000002208d314242 sp=0x000000f3b23f8d30 mode 0
Event: 6.021 Thread 0x00000220dc1440f0 DEOPT PACKING pc=0x00000220863073c9 sp=0x000000f3b23f98c0
Event: 6.021 Thread 0x00000220dc1440f0 DEOPT UNPACKING pc=0x000002208d314242 sp=0x000000f3b23f8d30 mode 0
Event: 6.021 Thread 0x00000220dc1440f0 DEOPT PACKING pc=0x00000220863073c9 sp=0x000000f3b23f98c0
Event: 6.021 Thread 0x00000220dc1440f0 DEOPT UNPACKING pc=0x000002208d314242 sp=0x000000f3b23f8d30 mode 0
Event: 6.021 Thread 0x00000220dc1440f0 DEOPT PACKING pc=0x00000220863073c9 sp=0x000000f3b23f98c0
Event: 6.021 Thread 0x00000220dc1440f0 DEOPT UNPACKING pc=0x000002208d314242 sp=0x000000f3b23f8d30 mode 0
Event: 7.141 Thread 0x00000220dc1440f0 Uncommon trap: trap_request=0xffffff45 fr.pc=0x000002208d9ae9fc relative=0x000000000000075c
Event: 7.141 Thread 0x00000220dc1440f0 Uncommon trap: reason=unstable_if action=reinterpret pc=0x000002208d9ae9fc method=java.util.HashMap.putVal(ILjava/lang/Object;Ljava/lang/Object;ZZ)Ljava/lang/Object; @ 81 c2
Event: 7.141 Thread 0x00000220dc1440f0 DEOPT PACKING pc=0x000002208d9ae9fc sp=0x000000f3b23fd8e0
Event: 7.141 Thread 0x00000220dc1440f0 DEOPT UNPACKING pc=0x000002208d313aa2 sp=0x000000f3b23fd7d0 mode 2

Classes loaded (20 events):
Event: 7.218 Loading class com/sun/org/apache/xml/internal/serializer/NamespaceMappings$MappingRecord
Event: 7.218 Loading class com/sun/org/apache/xml/internal/serializer/NamespaceMappings$MappingRecord done
Event: 7.219 Loading class javax/xml/transform/stream/StreamSource
Event: 7.219 Loading class javax/xml/transform/stream/StreamSource done
Event: 7.219 Loading class javax/xml/transform/sax/SAXSource
Event: 7.219 Loading class javax/xml/transform/sax/SAXSource done
Event: 7.219 Loading class javax/xml/transform/stax/StAXSource
Event: 7.219 Loading class javax/xml/transform/stax/StAXSource done
Event: 7.219 Loading class com/sun/org/apache/xalan/internal/xsltc/trax/DOM2TO
Event: 7.219 Loading class com/sun/org/apache/xalan/internal/xsltc/trax/DOM2TO done
Event: 7.221 Loading class com/sun/org/apache/xml/internal/serializer/WriterToUTF8Buffered
Event: 7.222 Loading class com/sun/org/apache/xml/internal/serializer/WriterChain
Event: 7.222 Loading class com/sun/org/apache/xml/internal/serializer/WriterChain done
Event: 7.222 Loading class com/sun/org/apache/xml/internal/serializer/WriterToUTF8Buffered done
Event: 7.222 Loading class com/sun/org/apache/xml/internal/serializer/WriterToASCI
Event: 7.222 Loading class com/sun/org/apache/xml/internal/serializer/WriterToASCI done
Event: 7.237 Loading class java/lang/StackTraceElement$HashedModules
Event: 7.237 Loading class java/lang/StackTraceElement$HashedModules done
Event: 7.240 Loading class sun/nio/cs/UTF_8$Encoder
Event: 7.240 Loading class sun/nio/cs/UTF_8$Encoder done

Classes unloaded (7 events):
Event: 5.552 Thread 0x0000022099c44c20 Unloading class 0x000002209b191400 'java/lang/invoke/LambdaForm$MH+0x000002209b191400'
Event: 5.552 Thread 0x0000022099c44c20 Unloading class 0x000002209b191000 'java/lang/invoke/LambdaForm$MH+0x000002209b191000'
Event: 5.552 Thread 0x0000022099c44c20 Unloading class 0x000002209b190c00 'java/lang/invoke/LambdaForm$MH+0x000002209b190c00'
Event: 5.552 Thread 0x0000022099c44c20 Unloading class 0x000002209b190800 'java/lang/invoke/LambdaForm$MH+0x000002209b190800'
Event: 5.552 Thread 0x0000022099c44c20 Unloading class 0x000002209b190400 'java/lang/invoke/LambdaForm$BMH+0x000002209b190400'
Event: 5.552 Thread 0x0000022099c44c20 Unloading class 0x000002209b190000 'java/lang/invoke/LambdaForm$DMH+0x000002209b190000'
Event: 5.552 Thread 0x0000022099c44c20 Unloading class 0x000002209b18ec00 'java/lang/invoke/LambdaForm$DMH+0x000002209b18ec00'

Classes redefined (0 events):
No events

Internal exceptions (20 events):
Event: 4.991 Thread 0x00000220dc1440f0 Exception <a 'java/lang/NoSuchMethodError'{0x00000000d6764080}: 'java.lang.Object java.lang.invoke.DirectMethodHandle$Holder.invokeSpecial(java.lang.Object, java.lang.Object, java.lang.Object, int, java.lang.Object, java.lang.Object)'> (0x00000000d6764080) 
thrown [s\src\hotspot\share\interpreter\linkResolver.cpp, line 773]
Event: 4.992 Thread 0x00000220dc1440f0 Exception <a 'java/lang/NoSuchMethodError'{0x00000000d676bb58}: 'java.lang.Object java.lang.invoke.DirectMethodHandle$Holder.newInvokeSpecial(java.lang.Object, java.lang.Object, java.lang.Object, int, java.lang.Object)'> (0x00000000d676bb58) 
thrown [s\src\hotspot\share\interpreter\linkResolver.cpp, line 773]
Event: 4.992 Thread 0x00000220dc1440f0 Exception <a 'java/lang/NoSuchMethodError'{0x00000000d676fad8}: 'java.lang.Object java.lang.invoke.DirectMethodHandle$Holder.invokeSpecial(java.lang.Object, java.lang.Object, java.lang.Object, java.lang.Object, int, java.lang.Object)'> (0x00000000d676fad8) 
thrown [s\src\hotspot\share\interpreter\linkResolver.cpp, line 773]
Event: 4.992 Thread 0x00000220dc1440f0 Exception <a 'java/lang/NoSuchMethodError'{0x00000000d6773618}: 'java.lang.Object java.lang.invoke.Invokers$Holder.linkToTargetMethod(java.lang.Object, java.lang.Object, int, java.lang.Object, java.lang.Object)'> (0x00000000d6773618) 
thrown [s\src\hotspot\share\interpreter\linkResolver.cpp, line 773]
Event: 4.993 Thread 0x00000220dd662520 Exception <a 'java/lang/NoSuchMethodError'{0x00000000d668ec40}: 'java.lang.Object java.lang.invoke.DirectMethodHandle$Holder.invokeSpecial(java.lang.Object, java.lang.Object, int, java.lang.Object, java.lang.Object)'> (0x00000000d668ec40) 
thrown [s\src\hotspot\share\interpreter\linkResolver.cpp, line 773]
Event: 4.994 Thread 0x00000220dd662520 Exception <a 'java/lang/NoSuchMethodError'{0x00000000d6695978}: 'java.lang.Object java.lang.invoke.DirectMethodHandle$Holder.newInvokeSpecial(java.lang.Object, java.lang.Object, int, java.lang.Object)'> (0x00000000d6695978) 
thrown [s\src\hotspot\share\interpreter\linkResolver.cpp, line 773]
Event: 4.994 Thread 0x00000220dd662520 Exception <a 'java/lang/NoSuchMethodError'{0x00000000d6699258}: 'java.lang.Object java.lang.invoke.DirectMethodHandle$Holder.invokeSpecial(java.lang.Object, java.lang.Object, java.lang.Object, int, java.lang.Object)'> (0x00000000d6699258) 
thrown [s\src\hotspot\share\interpreter\linkResolver.cpp, line 773]
Event: 5.013 Thread 0x00000220dc1440f0 Exception <a 'java/lang/NoSuchMethodError'{0x00000000d68916f0}: 'void java.lang.invoke.DirectMethodHandle$Holder.invokeSpecial(java.lang.Object, java.lang.Object, java.lang.Object, java.lang.Object, java.lang.Object)'> (0x00000000d68916f0) 
thrown [s\src\hotspot\share\interpreter\linkResolver.cpp, line 773]
Event: 5.071 Thread 0x00000220dc1440f0 Exception <a 'java/lang/NoSuchMethodError'{0x00000000d6b26690}: 'double java.lang.invoke.DirectMethodHandle$Holder.invokeStatic(java.lang.Object, java.lang.Object)'> (0x00000000d6b26690) 
thrown [s\src\hotspot\share\interpreter\linkResolver.cpp, line 773]
Event: 5.072 Thread 0x00000220dc1440f0 Exception <a 'java/lang/NoSuchMethodError'{0x00000000d6b29d50}: 'double java.lang.invoke.DirectMethodHandle$Holder.invokeStaticInit(java.lang.Object, java.lang.Object)'> (0x00000000d6b29d50) 
thrown [s\src\hotspot\share\interpreter\linkResolver.cpp, line 773]
Event: 5.504 Thread 0x00000220dc1440f0 Implicit null exception at 0x000002208d990df5 to 0x000002208d990ed0
Event: 5.666 Thread 0x00000220dc1440f0 Exception <a 'java/io/FileNotFoundException'{0x00000000d6421eb8}> (0x00000000d6421eb8) 
thrown [s\src\hotspot\share\prims\jni.cpp, line 520]
Event: 5.666 Thread 0x00000220dc1440f0 Exception <a 'java/io/FileNotFoundException'{0x00000000d64232b8}> (0x00000000d64232b8) 
thrown [s\src\hotspot\share\prims\jni.cpp, line 520]
Event: 5.858 Thread 0x00000220dc1440f0 Exception <a 'java/lang/ClassNotFoundException'{0x00000000d6c68b90}: com/sun/org/apache/xerces/internal/impl/msg/spi/DOMMessagesProvider> (0x00000000d6c68b90) 
thrown [s\src\hotspot\share\classfile\systemDictionary.cpp, line 313]
Event: 5.862 Thread 0x00000220dc1440f0 Exception <a 'java/lang/ClassNotFoundException'{0x00000000d6c973d0}: com/sun/org/apache/xerces/internal/impl/msg/spi/XMLSerializerMessagesProvider> (0x00000000d6c973d0) 
thrown [s\src\hotspot\share\classfile\systemDictionary.cpp, line 313]
Event: 5.864 Thread 0x00000220dc1440f0 Exception <a 'java/lang/ClassNotFoundException'{0x00000000d6cafa50}: com/sun/org/apache/xerces/internal/impl/msg/spi/XMLMessagesProvider> (0x00000000d6cafa50) 
thrown [s\src\hotspot\share\classfile\systemDictionary.cpp, line 313]
Event: 5.912 Thread 0x00000220dc1440f0 Exception <a 'java/lang/NoSuchMethodError'{0x00000000d56454a0}: 'java.lang.Object java.lang.invoke.DirectMethodHandle$Holder.newInvokeSpecial(java.lang.Object, int, java.lang.Object, java.lang.Object)'> (0x00000000d56454a0) 
thrown [s\src\hotspot\share\interpreter\linkResolver.cpp, line 773]
Event: 5.969 Thread 0x00000220dc1440f0 Exception <a 'sun/nio/fs/WindowsException'{0x00000000d58400a0}> (0x00000000d58400a0) 
thrown [s\src\hotspot\share\prims\jni.cpp, line 520]
Event: 7.164 Thread 0x00000220dc1440f0 Exception <a 'java/lang/ClassNotFoundException'{0x00000000d5e34b08}: com/sun/org/apache/xml/internal/serializer/spi/XMLEntitiesProvider> (0x00000000d5e34b08) 
thrown [s\src\hotspot\share\classfile\systemDictionary.cpp, line 313]
Event: 8.262 Thread 0x00000220dc1440f0 Exception <a 'java/io/FileNotFoundException'{0x00000000d61aacc0}> (0x00000000d61aacc0) 
thrown [s\src\hotspot\share\prims\jni.cpp, line 520]

ZGC Phase Switch (0 events):
No events

VM Operations (20 events):
Event: 4.904 Executing non-safepoint VM operation: HandshakeAllThreads (Deoptimize) done
Event: 5.132 Executing safepoint VM operation: ParallelGCFailedAllocation (Allocation Failure)
Event: 5.138 Executing safepoint VM operation: ParallelGCFailedAllocation (Allocation Failure) done
Event: 5.488 Executing safepoint VM operation: ParallelGCFailedAllocation (Allocation Failure)
Event: 5.492 Executing safepoint VM operation: ParallelGCFailedAllocation (Allocation Failure) done
Event: 5.545 Executing safepoint VM operation: CollectForMetadataAllocation (Metadata GC Threshold)
Event: 5.575 Executing safepoint VM operation: CollectForMetadataAllocation (Metadata GC Threshold) done
Event: 5.884 Executing safepoint VM operation: ParallelGCFailedAllocation (Allocation Failure)
Event: 5.887 Executing safepoint VM operation: ParallelGCFailedAllocation (Allocation Failure) done
Event: 5.956 Executing non-safepoint VM operation: HandshakeAllThreads (Deoptimize)
Event: 5.956 Executing non-safepoint VM operation: HandshakeAllThreads (Deoptimize) done
Event: 6.022 Executing non-safepoint VM operation: HandshakeAllThreads (Deoptimize)
Event: 6.022 Executing non-safepoint VM operation: HandshakeAllThreads (Deoptimize) done
Event: 7.029 Executing safepoint VM operation: Cleanup
Event: 7.092 Executing safepoint VM operation: Cleanup done
Event: 7.192 Executing non-safepoint VM operation: HandshakeAllThreads (Deoptimize)
Event: 7.192 Executing non-safepoint VM operation: HandshakeAllThreads (Deoptimize) done
Event: 8.195 Executing safepoint VM operation: Cleanup
Event: 8.195 Executing safepoint VM operation: Cleanup done
Event: 9.195 Executing safepoint VM operation: Cleanup

Memory protections (0 events):
No events

Nmethod flushes (0 events):
No events

Events (20 events):
Event: 0.373 Thread 0x0000022080fe2370 Thread added: 0x00000220dc1433d0
Event: 0.468 Thread 0x00000220dc155cf0 Thread added: 0x00000220dd17c6d0
Event: 0.917 Thread 0x00000220dd17c6d0 Thread exited: 0x00000220dd17c6d0
Event: 2.014 Thread 0x00000220dc3e0fb0 Thread exited: 0x00000220dc3e0fb0
Event: 3.227 Thread 0x00000220dc15f930 Thread added: 0x00000220dc46f690
Event: 3.229 Thread 0x00000220dc15f930 Thread added: 0x00000220dc46fd40
Event: 3.577 Thread 0x0000022080fe2370 Thread added: 0x00000220dc143a60
Event: 3.857 Thread 0x0000022080fe2370 Thread added: 0x00000220dc1426b0
Event: 3.862 Thread 0x0000022080fe2370 Thread added: 0x00000220dc1440f0
Event: 3.914 Thread 0x00000220dc1440f0 Thread added: 0x00000220dd661170
Event: 4.416 Thread 0x00000220dc1440f0 Thread added: 0x00000220dd661e90
Event: 4.622 Thread 0x00000220dc46fd40 Thread exited: 0x00000220dc46fd40
Event: 4.930 Thread 0x00000220dc1440f0 Thread added: 0x00000220dd662bb0
Event: 4.970 Thread 0x00000220dc1440f0 Thread added: 0x00000220dd662520
Event: 4.994 Thread 0x00000220dc1440f0 Thread added: 0x00000220dd663240
Event: 5.217 Thread 0x00000220dc46f690 Thread added: 0x00000220e2560770
Event: 5.386 Thread 0x00000220e2560770 Thread exited: 0x00000220e2560770
Event: 5.881 Thread 0x00000220dc1440f0 Thread added: 0x00000220dd65fdc0
Event: 5.999 Thread 0x00000220dd65fdc0 Thread exited: 0x00000220dd65fdc0
Event: 8.259 Thread 0x00000220dc46f690 Thread exited: 0x00000220dc46f690


Dynamic libraries:
0x00007ff6692c0000 - 0x00007ff6692ce000 	c:\Users\Lenovo\.vscode\extensions\redhat.java-1.55.0-win32-x64\jre\21.0.11-win32-x86_64\bin\java.exe
0x00007ffc24fa0000 - 0x00007ffc25206000 	C:\WINDOWS\SYSTEM32\ntdll.dll
0x00007ffc22cd0000 - 0x00007ffc22d99000 	C:\WINDOWS\System32\KERNEL32.DLL
0x00007ffc221c0000 - 0x00007ffc225be000 	C:\WINDOWS\System32\KERNELBASE.dll
0x00007ffc17500000 - 0x00007ffc17518000 	c:\Users\Lenovo\.vscode\extensions\redhat.java-1.55.0-win32-x64\jre\21.0.11-win32-x86_64\bin\jli.dll
0x00007ffc24b20000 - 0x00007ffc24ce7000 	C:\WINDOWS\System32\USER32.dll
0x00007ffc16cd0000 - 0x00007ffc16cee000 	c:\Users\Lenovo\.vscode\extensions\redhat.java-1.55.0-win32-x64\jre\21.0.11-win32-x86_64\bin\VCRUNTIME140.dll
0x00007ffc22bf0000 - 0x00007ffc22c17000 	C:\WINDOWS\System32\win32u.dll
0x00007ffc22a90000 - 0x00007ffc22bdc000 	C:\WINDOWS\System32\ucrtbase.dll
0x00007ffc22db0000 - 0x00007ffc22ddb000 	C:\WINDOWS\System32\GDI32.dll
0x00007ffc11c90000 - 0x00007ffc11f22000 	C:\WINDOWS\WinSxS\amd64_microsoft.windows.common-controls_6595b64144ccf1df_6.0.26100.8894_none_3e0f749ee32e02ea\COMCTL32.dll
0x00007ffc238f0000 - 0x00007ffc23999000 	C:\WINDOWS\System32\msvcrt.dll
0x00007ffc22690000 - 0x00007ffc227ba000 	C:\WINDOWS\System32\gdi32full.dll
0x00007ffc22c20000 - 0x00007ffc22cc3000 	C:\WINDOWS\System32\msvcp_win.dll
0x00007ffc24ef0000 - 0x00007ffc24f22000 	C:\WINDOWS\System32\IMM32.DLL
0x000000006f080000 - 0x000000006f08d000 	C:\Program Files (x86)\360\Total Security\safemon\SafeWrapper.dll
0x00007ffc23dc0000 - 0x00007ffc23e77000 	C:\WINDOWS\System32\ADVAPI32.dll
0x00007ffc24a70000 - 0x00007ffc24b1a000 	C:\WINDOWS\System32\sechost.dll
0x00007ffc241a0000 - 0x00007ffc242b8000 	C:\WINDOWS\System32\RPCRT4.dll
0x00007ffc1f9c0000 - 0x00007ffc1fac5000 	C:\Program Files (x86)\360\Total Security\safemon\libzdtp64.dll
0x00007ffc242d0000 - 0x00007ffc24a62000 	C:\WINDOWS\System32\SHELL32.dll
0x00007ffc23330000 - 0x00007ffc23397000 	C:\WINDOWS\System32\SHLWAPI.dll
0x00007ffc21c80000 - 0x00007ffc21c8b000 	C:\WINDOWS\SYSTEM32\VERSION.dll
0x00007ffc1ea90000 - 0x00007ffc1ea9c000 	c:\Users\Lenovo\.vscode\extensions\redhat.java-1.55.0-win32-x64\jre\21.0.11-win32-x86_64\bin\vcruntime140_1.dll
0x00007ffc06150000 - 0x00007ffc061dd000 	c:\Users\Lenovo\.vscode\extensions\redhat.java-1.55.0-win32-x64\jre\21.0.11-win32-x86_64\bin\msvcp140.dll
0x00007ffb7fad0000 - 0x00007ffb80872000 	c:\Users\Lenovo\.vscode\extensions\redhat.java-1.55.0-win32-x64\jre\21.0.11-win32-x86_64\bin\server\jvm.dll
0x00007ffc24cf0000 - 0x00007ffc24d70000 	C:\WINDOWS\System32\WS2_32.dll
0x00007ffc22020000 - 0x00007ffc2207e000 	C:\WINDOWS\SYSTEM32\POWRPROF.dll
0x00007ffc1c210000 - 0x00007ffc1c246000 	C:\WINDOWS\SYSTEM32\WINMM.dll
0x00007ffc22000000 - 0x00007ffc22014000 	C:\WINDOWS\SYSTEM32\UMPDC.dll
0x00007ffc20de0000 - 0x00007ffc20dfb000 	C:\WINDOWS\SYSTEM32\kernel.appcore.dll
0x00007ffc1cc80000 - 0x00007ffc1cc8a000 	c:\Users\Lenovo\.vscode\extensions\redhat.java-1.55.0-win32-x64\jre\21.0.11-win32-x86_64\bin\jimage.dll
0x00007ffc1f5f0000 - 0x00007ffc1f832000 	C:\WINDOWS\SYSTEM32\DBGHELP.DLL
0x00007ffc22fa0000 - 0x00007ffc23323000 	C:\WINDOWS\System32\combase.dll
0x00007ffc240a0000 - 0x00007ffc24179000 	C:\WINDOWS\System32\OLEAUT32.dll
0x00007ffc1c1d0000 - 0x00007ffc1c20b000 	C:\WINDOWS\SYSTEM32\dbgcore.DLL
0x00007ffc225d0000 - 0x00007ffc2267c000 	C:\WINDOWS\System32\bcryptPrimitives.dll
0x00007ffc17e50000 - 0x00007ffc17e5f000 	c:\Users\Lenovo\.vscode\extensions\redhat.java-1.55.0-win32-x64\jre\21.0.11-win32-x86_64\bin\instrument.dll
0x00007ffc16860000 - 0x00007ffc16880000 	c:\Users\Lenovo\.vscode\extensions\redhat.java-1.55.0-win32-x64\jre\21.0.11-win32-x86_64\bin\java.dll
0x00007ffc1fad0000 - 0x00007ffc20362000 	C:\WINDOWS\SYSTEM32\windows.storage.dll
0x00007ffc239f0000 - 0x00007ffc23ae7000 	C:\WINDOWS\System32\SHCORE.dll
0x00007ffc220e0000 - 0x00007ffc22109000 	C:\WINDOWS\SYSTEM32\profapi.dll
0x00007ffc16840000 - 0x00007ffc16858000 	c:\Users\Lenovo\.vscode\extensions\redhat.java-1.55.0-win32-x64\jre\21.0.11-win32-x86_64\bin\zip.dll
0x00007ffc17bc0000 - 0x00007ffc17bd0000 	C:\Users\Lenovo\.vscode\extensions\redhat.java-1.55.0-win32-x64\jre\21.0.11-win32-x86_64\bin\net.dll
0x00007ffc18190000 - 0x00007ffc182b7000 	C:\WINDOWS\SYSTEM32\WINHTTP.dll
0x00007ffc21370000 - 0x00007ffc213dc000 	C:\WINDOWS\system32\mswsock.dll
0x00007ffc13bc0000 - 0x00007ffc13bd6000 	C:\Users\Lenovo\.vscode\extensions\redhat.java-1.55.0-win32-x64\jre\21.0.11-win32-x86_64\bin\nio.dll
0x00007ffc17440000 - 0x00007ffc17450000 	c:\Users\Lenovo\.vscode\extensions\redhat.java-1.55.0-win32-x64\jre\21.0.11-win32-x86_64\bin\verify.dll
0x00007ffc04850000 - 0x00007ffc04895000 	C:\Users\Lenovo\AppData\Roaming\Code\User\globalStorage\redhat.java\1.55.0\config_ss_win\org.eclipse.equinox.launcher\org.eclipse.equinox.launcher.win32.win32.x86_64_1.3.100.v20260613-0559\eclipse_11924.dll
0x00007ffc23e80000 - 0x00007ffc24019000 	C:\WINDOWS\System32\ole32.dll
0x00007ffc217a0000 - 0x00007ffc217bb000 	C:\WINDOWS\SYSTEM32\CRYPTSP.dll
0x00007ffc20d40000 - 0x00007ffc20d79000 	C:\WINDOWS\system32\rsaenh.dll
0x00007ffc21430000 - 0x00007ffc21462000 	C:\WINDOWS\SYSTEM32\USERENV.dll
0x00007ffc220b0000 - 0x00007ffc220da000 	C:\WINDOWS\SYSTEM32\bcrypt.dll
0x00007ffc215e0000 - 0x00007ffc215ec000 	C:\WINDOWS\SYSTEM32\CRYPTBASE.dll
0x00007ffc20790000 - 0x00007ffc207c3000 	C:\WINDOWS\SYSTEM32\IPHLPAPI.DLL
0x00007ffc22da0000 - 0x00007ffc22daa000 	C:\WINDOWS\System32\NSI.dll
0x00007ffc03770000 - 0x00007ffc037b9000 	C:\Users\Lenovo\AppData\Local\Temp\jna--2022488749\jna16903866607008985033.dll
0x00007ffc22de0000 - 0x00007ffc22de8000 	C:\WINDOWS\System32\PSAPI.DLL

JVMTI agents:
c:\Users\Lenovo\.vscode\extensions\redhat.java-1.55.0-win32-x64\lombok\lombok-1.18.39-4050.jar path:c:\Users\Lenovo\.vscode\extensions\redhat.java-1.55.0-win32-x64\jre\21.0.11-win32-x86_64\bin\instrument.dll, loaded, initialized, instrumentlib options:none

dbghelp: loaded successfully - version: 4.0.5 - missing functions: none
symbol engine: initialized successfully - sym options: 0x614 - pdb path: .;c:\Users\Lenovo\.vscode\extensions\redhat.java-1.55.0-win32-x64\jre\21.0.11-win32-x86_64\bin;C:\WINDOWS\SYSTEM32;C:\WINDOWS\WinSxS\amd64_microsoft.windows.common-controls_6595b64144ccf1df_6.0.26100.8894_none_3e0f749ee32e02ea;C:\Program Files (x86)\360\Total Security\safemon;c:\Users\Lenovo\.vscode\extensions\redhat.java-1.55.0-win32-x64\jre\21.0.11-win32-x86_64\bin\server;C:\Users\Lenovo\AppData\Roaming\Code\User\globalStorage\redhat.java\1.55.0\config_ss_win\org.eclipse.equinox.launcher\org.eclipse.equinox.launcher.win32.win32.x86_64_1.3.100.v20260613-0559;C:\Users\Lenovo\AppData\Local\Temp\jna--2022488749

VM Arguments:
jvm_args: --add-modules=ALL-SYSTEM --add-opens=java.base/java.util=ALL-UNNAMED --add-opens=java.base/java.lang=ALL-UNNAMED --add-opens=java.base/sun.nio.fs=ALL-UNNAMED -Declipse.application=org.eclipse.jdt.ls.core.id1 -Dosgi.bundles.defaultStartLevel=4 -Declipse.product=org.eclipse.jdt.ls.core.product -Djava.import.generatesMetadataFilesAtProjectRoot=false -DDetectVMInstallationsJob.disabled=true -Dfile.encoding=utf8 -XX:+UseParallelGC -XX:GCTimeRatio=4 -XX:AdaptiveSizePolicyWeight=90 -Dsun.zip.disableMemoryMapping=true -Xmx2G -Xms100m -Xlog:disable -javaagent:c:\Users\Lenovo\.vscode\extensions\redhat.java-1.55.0-win32-x64\lombok\lombok-1.18.39-4050.jar 
java_command: c:\Users\Lenovo\.vscode\extensions\redhat.java-1.55.0-win32-x64\server\plugins\org.eclipse.equinox.launcher_1.7.200.v20260619-2039.jar -configuration c:\Users\Lenovo\AppData\Roaming\Code\User\globalStorage\redhat.java\1.55.0\config_ss_win -data c:\Users\Lenovo\AppData\Roaming\Code\User\workspaceStorage\eb1923ee63e7e26d040958249cb321ab\redhat.java\ss_ws --pipe=\\.\pipe\lsp-028eb7fdbb09998ceec5005bb3e9540f-sock
java_class_path (initial): c:\Users\Lenovo\.vscode\extensions\redhat.java-1.55.0-win32-x64\server\plugins\org.eclipse.equinox.launcher_1.7.200.v20260619-2039.jar
Launcher Type: SUN_STANDARD

[Global flags]
    uintx AdaptiveSizePolicyWeight                 = 90                                        {product} {command line}
     intx CICompilerCount                          = 4                                         {product} {ergonomic}
    uintx GCTimeRatio                              = 4                                         {product} {command line}
   size_t InitialHeapSize                          = 104857600                                 {product} {command line}
   size_t MaxHeapSize                              = 2147483648                                {product} {command line}
   size_t MaxNewSize                               = 715653120                                 {product} {ergonomic}
   size_t MinHeapDeltaBytes                        = 524288                                    {product} {ergonomic}
   size_t MinHeapSize                              = 104857600                                 {product} {command line}
   size_t NewSize                                  = 34603008                                  {product} {ergonomic}
    uintx NonNMethodCodeHeapSize                   = 5839372                                {pd product} {ergonomic}
    uintx NonProfiledCodeHeapSize                  = 122909434                              {pd product} {ergonomic}
   size_t OldSize                                  = 70254592                                  {product} {ergonomic}
    uintx ProfiledCodeHeapSize                     = 122909434                              {pd product} {ergonomic}
    uintx ReservedCodeCacheSize                    = 251658240                              {pd product} {ergonomic}
     bool SegmentedCodeCache                       = true                                      {product} {ergonomic}
   size_t SoftMaxHeapSize                          = 2147483648                             {manageable} {ergonomic}
     bool UseCompressedOops                        = true                           {product lp64_product} {ergonomic}
     bool UseLargePagesIndividualAllocation        = false                                  {pd product} {ergonomic}
     bool UseParallelGC                            = true                                      {product} {command line}

Logging:
Log output configuration:
 #0: stdout all=off uptime,level,tags foldmultilines=false
 #1: stderr all=off uptime,level,tags foldmultilines=false

Release file:
JAVA_VERSION="21.0.11" 
MODULES="java.base java.compiler java.datatransfer java.xml java.prefs java.desktop java.instrument java.logging java.management java.security.sasl java.naming java.rmi java.management.rmi java.net.http java.scripting java.security.jgss java.transaction.xa java.sql java.sql.rowset java.xml.crypto java.se java.smartcardio jdk.accessibility jdk.internal.jvmstat jdk.attach jdk.charsets jdk.internal.opt jdk.zipfs jdk.compiler jdk.crypto.ec jdk.crypto.cryptoki jdk.crypto.mscapi jdk.dynalink jdk.internal.ed jdk.editpad jdk.hotspot.agent jdk.httpserver jdk.internal.le jdk.internal.vm.ci jdk.internal.vm.compiler jdk.internal.vm.compiler.management jdk.jartool jdk.javadoc jdk.jcmd jdk.management jdk.management.agent jdk.jconsole jdk.jdeps jdk.jdwp.agent jdk.jdi jdk.jfr jdk.jshell jdk.jsobject jdk.jstatd jdk.localedata jdk.management.jfr jdk.naming.dns jdk.naming.rmi jdk.net jdk.nio.mapmode jdk.random jdk.sctp jdk.security.auth jdk.security.jgss jdk.unsupported jdk.unsupported.desktop jdk.xml.dom" 

Environment Variables:
PATH=C:\Program Files\Common Files\Oracle\Java\javapath;C:\Program Files\nodejs\;C:\Program Files\Git\cmd;C:\WINDOWS\system32;C:\WINDOWS;C:\WINDOWS\System32\Wbem;C:\WINDOWS\System32\WindowsPowerShell\v1.0\;C:\WINDOWS\System32\OpenSSH\;C:\Program Files\Docker\Docker\resources\bin;C:\Program Files\Microsoft SQL Server\170\Tools\Binn\;C:\Program Files\Microsoft SQL Server\Client SDK\ODBC\170\Tools\Binn\;C:\Program Files\Mullvad VPN\resources;C:\Program Files\dotnet\;C:\Users\Lenovo\AppData\Local\Microsoft\WindowsApps;C:\Users\Lenovo\AppData\Local\Programs\Microsoft VS Code\bin;C:\Users\Lenovo\AppData\Roaming\npm;C:\Program Files\JetBrains\PhpStorm 2026.1.3\bin;C:\Users\Lenovo\AppData\Local\Programs\mongosh\;C:\Users\Lenovo\.dotnet\tools
USERNAME=Lenovo
OS=Windows_NT
PROCESSOR_IDENTIFIER=AMD64 Family 23 Model 104 Stepping 1, AuthenticAMD
TMP=C:\Users\Lenovo\AppData\Local\Temp
TEMP=C:\Users\Lenovo\AppData\Local\Temp




Periodic native trim disabled

---------------  S Y S T E M  ---------------

OS:
 Windows 11 , 64 bit Build 26100 (10.0.26100.8875)
OS uptime: 0 days 2:30 hours
Hyper-V role detected

CPU: total 12 (initial active 12) (12 cores per cpu, 2 threads per core) family 23 model 104 stepping 1 microcode 0x8608103, cx8, cmov, fxsr, ht, mmx, 3dnowpref, sse, sse2, sse3, ssse3, sse4a, sse4.1, sse4.2, popcnt, lzcnt, tsc, tscinvbit, avx, avx2, aes, clmul, bmi1, bmi2, adx, sha, fma, vzeroupper, clflush, clflushopt, hv, rdtscp, rdpid, f16c
Processor Information for the first 12 processors :
  Max Mhz: 2100, Current Mhz: 2100, Mhz Limit: 2100

Memory: 4k page, system-wide physical 15178M (5589M free)
TotalPageFile size 15178M (AvailPageFile size 0M)
current process WorkingSet (physical memory assigned to process): 152M, peak: 155M
current process commit charge ("private bytes"): 290M, peak: 294M

vm_info: OpenJDK 64-Bit Server VM (21.0.11+10-LTS) for windows-amd64 JRE (21.0.11+10-LTS), built on 2026-04-21T00:00:00Z by "admin" with MS VC++ 17.12 (VS2022)

END.
