version 2
JvmtiExport can_access_local_variables 0
JvmtiExport can_hotswap_or_post_breakpoint 0
JvmtiExport can_post_on_exceptions 0
# 361 ciObject found
instanceKlass java/lang/invoke/MethodType
ciInstanceKlass java/lang/Cloneable 1 0 7 100 1 100 1 1 1
instanceKlass org/springframework/core/annotation/AnnotationTypeMapping
# instanceKlass org/springframework/core/annotation/AnnotationTypeMappings$$Lambda+0x000002d7011641c0
instanceKlass org/springframework/core/annotation/AnnotationTypeMappings$Cache
instanceKlass org/springframework/core/annotation/AnnotationTypeMappings
# instanceKlass org/springframework/core/annotation/RepeatableContainers$StandardRepeatableContainers$$Lambda+0x000002d701163b58
instanceKlass org/springframework/util/ObjectUtils
instanceKlass org/springframework/core/annotation/AnnotationsScanner$1
instanceKlass org/springframework/core/annotation/MergedAnnotationSelectors$FirstDirectlyDeclared
instanceKlass org/springframework/core/annotation/MergedAnnotationSelectors$Nearest
instanceKlass org/springframework/core/annotation/MergedAnnotationSelector
instanceKlass org/springframework/core/annotation/MergedAnnotationSelectors
instanceKlass org/springframework/core/annotation/MergedAnnotation
instanceKlass org/springframework/core/annotation/TypeMappedAnnotations$MergedAnnotationFinder
# instanceKlass org/springframework/core/annotation/AttributeMethods$$Lambda+0x000002d701162828
# instanceKlass org/springframework/core/annotation/AttributeMethods$$Lambda+0x000002d701162590
instanceKlass org/springframework/core/annotation/AttributeMethods
instanceKlass org/springframework/core/Ordered
instanceKlass org/springframework/core/annotation/AnnotationsScanner
instanceKlass org/springframework/core/annotation/AnnotationsProcessor
instanceKlass org/springframework/core/annotation/TypeMappedAnnotations
# instanceKlass org/springframework/core/annotation/MergedAnnotations$Search$$Lambda+0x000002d701160cf0
# instanceKlass org/springframework/core/annotation/MergedAnnotations$Search$$Lambda+0x000002d701160aa0
instanceKlass org/springframework/core/annotation/MergedAnnotations$Search
instanceKlass org/springframework/core/annotation/RepeatableContainers
instanceKlass org/springframework/core/annotation/MergedAnnotations
instanceKlass org/springframework/core/annotation/AnnotationFilter$2
instanceKlass org/springframework/core/annotation/AnnotationFilter$1
instanceKlass java/util/ComparableTimSort
instanceKlass org/springframework/core/annotation/PackagesAnnotationFilter
instanceKlass org/springframework/core/annotation/AnnotationFilter
instanceKlass org/springframework/core/annotation/AnnotationUtils
# instanceKlass org/springframework/test/context/TestContextAnnotationUtils$$Lambda+0x000002d70115af58
instanceKlass org/springframework/util/ConcurrentLruCache$WriteOperations
instanceKlass java/util/concurrent/atomic/AtomicReferenceArray
instanceKlass java/util/concurrent/atomic/AtomicLongArray
instanceKlass org/springframework/util/ConcurrentLruCache$ReadOperations
instanceKlass org/springframework/util/ConcurrentLruCache$EvictionQueue
# instanceKlass org/springframework/test/context/TestContextAnnotationUtils$$Lambda+0x000002d70115fb28
instanceKlass org/springframework/util/ConcurrentLruCache
instanceKlass org/springframework/test/context/TestContextAnnotationUtils
# instanceKlass java/lang/invoke/LambdaForm$MH+0x000002d701159400
# instanceKlass java/lang/invoke/LambdaForm$MH+0x000002d701159000
instanceKlass  @bci java/lang/reflect/Executable sharedToString (IZ[Ljava/lang/Class;[Ljava/lang/Class;)Ljava/lang/String; 29 <appendix> argL0 ; # java/lang/reflect/Executable$$Lambda+0x000002d7010d4130
instanceKlass org/springframework/core/style/ToStringStyler
instanceKlass org/springframework/core/style/ValueStyler
instanceKlass org/springframework/test/context/support/DefaultBootstrapContext
instanceKlass org/springframework/test/context/BootstrapContext
instanceKlass org/springframework/core/NativeDetector
instanceKlass org/springframework/aot/AotDetector
instanceKlass org/springframework/test/context/aot/AotTestContextInitializersFactory
instanceKlass org/springframework/test/context/aot/AotTestContextInitializers
instanceKlass org/springframework/core/OrderComparator
instanceKlass org/springframework/test/context/util/TestContextFailureHandler
# instanceKlass org/springframework/core/io/support/SpringFactoriesLoader$$Lambda+0x000002d70115d618
instanceKlass  @bci org/springframework/core/io/support/SpringFactoriesLoader lambda$loadFactoriesResource$0 (Ljava/util/Map;Ljava/lang/Object;Ljava/lang/Object;)V 53 <appendix> member <vmtarget> ; # org/springframework/core/io/support/SpringFactoriesLoader$$Lambda+0x000002d70115d3e0
instanceKlass  @bci org/springframework/core/io/support/SpringFactoriesLoader lambda$loadFactoriesResource$0 (Ljava/util/Map;Ljava/lang/Object;Ljava/lang/Object;)V 36 <appendix> argL0 ; # org/springframework/core/io/support/SpringFactoriesLoader$$Lambda+0x000002d70115d1a0
instanceKlass  @bci org/springframework/core/io/support/SpringFactoriesLoader lambda$loadFactoriesResource$0 (Ljava/util/Map;Ljava/lang/Object;Ljava/lang/Object;)V 17 <appendix> member <vmtarget> ; # org/springframework/core/io/support/SpringFactoriesLoader$$Lambda+0x000002d70115cf58
instanceKlass  @bci org/springframework/core/io/support/SpringFactoriesLoader loadFactoriesResource (Ljava/lang/ClassLoader;Ljava/lang/String;)Ljava/util/Map; 51 <appendix> member <vmtarget> ; # org/springframework/core/io/support/SpringFactoriesLoader$$Lambda+0x000002d70115cd20
instanceKlass java/net/URLDecoder
instanceKlass org/springframework/util/ResourceUtils
instanceKlass org/springframework/util/PropertiesPersister
instanceKlass org/springframework/core/io/support/PropertiesLoaderUtils
instanceKlass java/nio/channels/ReadableByteChannel
instanceKlass java/nio/channels/Channel
instanceKlass org/springframework/core/io/AbstractResource
instanceKlass  @bci org/springframework/core/io/support/SpringFactoriesLoader forResourceLocation (Ljava/lang/String;Ljava/lang/ClassLoader;)Lorg/springframework/core/io/support/SpringFactoriesLoader; 42 <appendix> member <vmtarget> ; # org/springframework/core/io/support/SpringFactoriesLoader$$Lambda+0x000002d7011579e8
instanceKlass org/springframework/util/ConcurrentReferenceHashMap$Entry
instanceKlass  @bci org/springframework/util/ConcurrentReferenceHashMap$Segment doTask (ILjava/lang/Object;Lorg/springframework/util/ConcurrentReferenceHashMap$Task;)Ljava/lang/Object; 112 <adapter> ; # java/lang/invoke/LambdaForm$MH+0x000002d701158c00
# instanceKlass java/lang/invoke/LambdaForm$DMH+0x000002d701158800
instanceKlass  @bci org/springframework/util/ConcurrentReferenceHashMap$Segment doTask (ILjava/lang/Object;Lorg/springframework/util/ConcurrentReferenceHashMap$Task;)Ljava/lang/Object; 112 <appendix> form vmentry <vmtarget> ; # java/lang/invoke/LambdaForm$DMH+0x000002d701158400
instanceKlass  @bci org/springframework/util/ConcurrentReferenceHashMap$Segment doTask (ILjava/lang/Object;Lorg/springframework/util/ConcurrentReferenceHashMap$Task;)Ljava/lang/Object; 112 <appendix> member <vmtarget> ; # org/springframework/util/ConcurrentReferenceHashMap$Segment$$Lambda+0x000002d7011570e8
instanceKlass  @cpi org/springframework/util/ConcurrentReferenceHashMap$Segment 256 form vmentry <vmtarget> ; # java/lang/invoke/LambdaForm$DMH+0x000002d701158000
instanceKlass org/springframework/util/ConcurrentReferenceHashMap$Entries
instanceKlass  @bci org/springframework/core/io/support/SpringFactoriesLoader forResourceLocation (Ljava/lang/String;Ljava/lang/ClassLoader;)Lorg/springframework/core/io/support/SpringFactoriesLoader; 24 <appendix> argL0 ; # org/springframework/core/io/support/SpringFactoriesLoader$$Lambda+0x000002d701156428
instanceKlass  @bci org/springframework/core/io/support/SpringFactoriesLoader$FailureHandler handleMessage (Ljava/util/function/BiConsumer;)Lorg/springframework/core/io/support/SpringFactoriesLoader$FailureHandler; 1 <appendix> member <vmtarget> ; # org/springframework/core/io/support/SpringFactoriesLoader$FailureHandler$$Lambda+0x000002d701156200
instanceKlass  @bci org/springframework/core/io/support/SpringFactoriesLoader$FailureHandler throwing (Ljava/util/function/BiFunction;)Lorg/springframework/core/io/support/SpringFactoriesLoader$FailureHandler; 1 <appendix> member <vmtarget> ; # org/springframework/core/io/support/SpringFactoriesLoader$FailureHandler$$Lambda+0x000002d701155fc8
instanceKlass  @bci org/springframework/core/io/support/SpringFactoriesLoader$FailureHandler throwing ()Lorg/springframework/core/io/support/SpringFactoriesLoader$FailureHandler; 0 <appendix> argL0 ; # org/springframework/core/io/support/SpringFactoriesLoader$FailureHandler$$Lambda+0x000002d701155d98
instanceKlass org/springframework/core/io/Resource
instanceKlass org/springframework/core/io/InputStreamSource
instanceKlass org/springframework/core/io/support/SpringFactoriesLoader
instanceKlass org/springframework/core/io/support/SpringFactoriesLoader$FailureHandler
instanceKlass org/springframework/test/context/util/TestContextSpringFactoriesUtils
instanceKlass org/springframework/test/context/ApplicationContextFailureProcessor
instanceKlass org/springframework/util/StringUtils
instanceKlass org/springframework/core/SpringProperties
instanceKlass org/springframework/test/context/cache/ContextCacheUtils
instanceKlass org/springframework/test/context/cache/DefaultContextCache
instanceKlass org/springframework/context/ApplicationContext
instanceKlass org/springframework/core/io/support/ResourcePatternResolver
instanceKlass org/springframework/core/io/ResourceLoader
instanceKlass org/springframework/context/ApplicationEventPublisher
instanceKlass org/springframework/context/MessageSource
instanceKlass org/springframework/beans/factory/HierarchicalBeanFactory
instanceKlass org/springframework/beans/factory/ListableBeanFactory
instanceKlass org/springframework/beans/factory/BeanFactory
instanceKlass org/springframework/core/env/EnvironmentCapable
instanceKlass org/springframework/test/context/MergedContextConfiguration
instanceKlass org/springframework/test/context/cache/ContextCache
instanceKlass org/springframework/core/KotlinDetector
instanceKlass java/lang/Short$ShortCache
instanceKlass java/lang/Byte$ByteCache
instanceKlass org/springframework/beans/BeanUtils
instanceKlass org/springframework/core/log/LogMessage
instanceKlass org/springframework/test/context/cache/DefaultCacheAwareContextLoaderDelegate
instanceKlass org/springframework/test/context/CacheAwareContextLoaderDelegate
instanceKlass org/springframework/test/context/web/WebAppConfiguration
instanceKlass org/springframework/test/context/BootstrapUtils
instanceKlass java/util/IdentityHashMap$EntryIterator$Entry
instanceKlass java/util/IdentityHashMap$IdentityHashMapIterator
instanceKlass org/springframework/util/ClassUtils
instanceKlass org/springframework/util/MultiValueMap
instanceKlass org/springframework/util/CollectionUtils
instanceKlass org/apache/commons/logging/impl/Slf4jLogFactory$Slf4jLocationAwareLog
instanceKlass ch/qos/logback/classic/util/LoggerNameUtil
instanceKlass  @bci org/apache/commons/logging/impl/Slf4jLogFactory getInstance (Ljava/lang/String;)Lorg/apache/commons/logging/Log; 5 <appendix> argL0 ; # org/apache/commons/logging/impl/Slf4jLogFactory$$Lambda+0x000002d70114ad50
instanceKlass  @bci org/apache/commons/logging/LogFactory newStandardFactory (Ljava/lang/ClassLoader;)Lorg/apache/commons/logging/LogFactory; 36 <appendix> argL0 ; # org/apache/commons/logging/LogFactory$$Lambda+0x000002d70114ab30
instanceKlass org/slf4j/helpers/BasicMarker
instanceKlass org/slf4j/helpers/Reporter
instanceKlass ch/qos/logback/core/util/StatusPrinter2
instanceKlass ch/qos/logback/core/util/StatusPrinter
instanceKlass ch/qos/logback/core/status/StatusUtil
instanceKlass ch/qos/logback/core/spi/AppenderAttachableImpl
instanceKlass ch/qos/logback/core/util/ReentryGuard$ReentryGuardImpl
instanceKlass ch/qos/logback/core/util/ReentryGuard
instanceKlass ch/qos/logback/core/util/ReentryGuardFactory
instanceKlass ch/qos/logback/core/pattern/Converter
instanceKlass ch/qos/logback/core/util/CachingDateFormatter$CacheTuple
instanceKlass  @bci java/time/format/DateTimeFormatter <clinit> ()V 1075 <appendix> argL0 ; # java/time/format/DateTimeFormatter$$Lambda+0x80000000d
instanceKlass  @bci java/time/format/DateTimeFormatter <clinit> ()V 1067 <appendix> argL0 ; # java/time/format/DateTimeFormatter$$Lambda+0x80000000c
instanceKlass java/time/Period
instanceKlass java/time/chrono/ChronoPeriod
instanceKlass java/time/format/DateTimeFormatterBuilder$TextPrinterParser
instanceKlass java/time/format/DateTimeTextProvider$1
instanceKlass java/time/format/DateTimeTextProvider
instanceKlass java/time/format/DateTimeTextProvider$LocaleStore
instanceKlass java/time/format/DateTimeFormatterBuilder$InstantPrinterParser
instanceKlass java/time/format/DateTimeFormatterBuilder$StringLiteralPrinterParser
instanceKlass java/time/format/DateTimeFormatterBuilder$ZoneIdPrinterParser
instanceKlass java/time/format/DateTimeFormatterBuilder$OffsetIdPrinterParser
instanceKlass java/time/format/DecimalStyle
instanceKlass java/time/format/DateTimeFormatterBuilder$CompositePrinterParser
instanceKlass java/time/format/DateTimeFormatterBuilder$CharLiteralPrinterParser
instanceKlass java/time/format/DateTimeFormatterBuilder$NumberPrinterParser
instanceKlass java/time/format/DateTimeFormatterBuilder$DateTimePrinterParser
instanceKlass java/time/temporal/JulianFields
instanceKlass java/time/temporal/IsoFields
instanceKlass  @bci java/time/format/DateTimeFormatterBuilder <clinit> ()V 0 <appendix> argL0 ; # java/time/format/DateTimeFormatterBuilder$$Lambda+0x80000000e
instanceKlass java/time/temporal/TemporalQuery
instanceKlass java/time/format/DateTimeFormatterBuilder
instanceKlass java/time/format/DateTimeFormatter
instanceKlass java/time/chrono/AbstractChronology
instanceKlass java/time/chrono/Chronology
instanceKlass java/time/LocalTime
instanceKlass java/time/temporal/ValueRange
instanceKlass java/time/temporal/TemporalField
instanceKlass java/time/LocalDate
instanceKlass java/time/chrono/ChronoLocalDate
instanceKlass java/time/zone/ZoneOffsetTransition
instanceKlass java/time/LocalDateTime
instanceKlass java/time/chrono/ChronoLocalDateTime
instanceKlass java/time/temporal/TemporalAdjuster
instanceKlass java/time/temporal/Temporal
instanceKlass java/time/zone/ZoneOffsetTransitionRule
instanceKlass java/time/zone/ZoneRules
instanceKlass java/time/zone/Ser
instanceKlass java/io/Externalizable
instanceKlass java/time/zone/ZoneRulesProvider$1
instanceKlass java/time/zone/ZoneRulesProvider
instanceKlass sun/util/calendar/ZoneInfoFile$ZoneOffsetTransitionRule
instanceKlass sun/util/calendar/ZoneInfoFile$1
instanceKlass sun/util/calendar/ZoneInfoFile
instanceKlass java/util/TimeZone
instanceKlass java/time/ZoneId
instanceKlass java/time/temporal/TemporalAccessor
instanceKlass ch/qos/logback/core/util/CachingDateFormatter
instanceKlass ch/qos/logback/core/util/SimpleTimeBasedGuard
instanceKlass ch/qos/logback/core/util/COWArrayList
instanceKlass ch/qos/logback/core/spi/FilterAttachableImpl
instanceKlass ch/qos/logback/core/Appender
instanceKlass ch/qos/logback/core/spi/FilterAttachable
instanceKlass ch/qos/logback/core/encoder/Encoder
instanceKlass ch/qos/logback/core/Layout
instanceKlass  @bci ch/qos/logback/classic/util/ContextInitializer printDuration (JLch/qos/logback/classic/spi/Configurator;Lch/qos/logback/classic/spi/Configurator$ExecutionStatus;)V 31 <adapter> ; # java/lang/invoke/LambdaForm$MH+0x000002d701149400
# instanceKlass java/lang/invoke/LambdaForm$DMH+0x000002d701149000
instanceKlass  @bci ch/qos/logback/classic/util/ContextInitializer printDuration (JLch/qos/logback/classic/spi/Configurator;Lch/qos/logback/classic/spi/Configurator$ExecutionStatus;)V 31 <appendix> form vmentry <vmtarget> ; # java/lang/invoke/LambdaForm$MH+0x000002d701148c00
# instanceKlass java/lang/invoke/LambdaForm$MH+0x000002d701148800
instanceKlass  @bci ch/qos/logback/classic/util/ContextInitializer printDuration (JLch/qos/logback/classic/spi/Configurator;Lch/qos/logback/classic/spi/Configurator$ExecutionStatus;)V 31 <appendix> form names 8 function resolvedHandle form vmentry <vmtarget> ; # java/lang/invoke/LambdaForm$DMH+0x000002d701148400
instanceKlass  @bci ch/qos/logback/classic/util/ContextInitializer printDuration (JLch/qos/logback/classic/spi/Configurator;Lch/qos/logback/classic/spi/Configurator$ExecutionStatus;)V 31 <appendix> argL3 form vmentry <vmtarget> ; # java/lang/invoke/LambdaForm$MH+0x000002d701148000
# instanceKlass java/lang/invoke/LambdaForm$MH+0x000002d701147c00
# instanceKlass java/lang/invoke/LambdaForm$MH+0x000002d701147800
# instanceKlass java/lang/invoke/LambdaForm$MH+0x000002d701147400
# instanceKlass java/lang/invoke/LambdaForm$MH+0x000002d701147000
# instanceKlass java/lang/invoke/LambdaForm$MH+0x000002d701146c00
# instanceKlass java/lang/invoke/LambdaForm$MH+0x000002d701146800
instanceKlass  @bci ch/qos/logback/classic/util/ContextInitializer printDuration (JLch/qos/logback/classic/spi/Configurator;Lch/qos/logback/classic/spi/Configurator$ExecutionStatus;)V 31 <appendix> form names 12 function resolvedHandle form vmentry <vmtarget> ; # java/lang/invoke/LambdaForm$DMH+0x000002d701146400
instanceKlass  @bci ch/qos/logback/classic/util/ContextInitializer printDuration (JLch/qos/logback/classic/spi/Configurator;Lch/qos/logback/classic/spi/Configurator$ExecutionStatus;)V 31 <appendix> argL1 form vmentry <vmtarget> ; # java/lang/invoke/LambdaForm$MH+0x000002d701146000
# instanceKlass java/lang/invoke/LambdaForm$MH+0x000002d701145c00
instanceKlass  @bci ch/qos/logback/classic/util/ContextInitializer printDuration (JLch/qos/logback/classic/spi/Configurator;Lch/qos/logback/classic/spi/Configurator$ExecutionStatus;)V 31 <appendix> argL1 form names 9 function resolvedHandle form vmentry <vmtarget> ; # java/lang/invoke/LambdaForm$DMH+0x000002d701145800
instanceKlass  @bci ch/qos/logback/classic/util/ContextInitializer printDuration (JLch/qos/logback/classic/spi/Configurator;Lch/qos/logback/classic/spi/Configurator$ExecutionStatus;)V 31 <appendix> argL1 argL0 form vmentry <vmtarget> ; # java/lang/invoke/LambdaForm$MH+0x000002d701145400
instanceKlass  @bci ch/qos/logback/classic/util/ContextInitializer printDuration (JLch/qos/logback/classic/spi/Configurator;Lch/qos/logback/classic/spi/Configurator$ExecutionStatus;)V 31 <appendix> argL1 argL0 argL1 form vmentry <vmtarget> ; # java/lang/invoke/LambdaForm$MH+0x000002d701145000
# instanceKlass java/lang/invoke/LambdaForm$MH+0x000002d701144c00
# instanceKlass java/lang/invoke/LambdaForm$MH+0x000002d701144800
# instanceKlass java/lang/invoke/LambdaForm$MH+0x000002d701144400
# instanceKlass java/lang/invoke/LambdaForm$MH+0x000002d701144000
instanceKlass ch/qos/logback/classic/spi/ConfiguratorRank
instanceKlass ch/qos/logback/core/spi/ContextAwareBase
instanceKlass ch/qos/logback/classic/util/ClassicEnvUtil
instanceKlass ch/qos/logback/core/status/StatusListener
instanceKlass ch/qos/logback/core/util/StatusListenerConfigHelper
instanceKlass ch/qos/logback/core/status/StatusBase
instanceKlass ch/qos/logback/core/util/VersionUtil
instanceKlass ch/qos/logback/classic/ClassicConstants
instanceKlass ch/qos/logback/classic/util/ClassicVersionUtil
instanceKlass ch/qos/logback/core/CoreConstants
instanceKlass ch/qos/logback/core/util/CoreVersionUtil
instanceKlass ch/qos/logback/core/util/OptionHelper
instanceKlass ch/qos/logback/core/util/Loader
instanceKlass ch/qos/logback/classic/spi/Configurator
instanceKlass ch/qos/logback/core/spi/ContextAwareImpl
instanceKlass ch/qos/logback/classic/util/ContextInitializer$1
instanceKlass ch/qos/logback/core/spi/ContextAware
instanceKlass ch/qos/logback/classic/util/ContextInitializer
instanceKlass org/slf4j/MDC
instanceKlass ch/qos/logback/classic/util/LogbackMDCAdapter
instanceKlass ch/qos/logback/classic/Level
instanceKlass ch/qos/logback/classic/spi/ILoggingEvent
instanceKlass ch/qos/logback/core/spi/DeferredProcessingAware
instanceKlass org/slf4j/spi/LoggingEventBuilder
instanceKlass ch/qos/logback/classic/Logger
instanceKlass ch/qos/logback/core/spi/AppenderAttachable
instanceKlass org/slf4j/spi/LoggingEventAware
instanceKlass org/slf4j/spi/LocationAwareLogger
instanceKlass ch/qos/logback/classic/spi/LoggerContextVO
instanceKlass ch/qos/logback/core/spi/LogbackLock
instanceKlass ch/qos/logback/core/helpers/CyclicBuffer
instanceKlass ch/qos/logback/core/BasicStatusManager
instanceKlass java/util/concurrent/ExecutorService
instanceKlass java/util/concurrent/Executor
instanceKlass ch/qos/logback/core/status/Status
instanceKlass ch/qos/logback/core/status/StatusManager
instanceKlass ch/qos/logback/core/ContextBase
instanceKlass ch/qos/logback/core/spi/LifeCycle
instanceKlass ch/qos/logback/core/Context
instanceKlass ch/qos/logback/core/spi/PropertyContainer
instanceKlass ch/qos/logback/classic/spi/LogbackServiceProvider
instanceKlass org/slf4j/helpers/Util
instanceKlass org/slf4j/helpers/NOPMDCAdapter
instanceKlass org/slf4j/helpers/NOPLoggerFactory
instanceKlass org/slf4j/helpers/NOP_FallbackServiceProvider
instanceKlass org/slf4j/helpers/ThreadLocalMapOfStacks
instanceKlass org/slf4j/helpers/BasicMDCAdapter
instanceKlass org/slf4j/Marker
instanceKlass org/slf4j/helpers/BasicMarkerFactory
instanceKlass java/util/concurrent/LinkedBlockingQueue$Node
instanceKlass java/util/concurrent/BlockingQueue
instanceKlass org/slf4j/Logger
instanceKlass org/slf4j/helpers/SubstituteLoggerFactory
instanceKlass org/slf4j/ILoggerFactory
instanceKlass org/slf4j/spi/MDCAdapter
instanceKlass org/slf4j/helpers/SubstituteServiceProvider
instanceKlass org/slf4j/event/LoggingEvent
instanceKlass org/slf4j/spi/SLF4JServiceProvider
instanceKlass org/slf4j/LoggerFactory
instanceKlass org/slf4j/IMarkerFactory
instanceKlass org/slf4j/MarkerFactory
instanceKlass org/apache/commons/logging/Log
instanceKlass  @bci org/apache/logging/log4j/util/SortedArrayStringMap <clinit> ()V 0 <appendix> argL0 ; # org/apache/logging/log4j/util/SortedArrayStringMap$$Lambda+0x000002d701132960
instanceKlass  @cpi org/apache/logging/log4j/util/SortedArrayStringMap 405 form vmentry <vmtarget> ; # java/lang/invoke/LambdaForm$DMH+0x000002d701130c00
instanceKlass org/apache/logging/log4j/util/TriConsumer
instanceKlass org/apache/logging/log4j/util/SortedArrayStringMap
instanceKlass org/apache/logging/log4j/util/IndexedStringMap
instanceKlass org/apache/logging/log4j/util/IndexedReadOnlyStringMap
instanceKlass org/apache/logging/log4j/util/StringMap
instanceKlass org/apache/logging/log4j/util/ReadOnlyStringMap
instanceKlass org/apache/logging/slf4j/MDCContextMap
instanceKlass org/apache/logging/log4j/spi/CleanableThreadContextMap
instanceKlass org/apache/logging/log4j/spi/ThreadContextMap2
instanceKlass  @bci org/apache/logging/log4j/util/PropertiesUtil$Environment get (Ljava/lang/String;)Ljava/lang/String; 35 <appendix> argL0 ; # org/apache/logging/log4j/util/PropertiesUtil$Environment$$Lambda+0x000002d701137128
instanceKlass  @bci org/apache/logging/log4j/util/PropertiesUtil$Environment get (Ljava/lang/String;)Ljava/lang/String; 25 <appendix> member <vmtarget> ; # org/apache/logging/log4j/util/PropertiesUtil$Environment$$Lambda+0x000002d701136ee0
instanceKlass org/apache/logging/log4j/util/PropertySource$Comparator
instanceKlass org/apache/logging/log4j/util/PropertySource$Util
instanceKlass org/apache/logging/log4j/util/Cast
instanceKlass org/apache/logging/log4j/util/LazyUtil$1
instanceKlass org/apache/logging/log4j/util/LazyUtil
instanceKlass org/springframework/boot/logging/log4j2/SpringBootPropertySource
instanceKlass org/apache/logging/log4j/util/SystemPropertiesPropertySource
instanceKlass org/apache/logging/log4j/util/EnvironmentPropertySource
instanceKlass  @bci org/apache/logging/log4j/util/PropertiesUtil$Environment <init> (Lorg/apache/logging/log4j/util/PropertySource;)V 99 <appendix> member <vmtarget> ; # org/apache/logging/log4j/util/PropertiesUtil$Environment$$Lambda+0x000002d701135a70
instanceKlass  @bci org/apache/logging/log4j/util/ServiceLoaderUtil safeStream (Ljava/lang/Class;Ljava/util/ServiceLoader;Lorg/apache/logging/log4j/Logger;)Ljava/util/stream/Stream; 71 <appendix> member <vmtarget> ; # org/apache/logging/log4j/util/ServiceLoaderUtil$$Lambda+0x000002d701135818
instanceKlass org/apache/logging/log4j/util/OsgiServiceLocator
instanceKlass  @bci org/apache/logging/log4j/util/StackLocator getCallerClass (I)Ljava/lang/Class; 15 <appendix> argL0 ; # org/apache/logging/log4j/util/StackLocator$$Lambda+0x000002d7011353d0
instanceKlass java/lang/StackStreamFactory$FrameBuffer
instanceKlass java/lang/StackStreamFactory
instanceKlass  @bci org/apache/logging/log4j/util/StackLocator getCallerClass (I)Ljava/lang/Class; 4 <appendix> member <vmtarget> ; # org/apache/logging/log4j/util/StackLocator$$Lambda+0x000002d701135190
instanceKlass  @cpi org/apache/logging/log4j/util/StackLocator 271 form vmentry <vmtarget> ; # java/lang/invoke/LambdaForm$DMH+0x000002d701130800
instanceKlass org/apache/logging/log4j/util/StackLocator
instanceKlass org/apache/logging/log4j/util/StackLocatorUtil
instanceKlass java/util/Spliterators$AbstractSpliterator
instanceKlass org/apache/logging/log4j/util/ServiceLoaderUtil
instanceKlass  @bci org/apache/logging/log4j/util/PropertiesUtil$Environment <init> (Lorg/apache/logging/log4j/util/PropertySource;)V 34 <appendix> argL0 ; # org/apache/logging/log4j/util/PropertiesUtil$Environment$$Lambda+0x000002d701134690
instanceKlass org/apache/logging/log4j/util/BiConsumer
instanceKlass org/apache/logging/log4j/util/PropertiesUtil$Environment
instanceKlass org/apache/logging/log4j/util/PropertiesPropertySource
instanceKlass  @bci java/util/regex/CharPredicates ASCII_WORD ()Ljava/util/regex/Pattern$BmpCharPredicate; 0 <appendix> argL0 ; # java/util/regex/CharPredicates$$Lambda+0x000002d7010ca830
instanceKlass org/apache/logging/log4j/util/LazyUtil$SafeLazy
instanceKlass org/apache/logging/log4j/util/Lazy
instanceKlass  @bci org/apache/logging/log4j/util/PropertiesUtil <clinit> ()V 6 <appendix> argL0 ; # org/apache/logging/log4j/util/PropertiesUtil$$Lambda+0x000002d70112f4f0
instanceKlass org/apache/logging/log4j/util/PropertySource
instanceKlass org/apache/logging/log4j/util/PropertiesUtil
instanceKlass org/apache/logging/log4j/util/LoaderUtil$ThreadContextClassLoaderGetter
instanceKlass  @bci org/apache/logging/log4j/util/LoaderUtil <clinit> ()V 23 <appendix> argL0 ; # org/apache/logging/log4j/util/LoaderUtil$$Lambda+0x000002d70112ec90
instanceKlass  @cpi org/apache/logging/log4j/util/LoaderUtil 455 form vmentry <vmtarget> ; # java/lang/invoke/LambdaForm$DMH+0x000002d701130400
# instanceKlass java/lang/invoke/LambdaForm$DMH+0x000002d701130000
instanceKlass org/apache/logging/log4j/util/LazyBoolean
instanceKlass java/util/function/BooleanSupplier
instanceKlass org/apache/logging/log4j/util/LoaderUtil
instanceKlass org/apache/logging/log4j/spi/LoggerRegistry
instanceKlass org/apache/logging/slf4j/SLF4JLoggerContext
instanceKlass org/apache/logging/log4j/spi/LoggerContext
instanceKlass org/apache/logging/slf4j/SLF4JLoggerContextFactory
instanceKlass java/util/concurrent/ConcurrentLinkedQueue$Node
instanceKlass org/apache/logging/log4j/message/ExitMessage
instanceKlass org/apache/logging/log4j/message/EntryMessage
instanceKlass org/apache/logging/log4j/message/FlowMessage
instanceKlass org/apache/logging/log4j/status/StatusConsoleListener
instanceKlass  @bci java/util/regex/CharPredicates forUnicodeBlock (Ljava/lang/String;)Ljava/util/regex/Pattern$CharPredicate; 6 <appendix> member <vmtarget> ; # java/util/regex/CharPredicates$$Lambda+0x000002d7010c8d38
instanceKlass java/lang/Character$Subset
instanceKlass  @bci org/apache/logging/log4j/status/StatusLogger$PropertiesUtilsDouble normalizeProperties ([Ljava/util/Properties;)Ljava/util/Map; 31 <appendix> member <vmtarget> ; # org/apache/logging/log4j/status/StatusLogger$PropertiesUtilsDouble$$Lambda+0x000002d70112cf60
instanceKlass java/util/Collections$UnmodifiableMap$UnmodifiableEntrySet$UnmodifiableEntry
instanceKlass java/util/Collections$UnmodifiableMap$UnmodifiableEntrySet$1
instanceKlass java/lang/ProcessEnvironment$CheckedEntry
instanceKlass java/lang/ProcessEnvironment$CheckedEntrySet$1
instanceKlass java/lang/ProcessEnvironment$EntryComparator
instanceKlass java/lang/ProcessEnvironment$NameComparator
instanceKlass org/apache/logging/log4j/status/StatusLogger$PropertiesUtilsDouble
instanceKlass org/apache/logging/log4j/status/StatusLogger$Config
instanceKlass org/apache/logging/log4j/status/StatusLogger$InstanceHolder
instanceKlass java/util/RegularEnumSet$EnumSetIterator
instanceKlass  @bci org/apache/logging/log4j/util/Strings <clinit> ()V 0 <appendix> argL0 ; # org/apache/logging/log4j/util/Strings$$Lambda+0x000002d70112c418
instanceKlass org/apache/logging/log4j/util/Strings
instanceKlass org/apache/logging/log4j/Level
instanceKlass  @bci org/apache/logging/log4j/spi/AbstractLogger <clinit> ()V 142 <appendix> argL0 ; # org/apache/logging/log4j/spi/AbstractLogger$$Lambda+0x000002d70112b790
instanceKlass org/apache/logging/log4j/internal/DefaultLogBuilder
instanceKlass org/apache/logging/log4j/BridgeAware
instanceKlass org/apache/logging/log4j/message/DefaultFlowMessageFactory
instanceKlass org/apache/logging/log4j/message/FlowMessageFactory
instanceKlass org/apache/logging/log4j/message/AbstractMessageFactory
instanceKlass  @bci org/apache/logging/log4j/MarkerManager getMarker (Ljava/lang/String;)Lorg/apache/logging/log4j/Marker; 4 <appendix> argL0 ; # org/apache/logging/log4j/MarkerManager$$Lambda+0x000002d701127898
instanceKlass org/apache/logging/log4j/MarkerManager$Log4jMarker
instanceKlass org/apache/logging/log4j/util/StringBuilderFormattable
instanceKlass org/apache/logging/log4j/Marker
instanceKlass org/apache/logging/log4j/MarkerManager
instanceKlass org/apache/logging/log4j/status/StatusListener
instanceKlass java/util/EventListener
instanceKlass org/apache/logging/log4j/LogBuilder
instanceKlass org/apache/logging/log4j/message/Message
instanceKlass org/apache/logging/log4j/message/MessageFactory2
instanceKlass org/apache/logging/log4j/message/MessageFactory
instanceKlass org/apache/logging/log4j/spi/AbstractLogger
instanceKlass org/apache/logging/log4j/spi/LocationAwareLogger
instanceKlass org/apache/logging/log4j/spi/ExtendedLogger
instanceKlass org/apache/logging/log4j/spi/LoggerContextFactory
instanceKlass org/apache/logging/log4j/spi/ThreadContextMap
instanceKlass org/apache/logging/log4j/Logger
instanceKlass org/apache/logging/log4j/spi/Provider
instanceKlass  @bci org/apache/commons/logging/LogFactory isClassAvailable (Ljava/lang/String;Ljava/lang/ClassLoader;)Z 2 <appendix> member <vmtarget> ; # org/apache/commons/logging/LogFactory$$Lambda+0x000002d701122920
instanceKlass jdk/internal/foreign/MemorySessionImpl
instanceKlass java/lang/foreign/MemorySegment$Scope
instanceKlass  @bci org/apache/commons/logging/LogFactory getFactory ()Lorg/apache/commons/logging/LogFactory; 240 <appendix> argL0 ; # org/apache/commons/logging/LogFactory$$Lambda+0x000002d701122700
instanceKlass  @bci org/apache/commons/logging/LogFactory getFactory ()Lorg/apache/commons/logging/LogFactory; 196 <appendix> argL0 ; # org/apache/commons/logging/LogFactory$$Lambda+0x000002d7011224e0
instanceKlass  @bci org/apache/commons/logging/LogFactory getResources (Ljava/lang/ClassLoader;Ljava/lang/String;)Ljava/util/Enumeration; 2 <appendix> member <vmtarget> ; # org/apache/commons/logging/LogFactory$$Lambda+0x000002d7011222b8
instanceKlass org/apache/commons/logging/impl/WeakHashtable$Referenced
instanceKlass  @bci org/apache/commons/logging/LogFactory getContextClassLoaderInternal ()Ljava/lang/ClassLoader; 0 <appendix> argL0 ; # org/apache/commons/logging/LogFactory$$Lambda+0x000002d701121c38
instanceKlass  @bci org/apache/commons/logging/LogFactory getSystemProperty (Ljava/lang/String;Ljava/lang/String;)Ljava/lang/String; 2 <appendix> member <vmtarget> ; # org/apache/commons/logging/LogFactory$$Lambda+0x000002d701121638
instanceKlass org/apache/commons/logging/LogFactory
instanceKlass  @bci org/junit/platform/engine/support/store/NamespacedHierarchicalStore computeIfAbsent (Ljava/lang/Object;Ljava/lang/Object;Ljava/util/function/Function;)Ljava/lang/Object; 64 <appendix> member <vmtarget> ; # org/junit/platform/engine/support/store/NamespacedHierarchicalStore$$Lambda+0x000002d701120f60
instanceKlass  @bci org/junit/platform/engine/support/store/NamespacedHierarchicalStore$DeferredSupplier <init> (Ljava/util/function/Supplier;)V 15 <appendix> member <vmtarget> ; # org/junit/platform/engine/support/store/NamespacedHierarchicalStore$DeferredSupplier$$Lambda+0x000002d701120d38
instanceKlass java/util/concurrent/FutureTask$WaitNode
instanceKlass java/util/concurrent/FutureTask
instanceKlass java/util/concurrent/RunnableFuture
instanceKlass org/junit/platform/engine/support/store/NamespacedHierarchicalStore$DeferredSupplier
instanceKlass org/junit/platform/engine/support/store/NamespacedHierarchicalStore$StoredValue$DeferredOptionalValue
instanceKlass  @bci org/junit/platform/engine/support/store/NamespacedHierarchicalStore computeIfAbsent (Ljava/lang/Object;Ljava/lang/Object;Ljava/util/function/Function;)Ljava/lang/Object; 45 <appendix> member <vmtarget> ; # org/junit/platform/engine/support/store/NamespacedHierarchicalStore$$Lambda+0x000002d7011206c0
instanceKlass  @bci org/junit/jupiter/engine/execution/NamespaceAwareStore computeIfAbsent (Ljava/lang/Object;Ljava/util/function/Function;Ljava/lang/Class;)Ljava/lang/Object; 25 <appendix> member <vmtarget> ; # org/junit/jupiter/engine/execution/NamespaceAwareStore$$Lambda+0x000002d701120498
instanceKlass  @bci org/springframework/test/context/junit/jupiter/SpringExtension getTestContextManager (Lorg/junit/jupiter/api/extension/ExtensionContext;)Lorg/springframework/test/context/TestContextManager; 20 <appendix> argL0 ; # org/springframework/test/context/junit/jupiter/SpringExtension$$Lambda+0x000002d701120258
instanceKlass org/springframework/test/context/TestContextManager
instanceKlass  @bci org/junit/jupiter/engine/extension/TempDirectory injectFields (Lorg/junit/jupiter/api/extension/ExtensionContext;Ljava/lang/Object;Ljava/lang/Class;Ljava/util/function/Predicate;)V 11 <appendix> member <vmtarget> ; # org/junit/jupiter/engine/extension/TempDirectory$$Lambda+0x000002d70111fbb0
instanceKlass  @bci org/junit/platform/commons/util/AnnotationUtils findAnnotatedFields (Ljava/lang/Class;Ljava/lang/Class;Ljava/util/function/Predicate;Lorg/junit/platform/commons/util/ReflectionUtils$HierarchyTraversalMode;)Ljava/util/List; 23 <appendix> member <vmtarget> ; # org/junit/platform/commons/util/AnnotationUtils$$Lambda+0x000002d70111f958
instanceKlass org/junit/jupiter/api/io/TempDir
instanceKlass  @bci org/junit/jupiter/engine/extension/TempDirectory injectStaticFields (Lorg/junit/jupiter/api/extension/ExtensionContext;Ljava/lang/Class;)V 4 <appendix> argL0 ; # org/junit/jupiter/engine/extension/TempDirectory$$Lambda+0x000002d70111f508
instanceKlass  @bci org/junit/jupiter/engine/extension/TempDirectory installFailureTracker (Lorg/junit/jupiter/api/extension/ExtensionContext;)V 16 <appendix> member <vmtarget> ; # org/junit/jupiter/engine/extension/TempDirectory$$Lambda+0x000002d70111f2d0
instanceKlass  @bci org/junit/jupiter/engine/extension/TempDirectory installFailureTracker (Lorg/junit/jupiter/api/extension/ExtensionContext;)V 7 <appendix> member <vmtarget> ; # org/junit/jupiter/engine/extension/TempDirectory$$Lambda+0x000002d70111f078
instanceKlass  @bci org/junit/jupiter/engine/extension/TimeoutExtension readAndStoreTimeoutSoChildrenInheritIt (Lorg/junit/jupiter/api/extension/ExtensionContext;)V 30 <appendix> member <vmtarget> ; # org/junit/jupiter/engine/extension/TimeoutExtension$$Lambda+0x000002d70111ee40
instanceKlass  @bci org/junit/jupiter/engine/extension/TimeoutExtension readTimeoutThreadModeFromAnnotation (Ljava/util/Optional;)Ljava/util/Optional; 6 <appendix> argL0 ; # org/junit/jupiter/engine/extension/TimeoutExtension$$Lambda+0x000002d70111ec00
instanceKlass  @bci org/junit/jupiter/engine/extension/TimeoutExtension readAndStoreTimeoutSoChildrenInheritIt (Lorg/junit/jupiter/api/extension/ExtensionContext;)V 11 <appendix> member <vmtarget> ; # org/junit/jupiter/engine/extension/TimeoutExtension$$Lambda+0x000002d70111e780
instanceKlass  @bci org/junit/jupiter/engine/extension/TimeoutExtension readTimeoutFromAnnotation (Ljava/util/Optional;)Ljava/util/Optional; 6 <appendix> argL0 ; # org/junit/jupiter/engine/extension/TimeoutExtension$$Lambda+0x000002d70111e540
instanceKlass java/time/temporal/TemporalUnit
instanceKlass  @bci org/junit/jupiter/engine/descriptor/CallbackSupport invokeBeforeCallbacks (Ljava/lang/Class;Lorg/junit/jupiter/engine/execution/JupiterEngineExecutionContext;Lorg/junit/jupiter/engine/descriptor/CallbackSupport$CallbackInvoker;)V 60 <appendix> member <vmtarget> ; # org/junit/jupiter/engine/descriptor/CallbackSupport$$Lambda+0x000002d70111e108
instanceKlass org/junit/jupiter/engine/descriptor/CallbackSupport
instanceKlass  @bci org/junit/jupiter/engine/descriptor/ClassBasedTestDescriptor invokeBeforeAllCallbacks (Lorg/junit/jupiter/engine/execution/JupiterEngineExecutionContext;)V 4 <appendix> argL0 ; # org/junit/jupiter/engine/descriptor/ClassBasedTestDescriptor$$Lambda+0x000002d70111dce0
instanceKlass org/junit/jupiter/engine/descriptor/CallbackSupport$CallbackInvoker
instanceKlass  @bci org/junit/jupiter/engine/execution/ConditionEvaluator logResult (Ljava/lang/Class;Lorg/junit/jupiter/api/extension/ConditionEvaluationResult;Lorg/junit/jupiter/api/extension/ExtensionContext;)V 6 <appendix> member <vmtarget> ; # org/junit/jupiter/engine/execution/ConditionEvaluator$$Lambda+0x000002d70111d8b8
instanceKlass  @bci org/junit/jupiter/engine/extension/DisabledCondition evaluateExecutionCondition (Lorg/junit/jupiter/api/extension/ExtensionContext;)Lorg/junit/jupiter/api/extension/ConditionEvaluationResult; 22 <appendix> member <vmtarget> ; # org/junit/jupiter/engine/extension/DisabledCondition$$Lambda+0x000002d70111d670
instanceKlass org/junit/jupiter/api/Disabled
instanceKlass  @bci org/junit/jupiter/engine/execution/ConditionEvaluator evaluate (Lorg/junit/jupiter/engine/extension/ExtensionRegistry;Lorg/junit/jupiter/engine/config/JupiterConfiguration;Lorg/junit/jupiter/api/extension/ExtensionContext;)Lorg/junit/jupiter/api/extension/ConditionEvaluationResult; 31 <appendix> argL0 ; # org/junit/jupiter/engine/execution/ConditionEvaluator$$Lambda+0x000002d70111d220
instanceKlass  @bci org/junit/jupiter/engine/execution/ConditionEvaluator evaluate (Lorg/junit/jupiter/engine/extension/ExtensionRegistry;Lorg/junit/jupiter/engine/config/JupiterConfiguration;Lorg/junit/jupiter/api/extension/ExtensionContext;)Lorg/junit/jupiter/api/extension/ConditionEvaluationResult; 21 <appendix> member <vmtarget> ; # org/junit/jupiter/engine/execution/ConditionEvaluator$$Lambda+0x000002d70111cfd8
instanceKlass  @bci org/junit/platform/commons/util/ClassNamePatternFilterUtils matchingClasses (Ljava/lang/String;Ljava/util/function/Function;Lorg/junit/platform/commons/util/ClassNamePatternFilterUtils$FilterType;)Ljava/util/function/Predicate; 37 <appendix> argL0 ; # org/junit/platform/commons/util/ClassNamePatternFilterUtils$$Lambda+0x000002d70111cd88
instanceKlass  @bci org/junit/platform/commons/util/ClassNamePatternFilterUtils matchingClasses (Ljava/lang/String;Ljava/util/function/Function;Lorg/junit/platform/commons/util/ClassNamePatternFilterUtils$FilterType;)Ljava/util/function/Predicate; 22 <appendix> member <vmtarget> ; # org/junit/platform/commons/util/ClassNamePatternFilterUtils$$Lambda+0x000002d70111cb40
instanceKlass  @bci org/junit/platform/commons/util/ClassNamePatternFilterUtils matchingClasses (Ljava/lang/String;Ljava/util/function/Function;Lorg/junit/platform/commons/util/ClassNamePatternFilterUtils$FilterType;)Ljava/util/function/Predicate; 12 <appendix> argL0 ; # org/junit/platform/commons/util/ClassNamePatternFilterUtils$$Lambda+0x000002d70111c900
instanceKlass  @bci org/junit/platform/commons/util/ClassNamePatternFilterUtils matchingClasses (Ljava/lang/String;Ljava/util/function/Function;Lorg/junit/platform/commons/util/ClassNamePatternFilterUtils$FilterType;)Ljava/util/function/Predicate; 4 <appendix> argL0 ; # org/junit/platform/commons/util/ClassNamePatternFilterUtils$$Lambda+0x000002d70111c6b0
instanceKlass  @bci org/junit/platform/commons/util/ClassNamePatternFilterUtils excludeMatchingClasses (Ljava/lang/String;)Ljava/util/function/Predicate; 1 <appendix> argL0 ; # org/junit/platform/commons/util/ClassNamePatternFilterUtils$$Lambda+0x000002d70111c030
instanceKlass  @bci org/junit/jupiter/engine/config/CachingJupiterConfiguration getExecutionConditionFilter ()Ljava/util/function/Predicate; 7 <appendix> member <vmtarget> ; # org/junit/jupiter/engine/config/CachingJupiterConfiguration$$Lambda+0x000002d70111bde8
instanceKlass  @bci org/junit/jupiter/engine/descriptor/ClassBasedTestDescriptor testInstancesProvider (Lorg/junit/jupiter/engine/execution/JupiterEngineExecutionContext;Lorg/junit/jupiter/engine/descriptor/ClassExtensionContext;)Lorg/junit/jupiter/engine/execution/TestInstancesProvider; 3 <appendix> member <vmtarget> ; # org/junit/jupiter/engine/descriptor/ClassBasedTestDescriptor$$Lambda+0x000002d70111bbb0
instanceKlass org/junit/jupiter/api/extension/TestInstances
instanceKlass org/junit/jupiter/engine/execution/TestInstancesProvider
instanceKlass  @bci org/junit/jupiter/engine/descriptor/ExtensionUtils registerExtensionsFromInstanceFields (Lorg/junit/jupiter/engine/extension/ExtensionRegistrar;Ljava/lang/Class;)V 11 <appendix> member <vmtarget> ; # org/junit/jupiter/engine/descriptor/ExtensionUtils$$Lambda+0x000002d70111b088
instanceKlass  @bci org/junit/jupiter/engine/descriptor/ExtensionUtils registerExtensionsFromInstanceFields (Lorg/junit/jupiter/engine/extension/ExtensionRegistrar;Ljava/lang/Class;)V 1 <appendix> argL0 ; # org/junit/jupiter/engine/descriptor/ExtensionUtils$$Lambda+0x000002d70111ae38
instanceKlass  @bci org/junit/jupiter/engine/descriptor/ClassBasedTestDescriptor prepare (Lorg/junit/jupiter/engine/execution/JupiterEngineExecutionContext;)Lorg/junit/jupiter/engine/execution/JupiterEngineExecutionContext; 80 <appendix> member <vmtarget> ; # org/junit/jupiter/engine/descriptor/ClassBasedTestDescriptor$$Lambda+0x000002d70111ac00
instanceKlass  @bci org/junit/jupiter/engine/descriptor/ClassBasedTestDescriptor registerAfterEachMethodAdapters (Lorg/junit/jupiter/engine/extension/ExtensionRegistrar;)V 23 <appendix> member <vmtarget> ; # org/junit/jupiter/engine/descriptor/ClassBasedTestDescriptor$$Lambda+0x000002d70111a9b8
instanceKlass org/junit/jupiter/engine/execution/AfterEachMethodAdapter
instanceKlass  @bci org/junit/jupiter/engine/descriptor/ClassBasedTestDescriptor registerMethodsAsExtensions (Ljava/util/List;Lorg/junit/jupiter/engine/extension/ExtensionRegistrar;Ljava/util/function/Function;)V 3 <appendix> member <vmtarget> ; # org/junit/jupiter/engine/descriptor/ClassBasedTestDescriptor$$Lambda+0x000002d70111a580
instanceKlass  @bci org/junit/jupiter/engine/descriptor/ClassBasedTestDescriptor registerBeforeEachMethodAdapters (Lorg/junit/jupiter/engine/extension/ExtensionRegistrar;)V 10 <appendix> member <vmtarget> ; # org/junit/jupiter/engine/descriptor/ClassBasedTestDescriptor$$Lambda+0x000002d70111a338
instanceKlass org/junit/jupiter/engine/execution/BeforeEachMethodAdapter
instanceKlass  @bci org/junit/jupiter/engine/descriptor/ClassBasedTestDescriptor prepare (Lorg/junit/jupiter/engine/execution/JupiterEngineExecutionContext;)Lorg/junit/jupiter/engine/execution/JupiterEngineExecutionContext; 52 <appendix> member <vmtarget> ; # org/junit/jupiter/engine/descriptor/ClassBasedTestDescriptor$$Lambda+0x000002d701119f00
instanceKlass  @bci org/junit/jupiter/engine/descriptor/ExtensionUtils registerExtensionsFromExecutableParameters (Lorg/junit/jupiter/engine/extension/ExtensionRegistrar;Ljava/lang/reflect/Executable;)V 56 <appendix> member <vmtarget> ; # org/junit/jupiter/engine/descriptor/ExtensionUtils$$Lambda+0x000002d701119cc8
instanceKlass  @bci org/junit/jupiter/engine/descriptor/ExtensionUtils registerExtensionsFromExecutableParameters (Lorg/junit/jupiter/engine/extension/ExtensionRegistrar;Ljava/lang/reflect/Executable;)V 40 <appendix> argL0 ; # org/junit/jupiter/engine/descriptor/ExtensionUtils$$Lambda+0x000002d701119a88
instanceKlass  @bci org/junit/jupiter/engine/descriptor/ExtensionUtils registerExtensionsFromExecutableParameters (Lorg/junit/jupiter/engine/extension/ExtensionRegistrar;Ljava/lang/reflect/Executable;)V 30 <appendix> member <vmtarget> ; # org/junit/jupiter/engine/descriptor/ExtensionUtils$$Lambda+0x000002d701119840
instanceKlass  @bci org/junit/platform/commons/util/ReflectionUtils getDeclaredConstructor (Ljava/lang/Class;)Ljava/lang/reflect/Constructor; 50 <appendix> member <vmtarget> ; # org/junit/platform/commons/util/ReflectionUtils$$Lambda+0x000002d701119618
instanceKlass  @bci org/junit/platform/commons/util/ReflectionUtils getDeclaredConstructor (Ljava/lang/Class;)Ljava/lang/reflect/Constructor; 24 <appendix> argL0 ; # org/junit/platform/commons/util/ReflectionUtils$$Lambda+0x000002d7011193f8
instanceKlass  @bci org/junit/platform/commons/util/ReflectionUtils getDeclaredConstructor (Ljava/lang/Class;)Ljava/lang/reflect/Constructor; 14 <appendix> argL0 ; # org/junit/platform/commons/util/ReflectionUtils$$Lambda+0x000002d7011191a8
instanceKlass  @bci org/junit/jupiter/engine/extension/ExtensionRegistry getExtensions (Ljava/lang/Class;)Ljava/util/List; 7 <appendix> argL0 ; # org/junit/jupiter/engine/extension/ExtensionRegistry$$Lambda+0x000002d701118f88
instanceKlass  @bci org/junit/jupiter/engine/extension/MutableExtensionRegistry stream (Ljava/lang/Class;)Ljava/util/stream/Stream; 41 <appendix> member <vmtarget> ; # org/junit/jupiter/engine/extension/MutableExtensionRegistry$$Lambda+0x000002d701118d40
instanceKlass  @bci org/junit/jupiter/engine/extension/MutableExtensionRegistry stream (Ljava/lang/Class;)Ljava/util/stream/Stream; 25 <appendix> member <vmtarget> ; # org/junit/jupiter/engine/extension/MutableExtensionRegistry$$Lambda+0x000002d701118ae8
instanceKlass  @bci org/junit/jupiter/engine/extension/MutableExtensionRegistry stream (Ljava/lang/Class;)Ljava/util/stream/Stream; 9 <appendix> argL0 ; # org/junit/jupiter/engine/extension/MutableExtensionRegistry$$Lambda+0x000002d7011188a8
instanceKlass org/junit/jupiter/api/extension/TestInstanceFactory
instanceKlass  @bci org/junit/jupiter/engine/descriptor/ExtensionUtils registerExtensionsFromStaticFields (Lorg/junit/jupiter/engine/extension/ExtensionRegistrar;Ljava/lang/Class;)V 10 <appendix> member <vmtarget> ; # org/junit/jupiter/engine/descriptor/ExtensionUtils$$Lambda+0x000002d701118470
instanceKlass  @bci org/junit/platform/commons/util/ReflectionUtils findAllFieldsInHierarchy (Ljava/lang/Class;Lorg/junit/platform/commons/util/ReflectionUtils$HierarchyTraversalMode;)Ljava/util/List; 34 <appendix> argL0 ; # org/junit/platform/commons/util/ReflectionUtils$$Lambda+0x000002d701118250
instanceKlass  @bci org/junit/platform/commons/util/ReflectionUtils findAllFieldsInHierarchy (Ljava/lang/Class;Lorg/junit/platform/commons/util/ReflectionUtils$HierarchyTraversalMode;)Ljava/util/List; 24 <appendix> argL0 ; # org/junit/platform/commons/util/ReflectionUtils$$Lambda+0x000002d701118000
instanceKlass  @bci org/junit/platform/commons/util/ReflectionUtils toSortedMutableList ([Ljava/lang/reflect/Field;)Ljava/util/List; 1 <appendix> argL0 ; # org/junit/platform/commons/util/ReflectionUtils$$Lambda+0x000002d701117c38
instanceKlass  @bci org/junit/jupiter/engine/descriptor/ExtensionUtils registerExtensionsFromStaticFields (Lorg/junit/jupiter/engine/extension/ExtensionRegistrar;Ljava/lang/Class;)V 1 <appendix> argL0 ; # org/junit/jupiter/engine/descriptor/ExtensionUtils$$Lambda+0x000002d7011179e8
instanceKlass  @bci org/springframework/util/ReflectionUtils$MethodFilter and (Lorg/springframework/util/ReflectionUtils$MethodFilter;)Lorg/springframework/util/ReflectionUtils$MethodFilter; 8 <appendix> member <vmtarget> ; # org/springframework/util/ReflectionUtils$MethodFilter$$Lambda+0x000002d7011177b0
instanceKlass  @bci org/springframework/test/context/junit/jupiter/SpringExtension <clinit> ()V 108 <appendix> argL0 ; # org/springframework/test/context/junit/jupiter/SpringExtension$$Lambda+0x000002d701117580
instanceKlass org/springframework/util/ConcurrentReferenceHashMap$Reference
instanceKlass org/springframework/util/ConcurrentReferenceHashMap$ReferenceManager
instanceKlass org/springframework/util/Assert
instanceKlass org/springframework/util/ConcurrentReferenceHashMap$Task
instanceKlass  @bci org/springframework/util/ReflectionUtils <clinit> ()V 8 <appendix> argL0 ; # org/springframework/util/ReflectionUtils$$Lambda+0x000002d701114800
instanceKlass org/springframework/util/ReflectionUtils$FieldFilter
instanceKlass  @bci org/springframework/util/ReflectionUtils <clinit> ()V 0 <appendix> argL0 ; # org/springframework/util/ReflectionUtils$$Lambda+0x000002d7011143d0
instanceKlass org/springframework/util/ReflectionUtils$MethodFilter
instanceKlass org/springframework/util/ReflectionUtils
instanceKlass  @bci org/junit/platform/commons/util/ReflectionUtils newInstance (Ljava/lang/Class;[Ljava/lang/Object;)Ljava/lang/Object; 35 <appendix> argL0 ; # org/junit/platform/commons/util/ReflectionUtils$$Lambda+0x000002d701113da8
instanceKlass  @bci org/junit/platform/commons/util/ReflectionUtils newInstance (Ljava/lang/Class;[Ljava/lang/Object;)Ljava/lang/Object; 25 <appendix> argL0 ; # org/junit/platform/commons/util/ReflectionUtils$$Lambda+0x000002d701113b68
instanceKlass  @bci org/junit/jupiter/engine/extension/MutableExtensionRegistry createRegistryFrom (Lorg/junit/jupiter/engine/extension/MutableExtensionRegistry;Ljava/util/stream/Stream;)Lorg/junit/jupiter/engine/extension/MutableExtensionRegistry; 23 <appendix> member <vmtarget> ; # org/junit/jupiter/engine/extension/MutableExtensionRegistry$$Lambda+0x000002d701113930
instanceKlass org/junit/jupiter/engine/extension/MutableExtensionRegistry$LateInitEntry
instanceKlass  @bci org/junit/jupiter/engine/descriptor/ExtensionUtils streamDeclarativeExtensionTypes (Ljava/util/List;)Ljava/util/stream/Stream; 16 <appendix> argL0 ; # org/junit/jupiter/engine/descriptor/ExtensionUtils$$Lambda+0x000002d7011134b0
instanceKlass  @bci org/junit/jupiter/engine/descriptor/ExtensionUtils streamDeclarativeExtensionTypes (Ljava/util/List;)Ljava/util/stream/Stream; 6 <appendix> argL0 ; # org/junit/jupiter/engine/descriptor/ExtensionUtils$$Lambda+0x000002d701113270
instanceKlass  @bci org/junit/jupiter/engine/descriptor/ExtensionUtils <clinit> ()V 11 <appendix> argL0 ; # org/junit/jupiter/engine/descriptor/ExtensionUtils$$Lambda+0x000002d701113020
instanceKlass  @bci java/util/Comparator comparingInt (Ljava/util/function/ToIntFunction;)Ljava/util/Comparator; 6 <appendix> member <vmtarget> ; # java/util/Comparator$$Lambda+0x000002d7010c4210
instanceKlass  @bci org/junit/jupiter/engine/descriptor/ExtensionUtils <clinit> ()V 0 <appendix> argL0 ; # org/junit/jupiter/engine/descriptor/ExtensionUtils$$Lambda+0x000002d701112e00
instanceKlass java/util/function/ToIntFunction
instanceKlass org/junit/jupiter/engine/descriptor/ExtensionUtils
instanceKlass  @bci org/junit/platform/engine/support/hierarchical/SameThreadHierarchicalTestExecutorService invokeAll (Ljava/util/List;)V 1 <appendix> argL0 ; # org/junit/platform/engine/support/hierarchical/SameThreadHierarchicalTestExecutorService$$Lambda+0x000002d7011129c8
instanceKlass  @bci org/junit/platform/engine/support/hierarchical/NodeTestTask lambda$executeRecursively$2 (Lorg/junit/platform/engine/support/hierarchical/ThrowableCollector;)V 97 <appendix> member <vmtarget> ; # org/junit/platform/engine/support/hierarchical/NodeTestTask$$Lambda+0x000002d701112790
instanceKlass org/junit/platform/engine/support/hierarchical/NodeTestTask$DefaultDynamicTestExecutor
instanceKlass  @bci org/junit/platform/engine/support/hierarchical/NodeTestTask lambda$executeRecursively$2 (Lorg/junit/platform/engine/support/hierarchical/ThrowableCollector;)V 25 <appendix> argL0 ; # org/junit/platform/engine/support/hierarchical/NodeTestTask$$Lambda+0x000002d701112320
instanceKlass  @bci org/junit/platform/engine/support/hierarchical/NodeTestTask lambda$executeRecursively$2 (Lorg/junit/platform/engine/support/hierarchical/ThrowableCollector;)V 15 <appendix> member <vmtarget> ; # org/junit/platform/engine/support/hierarchical/NodeTestTask$$Lambda+0x000002d7011120d8
instanceKlass  @bci org/junit/platform/engine/support/hierarchical/NodeTestTask lambda$executeRecursively$1 (Lorg/junit/platform/engine/support/hierarchical/ThrowableCollector;Lorg/junit/platform/engine/support/hierarchical/EngineExecutionContext;)V 8 <appendix> member <vmtarget> ; # org/junit/platform/engine/support/hierarchical/NodeTestTask$$Lambda+0x000002d701111eb0
instanceKlass  @bci org/junit/platform/engine/support/hierarchical/NodeTestTask lambda$executeRecursively$0 (Lorg/junit/platform/engine/support/hierarchical/ThrowableCollector;)V 10 <appendix> member <vmtarget> ; # org/junit/platform/engine/support/hierarchical/NodeTestTask$$Lambda+0x000002d701111c88
instanceKlass org/junit/platform/engine/support/hierarchical/Node$Invocation
instanceKlass  @bci org/junit/platform/engine/support/hierarchical/NodeTestTask executeRecursively ()V 29 <appendix> member <vmtarget> ; # org/junit/platform/engine/support/hierarchical/NodeTestTask$$Lambda+0x000002d701111860
instanceKlass  @bci org/junit/platform/launcher/core/CompositeTestExecutionListener executionStarted (Lorg/junit/platform/launcher/TestIdentifier;)V 36 <appendix> member <vmtarget> ; # org/junit/platform/launcher/core/CompositeTestExecutionListener$$Lambda+0x000002d701110f58
instanceKlass  @bci org/junit/platform/launcher/core/CompositeTestExecutionListener executionStarted (Lorg/junit/platform/launcher/TestIdentifier;)V 30 <appendix> member <vmtarget> ; # org/junit/platform/launcher/core/CompositeTestExecutionListener$$Lambda+0x000002d701110d20
instanceKlass  @bci org/junit/platform/launcher/core/CompositeTestExecutionListener executionStarted (Lorg/junit/platform/launcher/TestIdentifier;)V 14 <appendix> member <vmtarget> ; # org/junit/platform/launcher/core/CompositeTestExecutionListener$$Lambda+0x000002d701110af8
instanceKlass  @bci org/junit/platform/launcher/core/CompositeTestExecutionListener executionStarted (Lorg/junit/platform/launcher/TestIdentifier;)V 8 <appendix> member <vmtarget> ; # org/junit/platform/launcher/core/CompositeTestExecutionListener$$Lambda+0x000002d7011108c0
instanceKlass  @bci org/junit/platform/launcher/core/CompositeEngineExecutionListener notifyEach (Ljava/util/List;Lorg/junit/platform/launcher/core/IterationOrder;Ljava/util/function/Consumer;Ljava/util/function/Supplier;)V 4 <appendix> member <vmtarget> ; # org/junit/platform/launcher/core/CompositeEngineExecutionListener$$Lambda+0x000002d701110688
instanceKlass  @bci org/junit/platform/launcher/core/CompositeEngineExecutionListener executionStarted (Lorg/junit/platform/engine/TestDescriptor;)V 14 <appendix> member <vmtarget> ; # org/junit/platform/launcher/core/CompositeEngineExecutionListener$$Lambda+0x000002d701110460
instanceKlass  @bci org/junit/platform/launcher/core/CompositeEngineExecutionListener executionStarted (Lorg/junit/platform/engine/TestDescriptor;)V 8 <appendix> member <vmtarget> ; # org/junit/platform/launcher/core/CompositeEngineExecutionListener$$Lambda+0x000002d701110228
instanceKlass  @bci org/junit/platform/engine/support/hierarchical/NodeTestTask execute ()V 50 <appendix> member <vmtarget> ; # org/junit/platform/engine/support/hierarchical/NodeTestTask$$Lambda+0x000002d701110000
instanceKlass org/junit/jupiter/engine/execution/JupiterEngineExecutionContext$Builder
instanceKlass  @bci org/junit/jupiter/engine/descriptor/AbstractExtensionContext createCloseAction ()Lorg/junit/platform/engine/support/store/NamespacedHierarchicalStore$CloseAction; 13 <appendix> member <vmtarget> ; # org/junit/jupiter/engine/descriptor/AbstractExtensionContext$$Lambda+0x000002d701108a10
instanceKlass org/junit/platform/engine/support/store/Namespace
instanceKlass org/junit/jupiter/engine/execution/NamespaceAwareStore
instanceKlass  @bci org/junit/jupiter/engine/descriptor/AbstractExtensionContext <init> (Lorg/junit/jupiter/api/extension/ExtensionContext;Lorg/junit/platform/engine/EngineExecutionListener;Lorg/junit/platform/engine/TestDescriptor;Lorg/junit/jupiter/engine/config/JupiterConfiguration;Lorg/junit/jupiter/engine/extension/ExtensionRegistry;Lorg/junit/jupiter/engine/execution/LauncherStoreFacade;)V 104 <appendix> argL0 ; # org/junit/jupiter/engine/descriptor/AbstractExtensionContext$$Lambda+0x000002d7011096c0
instanceKlass  @bci org/junit/jupiter/engine/descriptor/AbstractExtensionContext <init> (Lorg/junit/jupiter/api/extension/ExtensionContext;Lorg/junit/platform/engine/EngineExecutionListener;Lorg/junit/platform/engine/TestDescriptor;Lorg/junit/jupiter/engine/config/JupiterConfiguration;Lorg/junit/jupiter/engine/extension/ExtensionRegistry;Lorg/junit/jupiter/engine/execution/LauncherStoreFacade;)V 96 <appendix> argL0 ; # org/junit/jupiter/engine/descriptor/AbstractExtensionContext$$Lambda+0x000002d7011094a0
instanceKlass  @bci org/junit/jupiter/engine/descriptor/AbstractExtensionContext <init> (Lorg/junit/jupiter/api/extension/ExtensionContext;Lorg/junit/platform/engine/EngineExecutionListener;Lorg/junit/platform/engine/TestDescriptor;Lorg/junit/jupiter/engine/config/JupiterConfiguration;Lorg/junit/jupiter/engine/extension/ExtensionRegistry;Lorg/junit/jupiter/engine/execution/LauncherStoreFacade;)V 86 <appendix> argL0 ; # org/junit/jupiter/engine/descriptor/AbstractExtensionContext$$Lambda+0x000002d701109260
instanceKlass org/junit/jupiter/engine/execution/DefaultExecutableInvoker
instanceKlass org/junit/jupiter/api/extension/ExecutableInvoker
instanceKlass org/junit/jupiter/engine/descriptor/AbstractExtensionContext
instanceKlass org/junit/jupiter/engine/extension/ExtensionContextInternal
instanceKlass  @bci org/junit/jupiter/engine/config/CachingJupiterConfiguration isThreadDumpOnTimeoutEnabled ()Z 7 <appendix> member <vmtarget> ; # org/junit/jupiter/engine/config/CachingJupiterConfiguration$$Lambda+0x000002d70110afa8
instanceKlass  @bci org/junit/jupiter/engine/config/CachingJupiterConfiguration isExtensionAutoDetectionEnabled ()Z 7 <appendix> member <vmtarget> ; # org/junit/jupiter/engine/config/CachingJupiterConfiguration$$Lambda+0x000002d70110ad60
instanceKlass org/junit/jupiter/api/extension/AnnotatedElementContext
instanceKlass org/junit/jupiter/engine/extension/TempDirectory
instanceKlass  @bci org/junit/jupiter/engine/extension/MutableExtensionRegistry$Entry of (Lorg/junit/jupiter/api/extension/Extension;)Lorg/junit/jupiter/engine/extension/MutableExtensionRegistry$Entry; 6 <appendix> member <vmtarget> ; # org/junit/jupiter/engine/extension/MutableExtensionRegistry$Entry$$Lambda+0x000002d70110a698
instanceKlass  @bci org/junit/jupiter/engine/extension/MutableExtensionRegistry registerExtension (Ljava/lang/String;Lorg/junit/jupiter/api/extension/Extension;Ljava/lang/Object;)V 23 <appendix> member <vmtarget> ; # org/junit/jupiter/engine/extension/MutableExtensionRegistry$$Lambda+0x000002d70110a470
instanceKlass  @bci org/junit/jupiter/engine/extension/MutableExtensionRegistry createRegistryWithDefaultExtensions (Lorg/junit/jupiter/engine/config/JupiterConfiguration;)Lorg/junit/jupiter/engine/extension/MutableExtensionRegistry; 17 <appendix> member <vmtarget> ; # org/junit/jupiter/engine/extension/MutableExtensionRegistry$$Lambda+0x000002d70110a238
instanceKlass  @bci org/junit/jupiter/engine/extension/MutableExtensionRegistry <init> (Ljava/util/Set;Ljava/util/List;)V 46 <appendix> member <vmtarget> ; # org/junit/jupiter/engine/extension/MutableExtensionRegistry$$Lambda+0x000002d70110a000
instanceKlass org/junit/jupiter/api/TestReporter
instanceKlass org/junit/jupiter/engine/extension/TestReporterParameterResolver
instanceKlass org/junit/jupiter/api/TestInfo
instanceKlass org/junit/jupiter/engine/extension/TestInfoParameterResolver
instanceKlass org/junit/jupiter/engine/extension/RepeatedTestExtension
instanceKlass org/junit/jupiter/api/extension/TestTemplateInvocationContextProvider
instanceKlass org/junit/jupiter/api/extension/ExtensionContext$Namespace
instanceKlass org/junit/jupiter/api/Timeout
instanceKlass org/junit/jupiter/engine/extension/TimeoutExtension
instanceKlass org/junit/jupiter/engine/extension/AutoCloseExtension
instanceKlass org/junit/jupiter/api/extension/TestInstancePreDestroyCallback
instanceKlass org/junit/jupiter/engine/extension/DisabledCondition
instanceKlass org/junit/jupiter/api/extension/ExecutionCondition
instanceKlass org/junit/jupiter/engine/extension/MutableExtensionRegistry$Entry
instanceKlass org/junit/jupiter/engine/extension/MutableExtensionRegistry
instanceKlass  @bci org/junit/platform/engine/support/hierarchical/NodeTestTask prepare ()V 5 <appendix> member <vmtarget> ; # org/junit/platform/engine/support/hierarchical/NodeTestTask$$Lambda+0x000002d70110dc80
instanceKlass org/junit/platform/engine/support/hierarchical/ThrowableCollector$Executable
instanceKlass  @bci org/junit/jupiter/engine/support/OpenTest4JAndJUnit4AwareThrowableCollector createAbortedExecutionPredicate ()Ljava/util/function/Predicate; 70 <appendix> argL0 ; # org/junit/jupiter/engine/support/OpenTest4JAndJUnit4AwareThrowableCollector$$Lambda+0x000002d70110d860
instanceKlass org/junit/platform/commons/util/UnrecoverableExceptions
instanceKlass  @bci org/junit/jupiter/engine/support/OpenTest4JAndJUnit4AwareThrowableCollector createAbortedExecutionPredicate ()Ljava/util/function/Predicate; 7 <appendix> member <vmtarget> ; # org/junit/jupiter/engine/support/OpenTest4JAndJUnit4AwareThrowableCollector$$Lambda+0x000002d70110d400
instanceKlass org/junit/platform/engine/support/hierarchical/Node$SkipResult
instanceKlass  @bci org/junit/platform/engine/support/hierarchical/NodeTestTask <clinit> ()V 8 <appendix> argL0 ; # org/junit/platform/engine/support/hierarchical/NodeTestTask$$Lambda+0x000002d70110cb00
instanceKlass  @cpi org/junit/platform/engine/support/hierarchical/NodeTestTask 511 form vmentry <vmtarget> ; # java/lang/invoke/LambdaForm$DMH+0x000002d701108400
instanceKlass org/junit/platform/engine/support/hierarchical/Node$DynamicTestExecutor
instanceKlass org/junit/platform/engine/support/hierarchical/NodeTestTask
instanceKlass  @bci org/junit/jupiter/engine/descriptor/ResourceLockAware determineExclusiveResources ()Ljava/util/stream/Stream; 160 <appendix> argL0 ; # org/junit/jupiter/engine/descriptor/ResourceLockAware$$Lambda+0x000002d70110c248
instanceKlass  @bci org/junit/jupiter/engine/descriptor/ResourceLockAware determineExclusiveResources ()Ljava/util/stream/Stream; 121 <appendix> member <vmtarget> ; # org/junit/jupiter/engine/descriptor/ResourceLockAware$$Lambda+0x000002d70110c000
instanceKlass  @bci org/junit/jupiter/engine/descriptor/ResourceLockAware determineExclusiveResources ()Ljava/util/stream/Stream; 110 <appendix> argL0 ; # org/junit/jupiter/engine/descriptor/ResourceLockAware$$Lambda+0x000002d701107d20
instanceKlass java/util/ArrayDeque$DeqSpliterator
instanceKlass org/junit/jupiter/engine/descriptor/ResourceLockAware$1
instanceKlass  @bci org/junit/jupiter/engine/descriptor/MethodBasedTestDescriptor getResourceLocksProviderEvaluator ()Ljava/util/function/Function; 7 <appendix> member <vmtarget> ; # org/junit/jupiter/engine/descriptor/MethodBasedTestDescriptor$$Lambda+0x000002d701107450
instanceKlass  @bci org/junit/jupiter/engine/descriptor/MethodBasedTestDescriptor getResourceLocksProviderEvaluator ()Ljava/util/function/Function; 1 <appendix> member <vmtarget> ; # org/junit/jupiter/engine/descriptor/MethodBasedTestDescriptor$$Lambda+0x000002d701107228
instanceKlass  @bci org/junit/platform/engine/support/hierarchical/NodeTreeWalker walk (Lorg/junit/platform/engine/TestDescriptor;Lorg/junit/platform/engine/TestDescriptor;Lorg/junit/platform/engine/support/hierarchical/NodeExecutionAdvisor;)V 58 <appendix> member <vmtarget> ; # org/junit/platform/engine/support/hierarchical/NodeTreeWalker$$Lambda+0x000002d701106ff0
instanceKlass  @bci org/junit/jupiter/engine/descriptor/ClassTestDescriptor getResourceLocksProviderEvaluator ()Ljava/util/function/Function; 1 <appendix> member <vmtarget> ; # org/junit/jupiter/engine/descriptor/ClassTestDescriptor$$Lambda+0x000002d701106da8
instanceKlass org/junit/jupiter/api/parallel/ResourceLocksProvider
instanceKlass org/junit/platform/engine/support/hierarchical/NopLock
instanceKlass  @bci org/junit/platform/engine/support/hierarchical/NodeTreeWalker walk (Lorg/junit/platform/engine/TestDescriptor;)Lorg/junit/platform/engine/support/hierarchical/NodeExecutionAdvisor; 31 <appendix> member <vmtarget> ; # org/junit/platform/engine/support/hierarchical/NodeTreeWalker$$Lambda+0x000002d7011066e0
instanceKlass org/junit/platform/engine/support/hierarchical/NodeExecutionAdvisor
instanceKlass org/junit/platform/engine/support/hierarchical/NodeUtils$1
instanceKlass org/junit/platform/engine/support/hierarchical/NodeUtils
instanceKlass  @bci org/junit/platform/commons/util/CollectionUtils getOnlyElement (Ljava/util/Collection;)Ljava/lang/Object; 23 <appendix> member <vmtarget> ; # org/junit/platform/commons/util/CollectionUtils$$Lambda+0x000002d701105db0
instanceKlass java/util/concurrent/locks/ReentrantReadWriteLock$WriteLock
instanceKlass java/util/concurrent/locks/ReentrantReadWriteLock$ReadLock
instanceKlass java/util/concurrent/locks/ReentrantReadWriteLock
instanceKlass  @bci org/junit/platform/engine/support/hierarchical/LockManager toLock (Lorg/junit/platform/engine/support/hierarchical/ExclusiveResource;)Ljava/util/concurrent/locks/Lock; 8 <appendix> argL0 ; # org/junit/platform/engine/support/hierarchical/LockManager$$Lambda+0x000002d701105b70
instanceKlass  @bci org/junit/platform/engine/support/hierarchical/ExclusiveResource <clinit> ()V 49 <appendix> argL0 ; # org/junit/platform/engine/support/hierarchical/ExclusiveResource$$Lambda+0x000002d701105930
instanceKlass  @bci java/util/Comparator comparing (Ljava/util/function/Function;Ljava/util/Comparator;)Ljava/util/Comparator; 12 <appendix> member <vmtarget> ; # java/util/Comparator$$Lambda+0x000002d7010c2318
instanceKlass  @cpi java/util/Comparator 256 form vmentry <vmtarget> ; # java/lang/invoke/LambdaForm$DMH+0x000002d701108000
instanceKlass  @bci java/util/Comparator thenComparing (Ljava/util/Comparator;)Ljava/util/Comparator; 7 <appendix> member <vmtarget> ; # java/util/Comparator$$Lambda+0x000002d7010c2078
instanceKlass  @bci org/junit/platform/engine/support/hierarchical/ExclusiveResource globalKeyFirst ()Ljava/util/Comparator; 0 <appendix> argL0 ; # org/junit/platform/engine/support/hierarchical/ExclusiveResource$$Lambda+0x000002d7011056f0
instanceKlass  @bci org/junit/platform/engine/support/hierarchical/ExclusiveResource <clinit> ()V 30 <appendix> argL0 ; # org/junit/platform/engine/support/hierarchical/ExclusiveResource$$Lambda+0x000002d7011054b0
instanceKlass org/junit/platform/engine/support/hierarchical/ExclusiveResource
instanceKlass org/junit/platform/engine/support/hierarchical/SingleLock
instanceKlass java/util/concurrent/locks/ReadWriteLock
instanceKlass org/junit/platform/engine/support/hierarchical/ResourceLock
instanceKlass org/junit/platform/engine/support/hierarchical/LockManager
instanceKlass org/junit/platform/engine/support/hierarchical/NodeTreeWalker
instanceKlass org/junit/platform/engine/support/hierarchical/HierarchicalTestExecutorService$TestTask
instanceKlass org/junit/platform/engine/support/hierarchical/HierarchicalTestExecutor
instanceKlass  @bci org/junit/jupiter/engine/JupiterTestEngine createThrowableCollectorFactory (Lorg/junit/platform/engine/ExecutionRequest;)Lorg/junit/platform/engine/support/hierarchical/ThrowableCollector$Factory; 0 <appendix> argL0 ; # org/junit/jupiter/engine/JupiterTestEngine$$Lambda+0x000002d701103f40
instanceKlass org/junit/jupiter/engine/support/JupiterThrowableCollectorFactory
instanceKlass org/junit/platform/engine/support/hierarchical/ThrowableCollector
instanceKlass org/junit/platform/engine/support/hierarchical/ThrowableCollector$Factory
instanceKlass org/junit/jupiter/engine/execution/JupiterEngineExecutionContext$State
instanceKlass  @bci org/junit/jupiter/engine/execution/LauncherStoreFacade <init> (Lorg/junit/platform/engine/support/store/NamespacedHierarchicalStore;)V 14 <appendix> argL0 ; # org/junit/jupiter/engine/execution/LauncherStoreFacade$$Lambda+0x000002d701103288
instanceKlass org/junit/jupiter/api/extension/ExtensionContext$Store
instanceKlass org/junit/jupiter/engine/execution/LauncherStoreFacade
instanceKlass org/junit/jupiter/engine/execution/JupiterEngineExecutionContext
instanceKlass java/util/concurrent/Future
instanceKlass org/junit/platform/engine/support/hierarchical/SameThreadHierarchicalTestExecutorService
instanceKlass  @bci org/junit/jupiter/engine/config/CachingJupiterConfiguration isParallelExecutionEnabled ()Z 7 <appendix> member <vmtarget> ; # org/junit/jupiter/engine/config/CachingJupiterConfiguration$$Lambda+0x000002d701102738
instanceKlass org/junit/platform/engine/ExecutionRequest
instanceKlass  @bci org/junit/platform/launcher/core/EngineExecutionOrchestrator failOrExecuteEngine (Lorg/junit/platform/launcher/core/LauncherDiscoveryResult;Lorg/junit/platform/engine/EngineExecutionListener;Lorg/junit/platform/engine/TestEngine;Lorg/junit/platform/engine/support/store/NamespacedHierarchicalStore;Lorg/junit/platform/engine/CancellationToken;)V 42 <appendix> member <vmtarget> ; # org/junit/platform/launcher/core/EngineExecutionOrchestrator$$Lambda+0x000002d701102028
instanceKlass org/junit/platform/launcher/core/DelegatingEngineExecutionListener
instanceKlass org/junit/platform/launcher/core/ExecutionListenerAdapter
instanceKlass  @bci org/junit/platform/launcher/core/ListenerRegistry forEngineExecutionListeners ()Lorg/junit/platform/launcher/core/ListenerRegistry; 0 <appendix> argL0 ; # org/junit/platform/launcher/core/ListenerRegistry$$Lambda+0x000002d701101668
instanceKlass org/junit/platform/launcher/core/CompositeEngineExecutionListener
instanceKlass  @bci org/junit/platform/launcher/core/CompositeTestExecutionListener notifyEach (Ljava/util/List;Lorg/junit/platform/launcher/core/IterationOrder;Ljava/util/function/Consumer;Ljava/util/function/Supplier;)V 4 <appendix> member <vmtarget> ; # org/junit/platform/launcher/core/CompositeTestExecutionListener$$Lambda+0x000002d701100af8
instanceKlass  @bci org/junit/platform/launcher/core/CompositeTestExecutionListener testPlanExecutionStarted (Lorg/junit/platform/launcher/TestPlan;)V 14 <appendix> member <vmtarget> ; # org/junit/platform/launcher/core/CompositeTestExecutionListener$$Lambda+0x000002d7011008d0
instanceKlass  @bci org/junit/platform/launcher/core/CompositeTestExecutionListener testPlanExecutionStarted (Lorg/junit/platform/launcher/TestPlan;)V 8 <appendix> member <vmtarget> ; # org/junit/platform/launcher/core/CompositeTestExecutionListener$$Lambda+0x000002d701100698
instanceKlass org/junit/platform/engine/EngineExecutionListener$1
instanceKlass  @bci org/junit/platform/launcher/core/EngineExecutionOrchestrator withInterceptedStreams (Lorg/junit/platform/engine/ConfigurationParameters;Lorg/junit/platform/launcher/core/ListenerRegistry;Ljava/util/function/Consumer;)V 35 <appendix> member <vmtarget> ; # org/junit/platform/launcher/core/EngineExecutionOrchestrator$$Lambda+0x000002d7010bf800
instanceKlass org/junit/platform/launcher/core/StreamInterceptingTestExecutionListener
instanceKlass  @bci org/junit/platform/launcher/core/EngineExecutionOrchestrator withInterceptedStreams (Lorg/junit/platform/engine/ConfigurationParameters;Lorg/junit/platform/launcher/core/ListenerRegistry;Ljava/util/function/Consumer;)V 17 <appendix> member <vmtarget> ; # org/junit/platform/launcher/core/EngineExecutionOrchestrator$$Lambda+0x000002d7010b7990
instanceKlass  @cpi org/junit/platform/launcher/core/EngineExecutionOrchestrator 504 form vmentry <vmtarget> ; # java/lang/invoke/LambdaForm$DMH+0x000002d7010bf400
instanceKlass org/junit/platform/engine/reporting/ReportEntry
instanceKlass  @bci org/junit/platform/launcher/core/CompositeTestExecutionListener <init> (Ljava/util/List;)V 50 <appendix> member <vmtarget> ; # org/junit/platform/launcher/core/CompositeTestExecutionListener$$Lambda+0x000002d7010b7538
instanceKlass  @bci org/junit/platform/launcher/core/CompositeTestExecutionListener <init> (Ljava/util/List;)V 33 <appendix> member <vmtarget> ; # org/junit/platform/launcher/core/CompositeTestExecutionListener$$Lambda+0x000002d7010b72e0
instanceKlass org/junit/platform/launcher/core/CompositeTestExecutionListener$EagerTestExecutionListener
instanceKlass  @bci org/junit/platform/launcher/core/EngineExecutionOrchestrator execute (Lorg/junit/platform/launcher/core/InternalTestPlan;Lorg/junit/platform/engine/support/store/NamespacedHierarchicalStore;Ljava/util/Collection;Lorg/junit/platform/engine/CancellationToken;)V 23 <appendix> member <vmtarget> ; # org/junit/platform/launcher/core/EngineExecutionOrchestrator$$Lambda+0x000002d7010b6ea8
instanceKlass  @cpi org/junit/jupiter/engine/descriptor/AbstractExtensionContext 576 form vmentry <vmtarget> ; # java/lang/invoke/LambdaForm$DMH+0x000002d7010bf000
instanceKlass  @bci org/junit/platform/launcher/core/DefaultLauncher execute (Lorg/junit/platform/launcher/LauncherExecutionRequest;)V 16 <appendix> member <vmtarget> ; # org/junit/platform/launcher/core/DefaultLauncher$$Lambda+0x000002d7010b6c80
instanceKlass  @bci org/junit/platform/launcher/core/DefaultLauncher execute (Lorg/junit/platform/launcher/LauncherExecutionRequest;)V 6 <appendix> argL0 ; # org/junit/platform/launcher/core/DefaultLauncher$$Lambda+0x000002d7010b6a40
instanceKlass  @bci org/junit/platform/launcher/core/InterceptingLauncher execute (Lorg/junit/platform/launcher/LauncherExecutionRequest;)V 6 <appendix> member <vmtarget> ; # org/junit/platform/launcher/core/InterceptingLauncher$$Lambda+0x000002d7010b6818
instanceKlass  @bci org/junit/platform/launcher/core/LauncherExecutionRequestBuilder build ()Lorg/junit/platform/launcher/LauncherExecutionRequest; 20 <appendix> argL0 ; # org/junit/platform/launcher/core/LauncherExecutionRequestBuilder$$Lambda+0x000002d7010b65f8
instanceKlass org/junit/platform/launcher/core/DefaultLauncherExecutionRequest
instanceKlass org/junit/platform/launcher/LauncherExecutionRequest
instanceKlass org/junit/platform/launcher/core/LauncherExecutionRequestBuilder
instanceKlass  @bci org/eclipse/jdt/internal/junit6/runner/JUnit6TestReference run (Lorg/eclipse/jdt/internal/junit/runner/TestExecution;)V 19 <appendix> member <vmtarget> ; # org/eclipse/jdt/internal/junit6/runner/JUnit6TestReference$$Lambda+0x000002d7010b5d80
instanceKlass org/eclipse/jdt/internal/junit/runner/IStopListener
instanceKlass org/eclipse/jdt/internal/junit6/runner/JUnit6TestListener
instanceKlass java/text/AttributedCharacterIterator$Attribute
instanceKlass java/util/Date
instanceKlass java/text/FieldPosition
instanceKlass java/text/Format
instanceKlass  @bci org/junit/platform/engine/UniqueIdFormat describe (Lorg/junit/platform/engine/UniqueId$Segment;)Ljava/lang/String; 35 <adapter> ; # java/lang/invoke/LambdaForm$MH+0x000002d7010bec00
# instanceKlass java/lang/invoke/LambdaForm$DMH+0x000002d7010be800
instanceKlass  @bci org/junit/platform/engine/UniqueIdFormat describe (Lorg/junit/platform/engine/UniqueId$Segment;)Ljava/lang/String; 35 <appendix> form vmentry <vmtarget> ; # java/lang/invoke/LambdaForm$MH+0x000002d7010be400
# instanceKlass java/lang/invoke/LambdaForm$MH+0x000002d7010be000
instanceKlass  @bci org/junit/platform/engine/UniqueIdFormat describe (Lorg/junit/platform/engine/UniqueId$Segment;)Ljava/lang/String; 35 <appendix> form names 7 function resolvedHandle form vmentry <vmtarget> ; # java/lang/invoke/LambdaForm$DMH+0x000002d7010bdc00
instanceKlass  @bci org/junit/platform/engine/UniqueIdFormat describe (Lorg/junit/platform/engine/UniqueId$Segment;)Ljava/lang/String; 35 <appendix> argL3 form vmentry <vmtarget> ; # java/lang/invoke/LambdaForm$MH+0x000002d7010bd800
# instanceKlass java/lang/invoke/LambdaForm$MH+0x000002d7010bd400
# instanceKlass java/lang/invoke/LambdaForm$MH+0x000002d7010bd000
# instanceKlass java/lang/invoke/LambdaForm$MH+0x000002d7010bcc00
# instanceKlass java/lang/invoke/LambdaForm$MH+0x000002d7010bc800
# instanceKlass java/lang/invoke/LambdaForm$MH+0x000002d7010bc400
# instanceKlass java/lang/invoke/LambdaForm$MH+0x000002d7010bc000
instanceKlass  @bci org/junit/platform/engine/UniqueIdFormat describe (Lorg/junit/platform/engine/UniqueId$Segment;)Ljava/lang/String; 35 <appendix> form names 11 function resolvedHandle form vmentry <vmtarget> ; # java/lang/invoke/LambdaForm$DMH+0x000002d7010bbc00
instanceKlass  @bci org/junit/platform/engine/UniqueIdFormat describe (Lorg/junit/platform/engine/UniqueId$Segment;)Ljava/lang/String; 35 <appendix> argL1 form vmentry <vmtarget> ; # java/lang/invoke/LambdaForm$MH+0x000002d7010bb800
# instanceKlass java/lang/invoke/LambdaForm$MH+0x000002d7010bb400
instanceKlass  @bci org/junit/platform/engine/UniqueIdFormat describe (Lorg/junit/platform/engine/UniqueId$Segment;)Ljava/lang/String; 35 <appendix> argL1 argL0 form vmentry <vmtarget> ; # java/lang/invoke/LambdaForm$MH+0x000002d7010bb000
# instanceKlass java/lang/invoke/LambdaForm$MH+0x000002d7010bac00
# instanceKlass java/lang/invoke/LambdaForm$MH+0x000002d7010ba800
# instanceKlass java/lang/invoke/LambdaForm$MH+0x000002d7010ba400
# instanceKlass java/lang/invoke/LambdaForm$MH+0x000002d7010ba000
instanceKlass  @bci org/junit/platform/engine/UniqueIdFormat describe (Lorg/junit/platform/engine/UniqueId$Segment;)Ljava/lang/String; 20 <adapter> ; # java/lang/invoke/LambdaForm$MH+0x000002d7010b9c00
# instanceKlass java/lang/invoke/LambdaForm$DMH+0x000002d7010b9800
instanceKlass  @bci org/junit/platform/engine/UniqueIdFormat describe (Lorg/junit/platform/engine/UniqueId$Segment;)Ljava/lang/String; 20 <appendix> form vmentry <vmtarget> ; # java/lang/invoke/LambdaForm$MH+0x000002d7010b9400
# instanceKlass java/lang/invoke/LambdaForm$MH+0x000002d7010b9000
instanceKlass  @bci org/junit/platform/engine/UniqueIdFormat describe (Lorg/junit/platform/engine/UniqueId$Segment;)Ljava/lang/String; 20 <appendix> form names 8 function resolvedHandle form vmentry <vmtarget> ; # java/lang/invoke/LambdaForm$DMH+0x000002d7010b8c00
instanceKlass  @bci org/junit/platform/engine/UniqueIdFormat describe (Lorg/junit/platform/engine/UniqueId$Segment;)Ljava/lang/String; 20 <appendix> argL3 form vmentry <vmtarget> ; # java/lang/invoke/LambdaForm$MH+0x000002d7010b8800
# instanceKlass java/lang/invoke/LambdaForm$MH+0x000002d7010b8400
# instanceKlass java/lang/invoke/LambdaForm$MH+0x000002d7010b8000
# instanceKlass java/lang/invoke/LambdaForm$MH+0x000002d7010b3c00
# instanceKlass java/lang/invoke/LambdaForm$MH+0x000002d7010b3800
# instanceKlass java/lang/invoke/LambdaForm$MH+0x000002d7010b3400
# instanceKlass java/lang/invoke/LambdaForm$MH+0x000002d7010b3000
instanceKlass  @bci org/junit/platform/engine/UniqueIdFormat describe (Lorg/junit/platform/engine/UniqueId$Segment;)Ljava/lang/String; 20 <appendix> form names 12 function resolvedHandle form vmentry <vmtarget> ; # java/lang/invoke/LambdaForm$DMH+0x000002d7010b2c00
instanceKlass  @bci org/junit/platform/engine/UniqueIdFormat describe (Lorg/junit/platform/engine/UniqueId$Segment;)Ljava/lang/String; 20 <appendix> argL1 form vmentry <vmtarget> ; # java/lang/invoke/LambdaForm$MH+0x000002d7010b2800
# instanceKlass java/lang/invoke/LambdaForm$MH+0x000002d7010b2400
instanceKlass  @bci org/junit/platform/engine/UniqueIdFormat describe (Lorg/junit/platform/engine/UniqueId$Segment;)Ljava/lang/String; 20 <appendix> argL1 argL0 form vmentry <vmtarget> ; # java/lang/invoke/LambdaForm$MH+0x000002d7010b2000
instanceKlass  @bci org/junit/platform/engine/UniqueIdFormat describe (Lorg/junit/platform/engine/UniqueId$Segment;)Ljava/lang/String; 20 <appendix> argL1 argL0 argL1 form vmentry <vmtarget> ; # java/lang/invoke/LambdaForm$MH+0x000002d7010b1c00
# instanceKlass java/lang/invoke/LambdaForm$MH+0x000002d7010b1800
# instanceKlass java/lang/invoke/LambdaForm$MH+0x000002d7010b1400
# instanceKlass java/lang/invoke/LambdaForm$MH+0x000002d7010b1000
# instanceKlass java/lang/invoke/LambdaForm$MH+0x000002d7010b0c00
# instanceKlass java/lang/invoke/LambdaForm$MH+0x000002d7010b0800
instanceKlass  @bci java/util/stream/Collectors joining (Ljava/lang/CharSequence;Ljava/lang/CharSequence;Ljava/lang/CharSequence;)Ljava/util/stream/Collector; 22 <appendix> argL0 ; # java/util/stream/Collectors$$Lambda+0x800000042
instanceKlass  @bci java/util/stream/Collectors joining (Ljava/lang/CharSequence;Ljava/lang/CharSequence;Ljava/lang/CharSequence;)Ljava/util/stream/Collector; 17 <appendix> argL0 ; # java/util/stream/Collectors$$Lambda+0x800000040
instanceKlass  @bci java/util/stream/Collectors joining (Ljava/lang/CharSequence;Ljava/lang/CharSequence;Ljava/lang/CharSequence;)Ljava/util/stream/Collector; 12 <appendix> argL0 ; # java/util/stream/Collectors$$Lambda+0x80000003d
instanceKlass  @bci java/util/stream/Collectors joining (Ljava/lang/CharSequence;Ljava/lang/CharSequence;Ljava/lang/CharSequence;)Ljava/util/stream/Collector; 7 <appendix> member <vmtarget> ; # java/util/stream/Collectors$$Lambda+0x800000045
instanceKlass  @bci org/junit/platform/engine/UniqueIdFormat format (Lorg/junit/platform/engine/UniqueId;)Ljava/lang/String; 10 <appendix> member <vmtarget> ; # org/junit/platform/engine/UniqueIdFormat$$Lambda+0x000002d7010b5688
instanceKlass  @bci org/eclipse/jdt/internal/junit6/runner/JUnit6Identifier getParameterTypes ()Ljava/lang/String; 0 <appendix> argL0 ; # org/eclipse/jdt/internal/junit6/runner/JUnit6Identifier$$Lambda+0x000002d7010b5448
instanceKlass  @bci org/eclipse/jdt/internal/junit6/runner/JUnit6Identifier getName ()Ljava/lang/String; 8 <appendix> member <vmtarget> ; # org/eclipse/jdt/internal/junit6/runner/JUnit6Identifier$$Lambda+0x000002d7010b5200
instanceKlass  @bci org/eclipse/jdt/internal/junit6/runner/JUnit6TestReference getParentId (Lorg/junit/platform/launcher/TestIdentifier;Lorg/junit/platform/launcher/TestPlan;)Ljava/lang/String; 6 <appendix> member <vmtarget> ; # org/eclipse/jdt/internal/junit6/runner/JUnit6TestReference$$Lambda+0x000002d7010b4fb8
instanceKlass  @bci org/junit/platform/launcher/TestPlan getTestIdentifier (Lorg/junit/platform/engine/UniqueId;)Lorg/junit/platform/launcher/TestIdentifier; 24 <appendix> member <vmtarget> ; # org/junit/platform/launcher/TestPlan$$Lambda+0x000002d7010b4d90
instanceKlass  @bci org/junit/platform/launcher/TestPlan getTestIdentifier (Lorg/junit/platform/engine/UniqueId;)Lorg/junit/platform/launcher/TestIdentifier; 1 <appendix> argL0 ; # org/junit/platform/launcher/TestPlan$$Lambda+0x000002d7010b4b70
instanceKlass  @bci org/junit/platform/launcher/TestPlan getParent (Lorg/junit/platform/launcher/TestIdentifier;)Ljava/util/Optional; 12 <appendix> member <vmtarget> ; # org/junit/platform/launcher/TestPlan$$Lambda+0x000002d7010b4928
instanceKlass org/eclipse/jdt/internal/junit6/runner/JUnit6Identifier
instanceKlass  @bci org/eclipse/jdt/internal/junit6/runner/JUnit6TestReference countTestCases ()I 4 <appendix> argL0 ; # org/eclipse/jdt/internal/junit6/runner/JUnit6TestReference$$Lambda+0x000002d7010b4478
instanceKlass  @bci java/util/stream/SortedOps$RefSortingSink end ()V 48 <appendix> member <vmtarget> ; # java/util/stream/SortedOps$RefSortingSink$$Lambda+0x000002d70107fdb0
instanceKlass  @bci org/junit/platform/engine/support/store/NamespacedHierarchicalStore close ()V 66 <appendix> member <vmtarget> ; # org/junit/platform/engine/support/store/NamespacedHierarchicalStore$$Lambda+0x000002d7010b4240
instanceKlass java/util/stream/SortedOps
instanceKlass  @bci org/junit/platform/engine/support/store/NamespacedHierarchicalStore$EvaluatedValue <clinit> ()V 0 <appendix> argL0 ; # org/junit/platform/engine/support/store/NamespacedHierarchicalStore$EvaluatedValue$$Lambda+0x000002d7010b4000
instanceKlass  @bci org/junit/platform/engine/support/store/NamespacedHierarchicalStore close ()V 46 <appendix> argL0 ; # org/junit/platform/engine/support/store/NamespacedHierarchicalStore$$Lambda+0x000002d7010afd88
instanceKlass  @bci org/junit/platform/engine/support/store/NamespacedHierarchicalStore close ()V 36 <appendix> argL0 ; # org/junit/platform/engine/support/store/NamespacedHierarchicalStore$$Lambda+0x000002d7010afb48
instanceKlass org/junit/platform/launcher/core/DefaultLauncherSession$ClosedLauncher
instanceKlass  @bci org/junit/jupiter/engine/descriptor/MethodBasedTestDescriptor getLegacyReportingName ()Ljava/lang/String; 18 <appendix> argL0 ; # org/junit/jupiter/engine/descriptor/MethodBasedTestDescriptor$$Lambda+0x000002d7010af480
instanceKlass  @bci org/junit/jupiter/engine/descriptor/MethodBasedTestDescriptor getTags ()Ljava/util/Set; 20 <appendix> member <vmtarget> ; # org/junit/jupiter/engine/descriptor/MethodBasedTestDescriptor$$Lambda+0x000002d7010af248
instanceKlass  @bci org/junit/platform/launcher/TestPlan addInternal (Lorg/junit/platform/launcher/TestIdentifier;)V 85 <appendix> argL0 ; # org/junit/platform/launcher/TestPlan$$Lambda+0x000002d7010af008
instanceKlass  @bci org/junit/platform/launcher/TestIdentifier from (Lorg/junit/platform/engine/TestDescriptor;)Lorg/junit/platform/launcher/TestIdentifier; 57 <appendix> argL0 ; # org/junit/platform/launcher/TestIdentifier$$Lambda+0x000002d7010aedc8
instanceKlass org/junit/platform/launcher/TestIdentifier
instanceKlass  @bci org/junit/platform/launcher/TestPlan from (ZLjava/util/Collection;Lorg/junit/platform/engine/ConfigurationParameters;Lorg/junit/platform/engine/OutputDirectoryCreator;)Lorg/junit/platform/launcher/TestPlan; 38 <appendix> member <vmtarget> ; # org/junit/platform/launcher/TestPlan$$Lambda+0x000002d7010ae980
instanceKlass  @bci org/junit/platform/launcher/TestPlan from (ZLjava/util/Collection;Lorg/junit/platform/engine/ConfigurationParameters;Lorg/junit/platform/engine/OutputDirectoryCreator;)Lorg/junit/platform/launcher/TestPlan; 28 <appendix> member <vmtarget> ; # org/junit/platform/launcher/TestPlan$$Lambda+0x000002d7010ae758
instanceKlass java/util/stream/Nodes$ArrayNode
instanceKlass  @bci org/junit/platform/launcher/core/LauncherDiscoveryResult getEngineTestDescriptors ()Ljava/util/Collection; 14 <appendix> argL0 ; # org/junit/platform/launcher/core/LauncherDiscoveryResult$$Lambda+0x000002d7010ae518
instanceKlass  @bci org/junit/platform/launcher/core/LauncherDiscoveryResult containsCriticalIssuesOrContainsTests ()Z 14 <appendix> argL0 ; # org/junit/platform/launcher/core/LauncherDiscoveryResult$$Lambda+0x000002d7010ae2c8
instanceKlass  @bci org/junit/platform/launcher/core/LauncherPhase getDiscoveryIssueFailurePhase (Lorg/junit/platform/engine/ConfigurationParameters;)Ljava/util/Optional; 0 <appendix> argL0 ; # org/junit/platform/launcher/core/LauncherPhase$$Lambda+0x000002d7010ae088
instanceKlass  @bci org/junit/platform/launcher/listeners/discovery/CompositeLauncherDiscoveryListener launcherDiscoveryFinished (Lorg/junit/platform/launcher/LauncherDiscoveryRequest;)V 5 <appendix> member <vmtarget> ; # org/junit/platform/launcher/listeners/discovery/CompositeLauncherDiscoveryListener$$Lambda+0x000002d7010ade50
instanceKlass org/junit/platform/launcher/core/LauncherDiscoveryResult
instanceKlass  @bci org/junit/platform/engine/TestDescriptor containsTests (Lorg/junit/platform/engine/TestDescriptor;)Z 36 <appendix> argL0 ; # org/junit/platform/engine/TestDescriptor$$Lambda+0x000002d7010ad9a8
instanceKlass  @bci org/junit/platform/launcher/core/EngineDiscoveryOrchestrator prune (Ljava/util/Map;)V 2 <appendix> argL0 ; # org/junit/platform/launcher/core/EngineDiscoveryOrchestrator$$Lambda+0x000002d7010ad788
instanceKlass  @cpi org/junit/platform/engine/support/hierarchical/SameThreadHierarchicalTestExecutorService 66 form vmentry <vmtarget> ; # java/lang/invoke/LambdaForm$DMH+0x000002d7010b0400
instanceKlass  @bci org/junit/platform/launcher/core/EngineDiscoveryOrchestrator logTestDescriptorExclusionReasons (Ljava/util/Map;)V 1 <appendix> argL0 ; # org/junit/platform/launcher/core/EngineDiscoveryOrchestrator$$Lambda+0x000002d7010ad558
instanceKlass  @bci org/junit/platform/launcher/core/EngineDiscoveryOrchestrator acceptInAllTestEngines (Ljava/util/Map;Lorg/junit/platform/engine/TestDescriptor$Visitor;)V 7 <appendix> member <vmtarget> ; # org/junit/platform/launcher/core/EngineDiscoveryOrchestrator$$Lambda+0x000002d7010ad320
instanceKlass  @bci org/junit/platform/launcher/core/EngineDiscoveryOrchestrator applyPostDiscoveryFilters (Ljava/util/Map;Ljava/util/List;)V 18 <appendix> member <vmtarget> ; # org/junit/platform/launcher/core/EngineDiscoveryOrchestrator$$Lambda+0x000002d7010ad0f8
instanceKlass  @cpi org/junit/jupiter/engine/extension/TempDirectory 498 form vmentry <vmtarget> ; # java/lang/invoke/LambdaForm$DMH+0x000002d7010b0000
instanceKlass  @bci org/junit/platform/launcher/core/EngineFilterer warnIfAllEnginesExcluded ()V 26 <appendix> argL0 ; # org/junit/platform/launcher/core/EngineFilterer$$Lambda+0x000002d7010acea8
instanceKlass  @bci org/junit/platform/launcher/core/EngineFilterer getUnmatchedEngineIdsOfIncludeFilters ()Ljava/util/SortedSet; 86 <appendix> argL0 ; # org/junit/platform/launcher/core/EngineFilterer$$Lambda+0x000002d7010acc88
instanceKlass  @bci org/junit/platform/launcher/core/EngineFilterer getUnmatchedEngineIdsOfIncludeFilters ()Ljava/util/SortedSet; 76 <appendix> member <vmtarget> ; # org/junit/platform/launcher/core/EngineFilterer$$Lambda+0x000002d7010aca30
instanceKlass  @bci org/junit/platform/launcher/core/EngineFilterer getUnmatchedEngineIdsOfIncludeFilters ()Ljava/util/SortedSet; 65 <appendix> argL0 ; # org/junit/platform/launcher/core/EngineFilterer$$Lambda+0x000002d7010ac7f0
instanceKlass  @bci org/junit/platform/launcher/core/EngineFilterer getUnmatchedEngineIdsOfIncludeFilters ()Ljava/util/SortedSet; 55 <appendix> argL0 ; # org/junit/platform/launcher/core/EngineFilterer$$Lambda+0x000002d7010ac5b0
instanceKlass  @bci org/junit/platform/launcher/core/EngineFilterer getUnmatchedEngineIdsOfIncludeFilters ()Ljava/util/SortedSet; 45 <appendix> argL0 ; # org/junit/platform/launcher/core/EngineFilterer$$Lambda+0x000002d7010ac360
instanceKlass  @bci org/junit/platform/launcher/core/EngineFilterer getUnmatchedEngineIdsOfIncludeFilters ()Ljava/util/SortedSet; 14 <appendix> argL0 ; # org/junit/platform/launcher/core/EngineFilterer$$Lambda+0x000002d7010ac120
instanceKlass org/junit/platform/launcher/core/LauncherDiscoveryResult$EngineResultInfo
instanceKlass org/junit/platform/launcher/core/DiscoveryIssueNotifier
instanceKlass  @bci org/junit/platform/launcher/listeners/discovery/AbortOnFailureLauncherDiscoveryListener engineDiscoveryFinished (Lorg/junit/platform/engine/UniqueId;Lorg/junit/platform/launcher/EngineDiscoveryResult;)V 4 <appendix> argL0 ; # org/junit/platform/launcher/listeners/discovery/AbortOnFailureLauncherDiscoveryListener$$Lambda+0x000002d7010aba88
instanceKlass org/junit/platform/commons/util/ExceptionUtils
instanceKlass  @bci org/junit/platform/launcher/listeners/discovery/CompositeLauncherDiscoveryListener engineDiscoveryFinished (Lorg/junit/platform/engine/UniqueId;Lorg/junit/platform/launcher/EngineDiscoveryResult;)V 6 <appendix> member <vmtarget> ; # org/junit/platform/launcher/listeners/discovery/CompositeLauncherDiscoveryListener$$Lambda+0x000002d7010ab648
instanceKlass org/junit/platform/launcher/EngineDiscoveryResult
instanceKlass  @bci org/junit/platform/launcher/core/EngineDiscoveryResultValidator validate (Lorg/junit/platform/engine/TestEngine;Lorg/junit/platform/engine/TestDescriptor;)V 23 <appendix> member <vmtarget> ; # org/junit/platform/launcher/core/EngineDiscoveryResultValidator$$Lambda+0x000002d7010aadc0
instanceKlass  @bci org/junit/platform/launcher/core/EngineDiscoveryResultValidator validate (Lorg/junit/platform/engine/TestEngine;Lorg/junit/platform/engine/TestDescriptor;)V 2 <appendix> member <vmtarget> ; # org/junit/platform/launcher/core/EngineDiscoveryResultValidator$$Lambda+0x000002d7010aa758
instanceKlass  @bci org/junit/jupiter/engine/descriptor/MethodBasedTestDescriptor validate (Lorg/junit/platform/engine/support/discovery/DiscoveryIssueReporter;)V 22 <appendix> member <vmtarget> ; # org/junit/jupiter/engine/descriptor/MethodBasedTestDescriptor$$Lambda+0x000002d7010aa530
instanceKlass  @bci org/junit/jupiter/engine/descriptor/MethodBasedTestDescriptor validate (Lorg/junit/platform/engine/support/discovery/DiscoveryIssueReporter;)V 16 <appendix> member <vmtarget> ; # org/junit/jupiter/engine/descriptor/MethodBasedTestDescriptor$$Lambda+0x000002d7010aa308
instanceKlass  @bci org/junit/jupiter/engine/descriptor/DisplayNameUtils validateAnnotation (Ljava/lang/reflect/AnnotatedElement;Ljava/util/function/Supplier;Ljava/util/function/Supplier;Lorg/junit/platform/engine/support/discovery/DiscoveryIssueReporter;)V 25 <appendix> member <vmtarget> ; # org/junit/jupiter/engine/descriptor/DisplayNameUtils$$Lambda+0x000002d7010aa0d0
instanceKlass  @bci org/junit/jupiter/engine/descriptor/DisplayNameUtils validateAnnotation (Ljava/lang/reflect/AnnotatedElement;Ljava/util/function/Supplier;Ljava/util/function/Supplier;Lorg/junit/platform/engine/support/discovery/DiscoveryIssueReporter;)V 14 <appendix> argL0 ; # org/junit/jupiter/engine/descriptor/DisplayNameUtils$$Lambda+0x000002d7010a9e80
instanceKlass  @bci org/junit/jupiter/engine/descriptor/DisplayNameUtils validateAnnotation (Ljava/lang/reflect/AnnotatedElement;Ljava/util/function/Supplier;Ljava/util/function/Supplier;Lorg/junit/platform/engine/support/discovery/DiscoveryIssueReporter;)V 6 <appendix> argL0 ; # org/junit/jupiter/engine/descriptor/DisplayNameUtils$$Lambda+0x000002d7010a9c40
instanceKlass  @bci org/junit/jupiter/engine/descriptor/ClassBasedTestDescriptor validateDisplayNameAnnotation (Lorg/junit/platform/engine/support/discovery/DiscoveryIssueReporter;)V 11 <appendix> member <vmtarget> ; # org/junit/jupiter/engine/descriptor/ClassBasedTestDescriptor$$Lambda+0x000002d7010a9a18
instanceKlass  @bci org/junit/jupiter/engine/descriptor/ClassBasedTestDescriptor validateDisplayNameAnnotation (Lorg/junit/platform/engine/support/discovery/DiscoveryIssueReporter;)V 5 <appendix> member <vmtarget> ; # org/junit/jupiter/engine/descriptor/ClassBasedTestDescriptor$$Lambda+0x000002d7010a97f0
instanceKlass  @bci org/junit/jupiter/engine/descriptor/LifecycleMethodUtils validateNoClassTemplateInvocationLifecycleMethodsAreDeclared (Ljava/lang/Class;Lorg/junit/platform/engine/support/discovery/DiscoveryIssueReporter;)V 6 <appendix> member <vmtarget> ; # org/junit/jupiter/engine/descriptor/LifecycleMethodUtils$$Lambda+0x000002d7010a95b8
instanceKlass org/junit/jupiter/api/extension/ClassTemplateInvocationLifecycleMethod
instanceKlass  @bci org/junit/jupiter/engine/descriptor/Validatable reportAndClear (Ljava/util/List;Lorg/junit/platform/engine/support/discovery/DiscoveryIssueReporter;)V 7 <appendix> member <vmtarget> ; # org/junit/jupiter/engine/descriptor/Validatable$$Lambda+0x000002d7010a9180
instanceKlass  @bci org/junit/jupiter/engine/discovery/MethodOrderingVisitor orderContainedMethods (Lorg/junit/jupiter/engine/descriptor/ClassBasedTestDescriptor;)V 23 <appendix> argL0 ; # org/junit/jupiter/engine/discovery/MethodOrderingVisitor$$Lambda+0x000002d7010a8f40
instanceKlass org/junit/jupiter/api/MethodDescriptor
instanceKlass  @bci org/junit/jupiter/engine/discovery/MethodOrderingVisitor toValidationAction (Lorg/junit/jupiter/api/MethodOrderer;)Ljava/util/Optional; 20 <appendix> member <vmtarget> ; # org/junit/jupiter/engine/discovery/MethodOrderingVisitor$$Lambda+0x000002d7010a88b0
instanceKlass  @bci org/junit/jupiter/engine/discovery/MethodOrderingVisitor createClassLevelOrderer (Lorg/junit/jupiter/engine/descriptor/ClassBasedTestDescriptor;)Lorg/junit/jupiter/engine/discovery/AbstractOrderingVisitor$DescriptorWrapperOrderer; 28 <appendix> member <vmtarget> ; # org/junit/jupiter/engine/discovery/MethodOrderingVisitor$$Lambda+0x000002d7010a8688
instanceKlass  @bci org/junit/jupiter/engine/discovery/MethodOrderingVisitor createClassLevelOrderer (Lorg/junit/jupiter/engine/descriptor/ClassBasedTestDescriptor;)Lorg/junit/jupiter/engine/discovery/AbstractOrderingVisitor$DescriptorWrapperOrderer; 18 <appendix> member <vmtarget> ; # org/junit/jupiter/engine/discovery/MethodOrderingVisitor$$Lambda+0x000002d7010a8440
instanceKlass  @bci org/junit/jupiter/engine/discovery/MethodOrderingVisitor createClassLevelOrderer (Lorg/junit/jupiter/engine/descriptor/ClassBasedTestDescriptor;)Lorg/junit/jupiter/engine/discovery/AbstractOrderingVisitor$DescriptorWrapperOrderer; 9 <appendix> argL0 ; # org/junit/jupiter/engine/discovery/MethodOrderingVisitor$$Lambda+0x000002d7010a8200
instanceKlass org/junit/jupiter/api/TestMethodOrder
instanceKlass  @bci org/junit/jupiter/engine/discovery/ClassOrderingVisitor orderNestedClasses (Lorg/junit/jupiter/engine/descriptor/ClassBasedTestDescriptor;)V 21 <appendix> argL0 ; # org/junit/jupiter/engine/discovery/ClassOrderingVisitor$$Lambda+0x000002d7010a6400
instanceKlass  @bci org/junit/jupiter/engine/discovery/ClassOrderingVisitor createClassLevelOrderer (Lorg/junit/jupiter/engine/descriptor/ClassBasedTestDescriptor;)Lorg/junit/jupiter/engine/discovery/AbstractOrderingVisitor$DescriptorWrapperOrderer; 28 <appendix> member <vmtarget> ; # org/junit/jupiter/engine/discovery/ClassOrderingVisitor$$Lambda+0x000002d7010a6c88
instanceKlass  @bci org/junit/jupiter/engine/discovery/ClassOrderingVisitor createClassLevelOrderer (Lorg/junit/jupiter/engine/descriptor/ClassBasedTestDescriptor;)Lorg/junit/jupiter/engine/discovery/AbstractOrderingVisitor$DescriptorWrapperOrderer; 18 <appendix> member <vmtarget> ; # org/junit/jupiter/engine/discovery/ClassOrderingVisitor$$Lambda+0x000002d7010a6a40
instanceKlass  @bci org/junit/jupiter/engine/discovery/ClassOrderingVisitor createClassLevelOrderer (Lorg/junit/jupiter/engine/descriptor/ClassBasedTestDescriptor;)Lorg/junit/jupiter/engine/discovery/AbstractOrderingVisitor$DescriptorWrapperOrderer; 9 <appendix> argL0 ; # org/junit/jupiter/engine/discovery/ClassOrderingVisitor$$Lambda+0x000002d7010a6800
instanceKlass org/junit/jupiter/api/TestClassOrder
instanceKlass  @bci org/junit/platform/engine/TestDescriptor accept (Lorg/junit/platform/engine/TestDescriptor$Visitor;)V 28 <appendix> member <vmtarget> ; # org/junit/platform/engine/TestDescriptor$$Lambda+0x000002d7010a7af0
instanceKlass  @bci org/junit/jupiter/engine/discovery/MethodOrderingVisitor visit (Lorg/junit/platform/engine/TestDescriptor;)V 10 <appendix> argL0 ; # org/junit/jupiter/engine/discovery/MethodOrderingVisitor$$Lambda+0x000002d7010a78b0
instanceKlass  @bci org/junit/jupiter/engine/discovery/MethodOrderingVisitor visit (Lorg/junit/platform/engine/TestDescriptor;)V 5 <appendix> member <vmtarget> ; # org/junit/jupiter/engine/discovery/MethodOrderingVisitor$$Lambda+0x000002d7010a7678
instanceKlass  @bci org/junit/jupiter/engine/discovery/ClassOrderingVisitor visit (Lorg/junit/platform/engine/TestDescriptor;)V 28 <appendix> argL0 ; # org/junit/jupiter/engine/discovery/ClassOrderingVisitor$$Lambda+0x000002d7010a7438
instanceKlass  @bci org/junit/jupiter/engine/discovery/ClassOrderingVisitor visit (Lorg/junit/platform/engine/TestDescriptor;)V 23 <appendix> member <vmtarget> ; # org/junit/jupiter/engine/discovery/ClassOrderingVisitor$$Lambda+0x000002d7010a7200
instanceKlass org/junit/jupiter/api/Order
instanceKlass  @bci org/junit/jupiter/engine/discovery/AbstractOrderingVisitor orderChildrenTestDescriptors (Lorg/junit/platform/engine/TestDescriptor;Ljava/lang/Class;Ljava/util/Optional;Ljava/util/function/Function;Lorg/junit/jupiter/engine/discovery/AbstractOrderingVisitor$DescriptorWrapperOrderer;)V 61 <appendix> member <vmtarget> ; # org/junit/jupiter/engine/discovery/AbstractOrderingVisitor$$Lambda+0x000002d7010a3d20
instanceKlass  @bci org/junit/jupiter/engine/discovery/AbstractOrderingVisitor orderChildrenTestDescriptors (Lorg/junit/platform/engine/TestDescriptor;Ljava/lang/Class;Ljava/util/Optional;Ljava/util/function/Function;Lorg/junit/jupiter/engine/discovery/AbstractOrderingVisitor$DescriptorWrapperOrderer;)V 33 <appendix> member <vmtarget> ; # org/junit/jupiter/engine/discovery/AbstractOrderingVisitor$$Lambda+0x000002d7010a3ad8
instanceKlass  @bci org/junit/jupiter/engine/discovery/AbstractOrderingVisitor orderChildrenTestDescriptors (Lorg/junit/platform/engine/TestDescriptor;Ljava/lang/Class;Ljava/util/Optional;Ljava/util/function/Function;Lorg/junit/jupiter/engine/discovery/AbstractOrderingVisitor$DescriptorWrapperOrderer;)V 17 <appendix> member <vmtarget> ; # org/junit/jupiter/engine/discovery/AbstractOrderingVisitor$$Lambda+0x000002d7010a3880
instanceKlass  @bci org/junit/jupiter/engine/discovery/ClassOrderingVisitor orderTopLevelClasses (Lorg/junit/jupiter/engine/descriptor/JupiterEngineDescriptor;)V 18 <appendix> argL0 ; # org/junit/jupiter/engine/discovery/ClassOrderingVisitor$$Lambda+0x000002d7010a3640
instanceKlass org/junit/jupiter/engine/discovery/AbstractAnnotatedDescriptorWrapper
instanceKlass org/junit/jupiter/api/ClassDescriptor
instanceKlass  @bci org/junit/jupiter/engine/discovery/ClassOrderingVisitor toValidationAction (Lorg/junit/jupiter/api/ClassOrderer;)Ljava/util/Optional; 20 <appendix> member <vmtarget> ; # org/junit/jupiter/engine/discovery/ClassOrderingVisitor$$Lambda+0x000002d7010a2d90
instanceKlass  @bci org/junit/jupiter/engine/discovery/ClassOrderingVisitor visit (Lorg/junit/platform/engine/TestDescriptor;)V 10 <appendix> argL0 ; # org/junit/jupiter/engine/discovery/ClassOrderingVisitor$$Lambda+0x000002d7010a2b50
instanceKlass  @bci org/junit/jupiter/engine/discovery/ClassOrderingVisitor visit (Lorg/junit/platform/engine/TestDescriptor;)V 5 <appendix> member <vmtarget> ; # org/junit/jupiter/engine/discovery/ClassOrderingVisitor$$Lambda+0x000002d7010a2918
instanceKlass  @bci org/junit/platform/engine/support/discovery/EngineDiscoveryRequestResolution run ()V 65 <appendix> member <vmtarget> ; # org/junit/platform/engine/support/discovery/EngineDiscoveryRequestResolution$$Lambda+0x000002d7010a26e0
instanceKlass java/util/HashMap$HashMapSpliterator
instanceKlass  @bci org/junit/jupiter/engine/discovery/MethodSelectorResolver expansionCallback (Lorg/junit/platform/engine/TestDescriptor;)Ljava/util/function/Supplier; 1 <appendix> member <vmtarget> ; # org/junit/jupiter/engine/discovery/MethodSelectorResolver$$Lambda+0x000002d7010a24b8
instanceKlass  @bci org/junit/jupiter/engine/descriptor/MethodBasedTestDescriptor$MethodInfo <init> (Ljava/lang/Class;Ljava/lang/reflect/Method;)V 56 <appendix> member <vmtarget> ; # org/junit/jupiter/engine/descriptor/MethodBasedTestDescriptor$MethodInfo$$Lambda+0x000002d7010a2280
instanceKlass  @bci org/junit/jupiter/engine/descriptor/MethodBasedTestDescriptor$MethodInfo <init> (Ljava/lang/Class;Ljava/lang/reflect/Method;)V 42 <appendix> member <vmtarget> ; # org/junit/jupiter/engine/descriptor/MethodBasedTestDescriptor$MethodInfo$$Lambda+0x000002d7010a2058
instanceKlass  @bci org/junit/jupiter/engine/descriptor/MethodBasedTestDescriptor$MethodInfo <init> (Ljava/lang/Class;Ljava/lang/reflect/Method;)V 36 <appendix> member <vmtarget> ; # org/junit/jupiter/engine/descriptor/MethodBasedTestDescriptor$MethodInfo$$Lambda+0x000002d7010a1e30
instanceKlass org/junit/jupiter/engine/descriptor/MethodBasedTestDescriptor$MethodInfo
instanceKlass org/junit/platform/engine/support/descriptor/MethodSource
instanceKlass  @bci ch/qos/logback/classic/util/DefaultJoranConfigurator statusOnResourceSearch (Ljava/lang/String;Ljava/lang/ClassLoader;Ljava/net/URL;)V 22 <appendix> form vmentry <vmtarget> ; # java/lang/invoke/LambdaForm$MH+0x000002d7010a6000
# instanceKlass java/lang/invoke/LambdaForm$MH+0x000002d7010a5c00
instanceKlass  @bci ch/qos/logback/classic/util/DefaultJoranConfigurator statusOnResourceSearch (Ljava/lang/String;Ljava/lang/ClassLoader;Ljava/net/URL;)V 22 <appendix> argL3 form vmentry <vmtarget> ; # java/lang/invoke/LambdaForm$MH+0x000002d7010a5800
# instanceKlass java/lang/invoke/LambdaForm$MH+0x000002d7010a5400
instanceKlass  @bci ch/qos/logback/classic/util/DefaultJoranConfigurator statusOnResourceSearch (Ljava/lang/String;Ljava/lang/ClassLoader;Ljava/net/URL;)V 22 <appendix> argL2 form vmentry <vmtarget> ; # java/lang/invoke/LambdaForm$MH+0x000002d7010a5000
# instanceKlass java/lang/invoke/LambdaForm$MH+0x000002d7010a4c00
instanceKlass  @bci ch/qos/logback/classic/util/DefaultJoranConfigurator statusOnResourceSearch (Ljava/lang/String;Ljava/lang/ClassLoader;Ljava/net/URL;)V 22 <appendix> argL1 form vmentry <vmtarget> ; # java/lang/invoke/LambdaForm$MH+0x000002d7010a4800
# instanceKlass java/lang/invoke/LambdaForm$MH+0x000002d7010a4400
instanceKlass  @bci org/junit/jupiter/api/DisplayNameGenerator parameterTypesAsString (Ljava/lang/reflect/Method;)Ljava/lang/String; 26 <appendix> argL0 ; # org/junit/jupiter/api/DisplayNameGenerator$$Lambda+0x000002d7010a17c0
instanceKlass  @bci org/junit/jupiter/engine/descriptor/DisplayNameUtils createDisplayNameSupplierForMethod (Ljava/util/function/Supplier;Ljava/lang/Class;Ljava/lang/reflect/Method;Lorg/junit/jupiter/engine/config/JupiterConfiguration;)Ljava/util/function/Supplier; 5 <appendix> member <vmtarget> ; # org/junit/jupiter/engine/descriptor/DisplayNameUtils$$Lambda+0x000002d7010a1588
instanceKlass  @bci org/junit/jupiter/engine/descriptor/TestMethodTestDescriptor <clinit> ()V 10 <appendix> argL0 ; # org/junit/jupiter/engine/descriptor/TestMethodTestDescriptor$$Lambda+0x000002d7010a1368
instanceKlass  @cpi org/junit/jupiter/engine/descriptor/TestMethodTestDescriptor 566 form vmentry <vmtarget> ; # java/lang/invoke/LambdaForm$DMH+0x000002d7010a4000
instanceKlass org/junit/jupiter/api/extension/InvocationInterceptor
instanceKlass org/junit/jupiter/engine/execution/InterceptingExecutableInvoker$ReflectiveInterceptorCall$VoidMethodInterceptorCall
instanceKlass  @bci org/junit/jupiter/engine/discovery/MethodSelectorResolver$MethodType createTestDescriptor (Lorg/junit/platform/engine/TestDescriptor;Ljava/lang/Class;Ljava/lang/reflect/Method;Lorg/junit/jupiter/engine/config/JupiterConfiguration;)Lorg/junit/platform/engine/TestDescriptor; 26 <appendix> member <vmtarget> ; # org/junit/jupiter/engine/discovery/MethodSelectorResolver$MethodType$$Lambda+0x000002d7010a0d40
instanceKlass  @bci org/junit/platform/commons/util/ClassUtils nullSafeToString ([Ljava/lang/Class;)Ljava/lang/String; 0 <appendix> argL0 ; # org/junit/platform/commons/util/ClassUtils$$Lambda+0x000002d7010a0b00
instanceKlass org/junit/platform/commons/util/ClassUtils
instanceKlass  @bci org/junit/jupiter/engine/discovery/MethodSelectorResolver$MethodType resolve (Ljava/util/List;Ljava/lang/Class;Ljava/lang/reflect/Method;Lorg/junit/platform/engine/support/discovery/SelectorResolver$Context;Lorg/junit/jupiter/engine/config/JupiterConfiguration;)Ljava/util/Optional; 32 <appendix> member <vmtarget> ; # org/junit/jupiter/engine/discovery/MethodSelectorResolver$MethodType$$Lambda+0x000002d7010a06b0
instanceKlass  @bci org/junit/jupiter/engine/discovery/MethodSelectorResolver$MethodType resolve (Ljava/util/List;Ljava/lang/Class;Ljava/lang/reflect/Method;Lorg/junit/platform/engine/support/discovery/SelectorResolver$Context;Lorg/junit/jupiter/engine/config/JupiterConfiguration;)Ljava/util/Optional; 22 <appendix> member <vmtarget> ; # org/junit/jupiter/engine/discovery/MethodSelectorResolver$MethodType$$Lambda+0x000002d7010a0488
instanceKlass  @bci java/util/stream/Collectors toSet ()Ljava/util/stream/Collector; 14 <appendix> argL0 ; # java/util/stream/Collectors$$Lambda+0x80000003f
instanceKlass  @bci java/util/stream/Collectors toSet ()Ljava/util/stream/Collector; 9 <appendix> argL0 ; # java/util/stream/Collectors$$Lambda+0x800000038
instanceKlass  @bci java/util/stream/Collectors toSet ()Ljava/util/stream/Collector; 4 <appendix> argL0 ; # java/util/stream/Collectors$$Lambda+0x800000044
instanceKlass  @bci org/junit/jupiter/engine/discovery/MethodSelectorResolver resolve (Lorg/junit/platform/engine/support/discovery/SelectorResolver$Context;Ljava/util/List;Ljava/lang/Class;Ljava/util/function/Supplier;Ljava/util/function/BiFunction;)Lorg/junit/platform/engine/support/discovery/SelectorResolver$Resolution; 67 <appendix> member <vmtarget> ; # org/junit/jupiter/engine/discovery/MethodSelectorResolver$$Lambda+0x000002d7010a0240
instanceKlass  @bci org/junit/jupiter/engine/discovery/MethodSelectorResolver resolve (Lorg/junit/platform/engine/support/discovery/SelectorResolver$Context;Ljava/util/List;Ljava/lang/Class;Ljava/util/function/Supplier;Ljava/util/function/BiFunction;)Lorg/junit/platform/engine/support/discovery/SelectorResolver$Resolution; 54 <appendix> argL0 ; # org/junit/jupiter/engine/discovery/MethodSelectorResolver$$Lambda+0x000002d7010a0000
instanceKlass  @bci org/junit/jupiter/engine/discovery/MethodSelectorResolver resolve (Lorg/junit/platform/engine/support/discovery/SelectorResolver$Context;Ljava/util/List;Ljava/lang/Class;Ljava/util/function/Supplier;Ljava/util/function/BiFunction;)Lorg/junit/platform/engine/support/discovery/SelectorResolver$Resolution; 44 <appendix> member <vmtarget> ; # org/junit/jupiter/engine/discovery/MethodSelectorResolver$$Lambda+0x000002d701097c28
instanceKlass  @bci org/junit/jupiter/engine/discovery/MethodSelectorResolver resolve (Lorg/junit/platform/engine/DiscoverySelector;Lorg/junit/platform/engine/support/discovery/SelectorResolver$Context;)Lorg/junit/platform/engine/support/discovery/SelectorResolver$Resolution; 56 <appendix> argL0 ; # org/junit/jupiter/engine/discovery/MethodSelectorResolver$$Lambda+0x000002d7010979f8
instanceKlass  @bci org/junit/jupiter/engine/discovery/MethodSelectorResolver resolve (Lorg/junit/platform/engine/DiscoverySelector;Lorg/junit/platform/engine/support/discovery/SelectorResolver$Context;)Lorg/junit/platform/engine/support/discovery/SelectorResolver$Resolution; 51 <appendix> member <vmtarget> ; # org/junit/jupiter/engine/discovery/MethodSelectorResolver$$Lambda+0x000002d7010977d0
instanceKlass org/junit/platform/engine/discovery/UriSelector
instanceKlass org/junit/platform/engine/discovery/PackageSelector
instanceKlass org/junit/platform/engine/discovery/ModuleSelector
instanceKlass org/junit/platform/engine/discovery/NestedMethodSelector
instanceKlass org/junit/platform/engine/discovery/MethodSelector
instanceKlass org/junit/platform/engine/discovery/FileSelector
instanceKlass org/junit/platform/engine/discovery/DirectorySelector
instanceKlass org/junit/platform/engine/discovery/IterationSelector
instanceKlass  @bci org/junit/platform/engine/support/discovery/EngineDiscoveryRequestResolution lambda$enqueueAdditionalSelectors$0 (Lorg/junit/platform/engine/support/discovery/SelectorResolver$Match;)V 41 <appendix> member <vmtarget> ; # org/junit/platform/engine/support/discovery/EngineDiscoveryRequestResolution$$Lambda+0x000002d701096458
instanceKlass  @bci org/junit/platform/engine/support/store/NamespacedHierarchicalStore$CompositeKey hashCode ()I 1 <adapter> ; # java/lang/invoke/LambdaForm$MH+0x000002d70109fc00
instanceKlass  @bci org/junit/platform/engine/support/store/NamespacedHierarchicalStore$CompositeKey hashCode ()I 1 <appendix> form vmentry <vmtarget> ; # java/lang/invoke/LambdaForm$MH+0x000002d70109f800
# instanceKlass java/lang/invoke/LambdaForm$MH+0x000002d70109f400
# instanceKlass java/lang/invoke/LambdaForm$MH+0x000002d70109f000
instanceKlass  @bci org/junit/platform/engine/support/store/NamespacedHierarchicalStore$CompositeKey hashCode ()I 1 <appendix> form names 7 function resolvedHandle form vmentry <vmtarget> ; # java/lang/invoke/LambdaForm$DMH+0x000002d70109ec00
instanceKlass  @bci org/junit/platform/engine/support/store/NamespacedHierarchicalStore$CompositeKey hashCode ()I 1 <appendix> argL2 argL2 form vmentry <vmtarget> ; # java/lang/invoke/LambdaForm$MH+0x000002d70109e800
instanceKlass  @bci java/lang/runtime/ObjectMethods bootstrap (Ljava/lang/invoke/MethodHandles$Lookup;Ljava/lang/String;Ljava/lang/invoke/TypeDescriptor;Ljava/lang/Class;Ljava/lang/String;[Ljava/lang/invoke/MethodHandle;)Ljava/lang/Object; 37 <appendix> argL0 ; # java/lang/runtime/ObjectMethods$$Lambda+0x000002d70107ef48
instanceKlass java/lang/invoke/DirectMethodHandle$1
# instanceKlass java/lang/invoke/LambdaForm$DMH+0x000002d70109e400
# instanceKlass java/lang/invoke/LambdaForm$DMH+0x000002d70109e000
# instanceKlass java/lang/invoke/LambdaForm$DMH+0x000002d70109dc00
# instanceKlass java/lang/invoke/LambdaForm$DMH+0x000002d70109d800
# instanceKlass java/lang/invoke/LambdaForm$DMH+0x000002d70109d400
# instanceKlass java/lang/invoke/LambdaForm$DMH+0x000002d70109d000
# instanceKlass java/lang/invoke/LambdaForm$DMH+0x000002d70109cc00
# instanceKlass java/lang/invoke/LambdaForm$DMH+0x000002d70109c800
# instanceKlass java/lang/invoke/LambdaForm$DMH+0x000002d70109c400
# instanceKlass java/lang/invoke/LambdaForm$DMH+0x000002d70109c000
# instanceKlass java/lang/invoke/LambdaForm$DMH+0x000002d70109bc00
# instanceKlass java/lang/invoke/LambdaForm$DMH+0x000002d70109b800
instanceKlass java/lang/runtime/ObjectMethods$1
# instanceKlass java/lang/invoke/LambdaForm$MH+0x000002d70109b400
instanceKlass java/lang/invoke/MethodHandles$1
# instanceKlass java/lang/invoke/LambdaForm$MH+0x000002d70109b000
# instanceKlass java/lang/invoke/LambdaForm$MH+0x000002d70109ac00
# instanceKlass java/lang/invoke/LambdaForm$MH+0x000002d70109a800
instanceKlass java/lang/invoke/LambdaFormEditor$1
# instanceKlass java/lang/invoke/LambdaForm$MH+0x000002d70109a400
# instanceKlass java/lang/invoke/LambdaForm$MH+0x000002d70109a000
# instanceKlass java/lang/invoke/LambdaForm$MH+0x000002d701099c00
# instanceKlass java/lang/invoke/LambdaForm$DMH+0x000002d701099800
# instanceKlass java/lang/invoke/LambdaForm$DMH+0x000002d701099400
instanceKlass java/lang/invoke/MethodHandleImpl$ArrayAccessor
# instanceKlass java/lang/invoke/LambdaForm$MH+0x000002d701099000
# instanceKlass java/lang/invoke/LambdaForm$MH+0x000002d701098c00
instanceKlass java/lang/invoke/MethodHandleImpl$Makers$2
instanceKlass java/lang/invoke/MethodHandleImpl$Makers$1
instanceKlass java/lang/invoke/MethodHandleImpl$Makers
instanceKlass  @bci java/lang/invoke/BootstrapMethodInvoker invoke (Ljava/lang/Class;Ljava/lang/invoke/MethodHandle;Ljava/lang/String;Ljava/lang/Object;Ljava/lang/Object;Ljava/lang/Class;)Ljava/lang/Object; 862 <adapter> ; # java/lang/invoke/LambdaForm$MH+0x000002d701098800
instanceKlass  @bci org/junit/jupiter/engine/discovery/DeclaredMethodSelector hashCode ()I 1 <appendix> argL1 argL1 form vmentry <vmtarget> ; # java/lang/invoke/LambdaForm$MH+0x000002d701098400
# instanceKlass java/lang/invoke/LambdaForm$DMH+0x000002d701098000
instanceKlass java/lang/runtime/ObjectMethods
instanceKlass  @bci java/util/stream/StreamSpliterators$WrappingSpliterator forEachRemaining (Ljava/util/function/Consumer;)V 33 <appendix> member <vmtarget> ; # java/util/stream/StreamSpliterators$WrappingSpliterator$$Lambda+0x000002d70107dd08
instanceKlass java/util/stream/StreamSpliterators
instanceKlass  @bci org/junit/jupiter/engine/discovery/ClassSelectorResolver lambda$expansionCallback$1 (Lorg/junit/platform/engine/TestDescriptor;Ljava/util/function/Supplier;)Ljava/util/Set; 157 <appendix> argL0 ; # org/junit/jupiter/engine/discovery/ClassSelectorResolver$$Lambda+0x000002d701096008
instanceKlass java/util/stream/StreamSpliterators$AbstractWrappingSpliterator
instanceKlass  @bci java/util/stream/AbstractPipeline spliterator ()Ljava/util/Spliterator; 103 <appendix> member <vmtarget> ; # java/util/stream/AbstractPipeline$$Lambda+0x000002d70107d3a8
instanceKlass  @bci org/junit/jupiter/engine/discovery/ClassSelectorResolver lambda$expansionCallback$1 (Lorg/junit/platform/engine/TestDescriptor;Ljava/util/function/Supplier;)Ljava/util/Set; 138 <appendix> member <vmtarget> ; # org/junit/jupiter/engine/discovery/ClassSelectorResolver$$Lambda+0x000002d701095dc0
instanceKlass org/junit/platform/engine/discovery/NestedClassSelector
instanceKlass java/util/stream/Streams$2
instanceKlass java/util/stream/Streams$ConcatSpliterator
instanceKlass  @bci java/util/function/Predicate and (Ljava/util/function/Predicate;)Ljava/util/function/Predicate; 7 <appendix> member <vmtarget> ; # java/util/function/Predicate$$Lambda+0x000002d70107c9e0
instanceKlass  @bci org/junit/jupiter/engine/discovery/ClassSelectorResolver lambda$expansionCallback$1 (Lorg/junit/platform/engine/TestDescriptor;Ljava/util/function/Supplier;)Ljava/util/Set; 112 <appendix> argL0 ; # org/junit/jupiter/engine/discovery/ClassSelectorResolver$$Lambda+0x000002d701095948
instanceKlass  @bci org/junit/platform/commons/util/ReflectionUtils toSortedMutableList ([Ljava/lang/Class;)Ljava/util/List; 1 <appendix> argL0 ; # org/junit/platform/commons/util/ReflectionUtils$$Lambda+0x000002d7010956b0
instanceKlass  @bci org/junit/platform/commons/util/ReflectionUtils findNestedClasses (Ljava/lang/Class;Ljava/util/function/Predicate;Lorg/junit/platform/commons/util/ReflectionUtils$CycleErrorHandling;)Ljava/util/List; 31 <appendix> member <vmtarget> ; # org/junit/platform/commons/util/ReflectionUtils$$Lambda+0x000002d701095478
instanceKlass  @bci org/junit/jupiter/engine/discovery/ClassSelectorResolver lambda$expansionCallback$1 (Lorg/junit/platform/engine/TestDescriptor;Ljava/util/function/Supplier;)Ljava/util/Set; 72 <appendix> member <vmtarget> ; # org/junit/jupiter/engine/discovery/ClassSelectorResolver$$Lambda+0x000002d701094948
instanceKlass java/util/stream/ForEachOps$ForEachOp
instanceKlass java/util/stream/ForEachOps
instanceKlass  @bci org/junit/platform/engine/support/discovery/EngineDiscoveryRequestResolution enqueueAdditionalSelectors (Lorg/junit/platform/engine/support/discovery/SelectorResolver$Resolution;)V 34 <appendix> member <vmtarget> ; # org/junit/platform/engine/support/discovery/EngineDiscoveryRequestResolution$$Lambda+0x000002d701094710
instanceKlass  @bci org/junit/platform/engine/support/discovery/EngineDiscoveryRequestResolution enqueueAdditionalSelectors (Lorg/junit/platform/engine/support/discovery/SelectorResolver$Resolution;)V 23 <appendix> argL0 ; # org/junit/platform/engine/support/discovery/EngineDiscoveryRequestResolution$$Lambda+0x000002d7010944c0
instanceKlass java/util/Spliterators$IteratorSpliterator
instanceKlass  @bci org/junit/platform/launcher/listeners/discovery/CompositeLauncherDiscoveryListener selectorProcessed (Lorg/junit/platform/engine/UniqueId;Lorg/junit/platform/engine/DiscoverySelector;Lorg/junit/platform/engine/SelectorResolutionResult;)V 7 <appendix> member <vmtarget> ; # org/junit/platform/launcher/listeners/discovery/CompositeLauncherDiscoveryListener$$Lambda+0x000002d701094288
instanceKlass org/junit/platform/engine/SelectorResolutionResult
instanceKlass  @bci org/junit/platform/engine/support/discovery/EngineDiscoveryRequestResolution lambda$resolve$1 (Lorg/junit/platform/engine/DiscoverySelector;Lorg/junit/platform/engine/support/discovery/SelectorResolver$Resolution;)Lorg/junit/platform/engine/support/discovery/SelectorResolver$Resolution; 28 <appendix> member <vmtarget> ; # org/junit/platform/engine/support/discovery/EngineDiscoveryRequestResolution$$Lambda+0x000002d7010939f0
instanceKlass  @bci org/junit/platform/engine/support/discovery/EngineDiscoveryRequestResolution resolve (Lorg/junit/platform/engine/DiscoverySelector;Ljava/util/function/Function;)Ljava/util/Optional; 32 <appendix> member <vmtarget> ; # org/junit/platform/engine/support/discovery/EngineDiscoveryRequestResolution$$Lambda+0x000002d7010937a8
instanceKlass  @bci org/junit/jupiter/engine/discovery/ClassSelectorResolver expansionCallback (Lorg/junit/platform/engine/TestDescriptor;Ljava/util/function/Supplier;)Ljava/util/function/Supplier; 3 <appendix> member <vmtarget> ; # org/junit/jupiter/engine/discovery/ClassSelectorResolver$$Lambda+0x000002d701093580
instanceKlass  @bci org/junit/jupiter/engine/discovery/ClassSelectorResolver expansionCallback (Lorg/junit/jupiter/engine/descriptor/ClassBasedTestDescriptor;)Ljava/util/function/Supplier; 3 <appendix> member <vmtarget> ; # org/junit/jupiter/engine/discovery/ClassSelectorResolver$$Lambda+0x000002d701093358
instanceKlass  @bci org/junit/jupiter/engine/discovery/ClassSelectorResolver toResolution (Ljava/util/Optional;)Lorg/junit/platform/engine/support/discovery/SelectorResolver$Resolution; 2 <appendix> member <vmtarget> ; # org/junit/jupiter/engine/discovery/ClassSelectorResolver$$Lambda+0x000002d701093110
instanceKlass org/junit/jupiter/api/AfterEach
instanceKlass  @bci org/junit/jupiter/engine/descriptor/LifecycleMethodUtils isNotStatic (Lorg/junit/platform/engine/support/discovery/DiscoveryIssueReporter;Ljava/util/function/Function;)Lorg/junit/platform/engine/support/discovery/DiscoveryIssueReporter$Condition; 7 <appendix> member <vmtarget> ; # org/junit/jupiter/engine/descriptor/LifecycleMethodUtils$$Lambda+0x000002d701092cc8
instanceKlass  @bci org/junit/jupiter/engine/descriptor/LifecycleMethodUtils isNotStatic (Lorg/junit/platform/engine/support/discovery/DiscoveryIssueReporter;Ljava/util/function/Function;)Lorg/junit/platform/engine/support/discovery/DiscoveryIssueReporter$Condition; 1 <appendix> argL0 ; # org/junit/jupiter/engine/descriptor/LifecycleMethodUtils$$Lambda+0x000002d701092a78
instanceKlass  @bci org/junit/jupiter/engine/descriptor/LifecycleMethodUtils findMethodsAndCheckNonStatic (Ljava/lang/Class;Ljava/lang/Class;Lorg/junit/platform/commons/support/HierarchyTraversalMode;Lorg/junit/platform/engine/support/discovery/DiscoveryIssueReporter;)Ljava/util/List; 6 <appendix> member <vmtarget> ; # org/junit/jupiter/engine/descriptor/LifecycleMethodUtils$$Lambda+0x000002d701092830
instanceKlass org/junit/jupiter/api/BeforeEach
instanceKlass org/junit/jupiter/api/AfterAll
instanceKlass  @bci org/junit/platform/engine/support/discovery/DiscoveryIssueReporter$Condition toPredicate ()Ljava/util/function/Predicate; 1 <appendix> member <vmtarget> ; # org/junit/platform/engine/support/discovery/DiscoveryIssueReporter$Condition$$Lambda+0x000002d7010921d8
instanceKlass  @bci org/junit/jupiter/engine/descriptor/LifecycleMethodUtils returnsPrimitiveVoid (Lorg/junit/platform/engine/support/discovery/DiscoveryIssueReporter;Ljava/util/function/Function;)Lorg/junit/platform/engine/support/discovery/DiscoveryIssueReporter$Condition; 7 <appendix> member <vmtarget> ; # org/junit/jupiter/engine/descriptor/LifecycleMethodUtils$$Lambda+0x000002d701091f90
instanceKlass  @bci org/junit/jupiter/engine/descriptor/LifecycleMethodUtils returnsPrimitiveVoid (Lorg/junit/platform/engine/support/discovery/DiscoveryIssueReporter;Ljava/util/function/Function;)Lorg/junit/platform/engine/support/discovery/DiscoveryIssueReporter$Condition; 1 <appendix> argL0 ; # org/junit/jupiter/engine/descriptor/LifecycleMethodUtils$$Lambda+0x000002d701091d40
instanceKlass  @bci org/junit/jupiter/engine/descriptor/LifecycleMethodUtils findMethodsAndCheckVoidReturnType (Ljava/lang/Class;Ljava/lang/Class;Lorg/junit/platform/commons/support/HierarchyTraversalMode;Lorg/junit/platform/engine/support/discovery/DiscoveryIssueReporter;Lorg/junit/platform/engine/support/discovery/DiscoveryIssueReporter$Condition;)Ljava/util/List; 38 <appendix> member <vmtarget> ; # org/junit/jupiter/engine/descriptor/LifecycleMethodUtils$$Lambda+0x000002d701091af8
instanceKlass  @bci org/junit/platform/engine/support/discovery/DiscoveryIssueReporter$Condition toConsumer ()Ljava/util/function/Consumer; 1 <appendix> member <vmtarget> ; # org/junit/platform/engine/support/discovery/DiscoveryIssueReporter$Condition$$Lambda+0x000002d7010918c0
instanceKlass  @bci org/junit/jupiter/engine/descriptor/LifecycleMethodUtils isNotPrivateWarning (Lorg/junit/platform/engine/support/discovery/DiscoveryIssueReporter;Ljava/util/function/Supplier;)Lorg/junit/platform/engine/support/discovery/DiscoveryIssueReporter$Condition; 7 <appendix> member <vmtarget> ; # org/junit/jupiter/engine/descriptor/LifecycleMethodUtils$$Lambda+0x000002d701091678
instanceKlass  @bci org/junit/jupiter/engine/descriptor/LifecycleMethodUtils isNotPrivateWarning (Lorg/junit/platform/engine/support/discovery/DiscoveryIssueReporter;Ljava/util/function/Supplier;)Lorg/junit/platform/engine/support/discovery/DiscoveryIssueReporter$Condition; 1 <appendix> argL0 ; # org/junit/jupiter/engine/descriptor/LifecycleMethodUtils$$Lambda+0x000002d701091428
instanceKlass  @bci org/junit/jupiter/engine/descriptor/LifecycleMethodUtils findMethodsAndCheckVoidReturnType (Ljava/lang/Class;Ljava/lang/Class;Lorg/junit/platform/commons/support/HierarchyTraversalMode;Lorg/junit/platform/engine/support/discovery/DiscoveryIssueReporter;Lorg/junit/platform/engine/support/discovery/DiscoveryIssueReporter$Condition;)Ljava/util/List; 18 <appendix> member <vmtarget> ; # org/junit/jupiter/engine/descriptor/LifecycleMethodUtils$$Lambda+0x000002d701091200
instanceKlass java/util/stream/DistinctOps
instanceKlass  @bci org/junit/platform/commons/util/ReflectionUtils findAllMethodsInHierarchy (Ljava/lang/Class;Lorg/junit/platform/commons/util/ReflectionUtils$HierarchyTraversalMode;)Ljava/util/List; 105 <appendix> argL0 ; # org/junit/platform/commons/util/ReflectionUtils$$Lambda+0x000002d701090fe0
instanceKlass  @bci org/junit/platform/commons/util/ReflectionUtils findAllMethodsInHierarchy (Ljava/lang/Class;Lorg/junit/platform/commons/util/ReflectionUtils$HierarchyTraversalMode;)Ljava/util/List; 95 <appendix> member <vmtarget> ; # org/junit/platform/commons/util/ReflectionUtils$$Lambda+0x000002d701090d88
instanceKlass  @bci org/junit/platform/commons/util/ReflectionUtils findAllMethodsInHierarchy (Ljava/lang/Class;Lorg/junit/platform/commons/util/ReflectionUtils$HierarchyTraversalMode;)Ljava/util/List; 70 <appendix> argL0 ; # org/junit/platform/commons/util/ReflectionUtils$$Lambda+0x000002d701090b68
instanceKlass  @bci org/junit/platform/commons/util/ReflectionUtils findAllMethodsInHierarchy (Ljava/lang/Class;Lorg/junit/platform/commons/util/ReflectionUtils$HierarchyTraversalMode;)Ljava/util/List; 60 <appendix> member <vmtarget> ; # org/junit/platform/commons/util/ReflectionUtils$$Lambda+0x000002d701090910
instanceKlass  @bci org/junit/platform/commons/util/ReflectionUtils findAllMethodsInHierarchy (Ljava/lang/Class;Lorg/junit/platform/commons/util/ReflectionUtils$HierarchyTraversalMode;)Ljava/util/List; 35 <appendix> argL0 ; # org/junit/platform/commons/util/ReflectionUtils$$Lambda+0x000002d7010906f0
instanceKlass  @bci org/junit/platform/commons/util/ReflectionUtils findAllMethodsInHierarchy (Ljava/lang/Class;Lorg/junit/platform/commons/util/ReflectionUtils$HierarchyTraversalMode;)Ljava/util/List; 25 <appendix> argL0 ; # org/junit/platform/commons/util/ReflectionUtils$$Lambda+0x000002d7010904a0
instanceKlass  @bci org/junit/platform/commons/util/AnnotationUtils findAnnotatedMethods (Ljava/lang/Class;Ljava/lang/Class;Lorg/junit/platform/commons/util/ReflectionUtils$HierarchyTraversalMode;)Ljava/util/List; 16 <appendix> member <vmtarget> ; # org/junit/platform/commons/util/AnnotationUtils$$Lambda+0x000002d701090248
instanceKlass  @bci org/junit/jupiter/engine/descriptor/LifecycleMethodUtils isStatic (Lorg/junit/platform/engine/support/discovery/DiscoveryIssueReporter;Ljava/util/function/Function;)Lorg/junit/platform/engine/support/discovery/DiscoveryIssueReporter$Condition; 7 <appendix> member <vmtarget> ; # org/junit/jupiter/engine/descriptor/LifecycleMethodUtils$$Lambda+0x000002d701090000
instanceKlass  @bci org/junit/jupiter/engine/descriptor/LifecycleMethodUtils isStatic (Lorg/junit/platform/engine/support/discovery/DiscoveryIssueReporter;Ljava/util/function/Function;)Lorg/junit/platform/engine/support/discovery/DiscoveryIssueReporter$Condition; 1 <appendix> argL0 ; # org/junit/jupiter/engine/descriptor/LifecycleMethodUtils$$Lambda+0x000002d70108cc00
instanceKlass  @bci org/junit/jupiter/engine/descriptor/LifecycleMethodUtils findMethodsAndCheckStatic (Ljava/lang/Class;ZLjava/lang/Class;Lorg/junit/platform/commons/support/HierarchyTraversalMode;Lorg/junit/platform/engine/support/discovery/DiscoveryIssueReporter;)Ljava/util/List; 7 <appendix> member <vmtarget> ; # org/junit/jupiter/engine/descriptor/LifecycleMethodUtils$$Lambda+0x000002d70108dcc8
instanceKlass org/junit/jupiter/api/BeforeAll
instanceKlass org/junit/jupiter/engine/descriptor/LifecycleMethodUtils
instanceKlass  @bci org/junit/platform/engine/support/discovery/DiscoveryIssueReporter consuming (Ljava/util/function/Consumer;)Lorg/junit/platform/engine/support/discovery/DiscoveryIssueReporter; 13 <appendix> member <vmtarget> ; # org/junit/platform/engine/support/discovery/DiscoveryIssueReporter$$Lambda+0x000002d70108d238
instanceKlass  @cpi org/junit/jupiter/engine/descriptor/ExtensionUtils 424 form vmentry <vmtarget> ; # java/lang/invoke/LambdaForm$DMH+0x000002d70108c800
instanceKlass  @bci org/junit/platform/engine/support/discovery/DiscoveryIssueReporter collecting (Ljava/util/Collection;)Lorg/junit/platform/engine/support/discovery/DiscoveryIssueReporter; 13 <appendix> member <vmtarget> ; # org/junit/platform/engine/support/discovery/DiscoveryIssueReporter$$Lambda+0x000002d70108d000
instanceKlass org/junit/jupiter/engine/descriptor/ClassBasedTestDescriptor$LifecycleMethods
instanceKlass org/junit/jupiter/api/parallel/ResourceLocks
instanceKlass org/junit/jupiter/api/parallel/ResourceLock
instanceKlass org/junit/jupiter/engine/descriptor/ExclusiveResourceCollector
instanceKlass  @bci org/junit/jupiter/engine/config/EnumConfigurationParameterConverter get (Lorg/junit/platform/engine/ConfigurationParameters;Ljava/lang/String;)Ljava/util/Optional; 9 <appendix> member <vmtarget> ; # org/junit/jupiter/engine/config/EnumConfigurationParameterConverter$$Lambda+0x000002d70108f110
instanceKlass  @bci org/junit/jupiter/engine/config/CachingJupiterConfiguration getDefaultTestInstanceLifecycle ()Lorg/junit/jupiter/api/TestInstance$Lifecycle; 7 <appendix> member <vmtarget> ; # org/junit/jupiter/engine/config/CachingJupiterConfiguration$$Lambda+0x000002d70108ecd0
instanceKlass  @bci org/junit/jupiter/engine/descriptor/TestInstanceLifecycleUtils getTestInstanceLifecycle (Ljava/lang/Class;Lorg/junit/jupiter/engine/config/JupiterConfiguration;)Lorg/junit/jupiter/api/TestInstance$Lifecycle; 34 <appendix> member <vmtarget> ; # org/junit/jupiter/engine/descriptor/TestInstanceLifecycleUtils$$Lambda+0x000002d70108eaa8
instanceKlass  @bci org/junit/jupiter/engine/descriptor/TestInstanceLifecycleUtils getTestInstanceLifecycle (Ljava/lang/Class;Lorg/junit/jupiter/engine/config/JupiterConfiguration;)Lorg/junit/jupiter/api/TestInstance$Lifecycle; 20 <appendix> argL0 ; # org/junit/jupiter/engine/descriptor/TestInstanceLifecycleUtils$$Lambda+0x000002d70108e868
instanceKlass org/junit/jupiter/api/TestInstance
instanceKlass org/junit/jupiter/engine/descriptor/TestInstanceLifecycleUtils
instanceKlass  @bci java/util/function/Function andThen (Ljava/util/function/Function;)Ljava/util/function/Function; 7 <appendix> member <vmtarget> ; # java/util/function/Function$$Lambda+0x000002d70107b610
instanceKlass  @cpi java/util/function/Function 58 form vmentry <vmtarget> ; # java/lang/invoke/LambdaForm$DMH+0x000002d70108c400
instanceKlass  @bci org/junit/jupiter/engine/descriptor/JupiterTestDescriptor getTags (Ljava/lang/reflect/AnnotatedElement;Ljava/util/function/Supplier;Ljava/util/function/Supplier;Ljava/util/function/Consumer;)Ljava/util/Set; 63 <appendix> argL0 ; # org/junit/jupiter/engine/descriptor/JupiterTestDescriptor$$Lambda+0x000002d70108e220
instanceKlass  @bci org/junit/jupiter/engine/descriptor/JupiterTestDescriptor getTags (Ljava/lang/reflect/AnnotatedElement;Ljava/util/function/Supplier;Ljava/util/function/Supplier;Ljava/util/function/Consumer;)Ljava/util/Set; 55 <appendix> argL0 ; # org/junit/jupiter/engine/descriptor/JupiterTestDescriptor$$Lambda+0x000002d70108e000
instanceKlass  @bci org/junit/jupiter/engine/descriptor/JupiterTestDescriptor getTags (Ljava/lang/reflect/AnnotatedElement;Ljava/util/function/Supplier;Ljava/util/function/Supplier;Ljava/util/function/Consumer;)Ljava/util/Set; 45 <appendix> argL0 ; # org/junit/jupiter/engine/descriptor/JupiterTestDescriptor$$Lambda+0x000002d70108bd58
instanceKlass org/junit/platform/engine/TestTag
instanceKlass  @bci org/junit/jupiter/engine/descriptor/JupiterTestDescriptor getTags (Ljava/lang/reflect/AnnotatedElement;Ljava/util/function/Supplier;Ljava/util/function/Supplier;Ljava/util/function/Consumer;)Ljava/util/Set; 35 <appendix> member <vmtarget> ; # org/junit/jupiter/engine/descriptor/JupiterTestDescriptor$$Lambda+0x000002d70108b8f0
instanceKlass  @cpi org/junit/jupiter/engine/descriptor/JupiterTestDescriptor 477 form vmentry <vmtarget> ; # java/lang/invoke/LambdaForm$DMH+0x000002d70108c000
instanceKlass  @bci org/junit/jupiter/engine/descriptor/JupiterTestDescriptor getTags (Ljava/lang/reflect/AnnotatedElement;Ljava/util/function/Supplier;Ljava/util/function/Supplier;Ljava/util/function/Consumer;)Ljava/util/Set; 20 <appendix> argL0 ; # org/junit/jupiter/engine/descriptor/JupiterTestDescriptor$$Lambda+0x000002d70108b6b0
instanceKlass  @bci org/junit/platform/commons/util/AnnotationUtils lambda$isRepeatableAnnotationContainer$0 (Ljava/lang/Class;)Ljava/lang/Boolean; 22 <appendix> argL0 ; # org/junit/platform/commons/util/AnnotationUtils$$Lambda+0x000002d70108b470
instanceKlass  @bci org/junit/platform/commons/util/AnnotationUtils lambda$isRepeatableAnnotationContainer$0 (Ljava/lang/Class;)Ljava/lang/Boolean; 7 <appendix> argL0 ; # org/junit/platform/commons/util/AnnotationUtils$$Lambda+0x000002d70108b220
instanceKlass  @bci org/junit/platform/commons/util/AnnotationUtils isRepeatableAnnotationContainer (Ljava/lang/Class;)Z 4 <appendix> argL0 ; # org/junit/platform/commons/util/AnnotationUtils$$Lambda+0x000002d70108afe0
instanceKlass  @bci org/junit/platform/commons/util/AnnotationUtils findRepeatableAnnotations (Ljava/lang/reflect/AnnotatedElement;Ljava/lang/Class;)Ljava/util/List; 19 <appendix> member <vmtarget> ; # org/junit/platform/commons/util/AnnotationUtils$$Lambda+0x000002d70108adb8
instanceKlass org/junit/jupiter/api/Tags
instanceKlass org/junit/jupiter/api/Tag
instanceKlass java/util/concurrent/atomic/AtomicReference
instanceKlass  @bci org/junit/jupiter/engine/descriptor/ClassBasedTestDescriptor$ClassInfo <init> (Ljava/lang/Class;Lorg/junit/jupiter/engine/config/JupiterConfiguration;)V 43 <appendix> member <vmtarget> ; # org/junit/jupiter/engine/descriptor/ClassBasedTestDescriptor$ClassInfo$$Lambda+0x000002d70108a780
instanceKlass  @bci org/junit/jupiter/engine/descriptor/ClassBasedTestDescriptor$ClassInfo <init> (Ljava/lang/Class;Lorg/junit/jupiter/engine/config/JupiterConfiguration;)V 29 <appendix> member <vmtarget> ; # org/junit/jupiter/engine/descriptor/ClassBasedTestDescriptor$ClassInfo$$Lambda+0x000002d70108a558
instanceKlass  @bci org/junit/jupiter/engine/descriptor/ClassBasedTestDescriptor$ClassInfo <init> (Ljava/lang/Class;Lorg/junit/jupiter/engine/config/JupiterConfiguration;)V 23 <appendix> member <vmtarget> ; # org/junit/jupiter/engine/descriptor/ClassBasedTestDescriptor$ClassInfo$$Lambda+0x000002d70108a330
instanceKlass org/junit/jupiter/engine/descriptor/ClassBasedTestDescriptor$ClassInfo
instanceKlass  @bci org/junit/jupiter/engine/config/DefaultJupiterConfiguration getDefaultDisplayNameGenerator ()Lorg/junit/jupiter/api/DisplayNameGenerator; 14 <appendix> argL0 ; # org/junit/jupiter/engine/config/DefaultJupiterConfiguration$$Lambda+0x000002d701089f00
instanceKlass  @bci org/junit/jupiter/engine/config/InstantiatingConfigurationParameterConverter supply (Lorg/junit/platform/engine/ConfigurationParameters;Ljava/lang/String;)Ljava/util/function/Supplier; 33 <appendix> argL0 ; # org/junit/jupiter/engine/config/InstantiatingConfigurationParameterConverter$$Lambda+0x000002d701089ce0
instanceKlass  @bci org/junit/jupiter/engine/config/InstantiatingConfigurationParameterConverter supply (Lorg/junit/platform/engine/ConfigurationParameters;Ljava/lang/String;)Ljava/util/function/Supplier; 25 <appendix> member <vmtarget> ; # org/junit/jupiter/engine/config/InstantiatingConfigurationParameterConverter$$Lambda+0x000002d701089a98
instanceKlass  @bci org/junit/jupiter/engine/config/InstantiatingConfigurationParameterConverter supply (Lorg/junit/platform/engine/ConfigurationParameters;Ljava/lang/String;)Ljava/util/function/Supplier; 15 <appendix> argL0 ; # org/junit/jupiter/engine/config/InstantiatingConfigurationParameterConverter$$Lambda+0x000002d701089848
instanceKlass  @bci org/junit/jupiter/engine/config/InstantiatingConfigurationParameterConverter supply (Lorg/junit/platform/engine/ConfigurationParameters;Ljava/lang/String;)Ljava/util/function/Supplier; 7 <appendix> argL0 ; # org/junit/jupiter/engine/config/InstantiatingConfigurationParameterConverter$$Lambda+0x000002d701089608
instanceKlass  @bci org/junit/jupiter/engine/config/CachingJupiterConfiguration getDefaultDisplayNameGenerator ()Lorg/junit/jupiter/api/DisplayNameGenerator; 7 <appendix> member <vmtarget> ; # org/junit/jupiter/engine/config/CachingJupiterConfiguration$$Lambda+0x000002d7010893c0
instanceKlass  @bci org/junit/jupiter/engine/descriptor/DisplayNameUtils lambda$createDisplayNameSupplier$0 (Ljava/util/function/Supplier;Ljava/lang/Class;Ljava/util/function/BiFunction;Lorg/junit/jupiter/engine/config/JupiterConfiguration;)Ljava/lang/String; 35 <appendix> member <vmtarget> ; # org/junit/jupiter/engine/descriptor/DisplayNameUtils$$Lambda+0x000002d701089198
instanceKlass  @bci org/junit/jupiter/engine/descriptor/DisplayNameUtils lambda$createDisplayNameSupplier$0 (Ljava/util/function/Supplier;Ljava/lang/Class;Ljava/util/function/BiFunction;Lorg/junit/jupiter/engine/config/JupiterConfiguration;)Ljava/lang/String; 23 <appendix> member <vmtarget> ; # org/junit/jupiter/engine/descriptor/DisplayNameUtils$$Lambda+0x000002d701088f50
instanceKlass  @bci org/junit/jupiter/engine/descriptor/DisplayNameUtils findDisplayNameGenerator (Ljava/util/List;Ljava/lang/Class;)Ljava/util/Optional; 22 <appendix> argL0 ; # org/junit/jupiter/engine/descriptor/DisplayNameUtils$$Lambda+0x000002d701088d10
instanceKlass  @bci org/junit/jupiter/engine/descriptor/DisplayNameUtils findDisplayNameGenerator (Ljava/util/List;Ljava/lang/Class;)Ljava/util/Optional; 14 <appendix> argL0 ; # org/junit/jupiter/engine/descriptor/DisplayNameUtils$$Lambda+0x000002d701088ad0
instanceKlass org/junit/jupiter/api/DisplayNameGeneration
instanceKlass  @bci org/junit/jupiter/engine/descriptor/DisplayNameUtils determineDisplayName (Ljava/lang/reflect/AnnotatedElement;Ljava/util/function/Supplier;)Ljava/lang/String; 29 <appendix> argL0 ; # org/junit/jupiter/engine/descriptor/DisplayNameUtils$$Lambda+0x000002d701088690
instanceKlass  @bci org/junit/jupiter/engine/descriptor/DisplayNameUtils determineDisplayName (Ljava/lang/reflect/AnnotatedElement;Ljava/util/function/Supplier;)Ljava/lang/String; 21 <appendix> argL0 ; # org/junit/jupiter/engine/descriptor/DisplayNameUtils$$Lambda+0x000002d701088440
instanceKlass  @bci org/junit/jupiter/engine/descriptor/DisplayNameUtils determineDisplayName (Ljava/lang/reflect/AnnotatedElement;Ljava/util/function/Supplier;)Ljava/lang/String; 13 <appendix> argL0 ; # org/junit/jupiter/engine/descriptor/DisplayNameUtils$$Lambda+0x000002d701088200
instanceKlass org/junit/jupiter/api/DisplayName
instanceKlass org/junit/platform/engine/support/descriptor/ClassSource
instanceKlass  @bci org/junit/jupiter/engine/descriptor/DisplayNameUtils createDisplayNameSupplier (Ljava/util/function/Supplier;Ljava/lang/Class;Lorg/junit/jupiter/engine/config/JupiterConfiguration;Ljava/util/function/BiFunction;)Ljava/util/function/Supplier; 4 <appendix> member <vmtarget> ; # org/junit/jupiter/engine/descriptor/DisplayNameUtils$$Lambda+0x000002d701087b68
instanceKlass  @bci org/junit/jupiter/engine/descriptor/DisplayNameUtils createDisplayNameSupplierForClass (Ljava/lang/Class;Lorg/junit/jupiter/engine/config/JupiterConfiguration;)Ljava/util/function/Supplier; 8 <appendix> member <vmtarget> ; # org/junit/jupiter/engine/descriptor/DisplayNameUtils$$Lambda+0x000002d701087930
instanceKlass  @bci org/junit/jupiter/engine/descriptor/DisplayNameUtils createDisplayNameSupplierForClass (Ljava/lang/Class;Lorg/junit/jupiter/engine/config/JupiterConfiguration;)Ljava/util/function/Supplier; 0 <appendix> argL0 ; # org/junit/jupiter/engine/descriptor/DisplayNameUtils$$Lambda+0x000002d701087710
instanceKlass  @bci org/junit/jupiter/api/DisplayNameGenerator$IndicativeSentences <clinit> ()V 10 <appendix> argL0 ; # org/junit/jupiter/api/DisplayNameGenerator$IndicativeSentences$$Lambda+0x000002d7010874c0
instanceKlass org/junit/jupiter/api/DisplayNameGenerator$IndicativeSentences
instanceKlass org/junit/jupiter/api/DisplayNameGenerator$Standard
instanceKlass org/junit/jupiter/engine/descriptor/DisplayNameUtils
instanceKlass org/junit/jupiter/engine/execution/InvocationInterceptorChain
instanceKlass org/junit/jupiter/api/extension/InvocationInterceptor$Invocation
instanceKlass org/junit/jupiter/api/extension/ReflectiveInvocationContext
instanceKlass org/junit/jupiter/engine/execution/InterceptingExecutableInvoker
instanceKlass org/junit/jupiter/api/extension/ConditionEvaluationResult
instanceKlass org/junit/jupiter/engine/execution/ConditionEvaluator
instanceKlass org/junit/jupiter/api/extension/TestInstanceFactoryContext
instanceKlass  @bci org/junit/jupiter/engine/discovery/ClassSelectorResolver resolveStandaloneTestClass (Lorg/junit/platform/engine/support/discovery/SelectorResolver$Context;Ljava/lang/Class;)Lorg/junit/platform/engine/support/discovery/SelectorResolver$Resolution; 12 <appendix> member <vmtarget> ; # org/junit/jupiter/engine/discovery/ClassSelectorResolver$$Lambda+0x000002d701085150
instanceKlass org/junit/jupiter/engine/support/MethodReflectionUtils
instanceKlass  @bci org/junit/platform/commons/util/ReflectionUtils toSortedMutableList ([Ljava/lang/reflect/Method;)Ljava/util/List; 1 <appendix> argL0 ; # org/junit/platform/commons/util/ReflectionUtils$$Lambda+0x000002d701084a60
instanceKlass  @bci org/junit/platform/commons/util/ReflectionUtils getDefaultMethods (Ljava/lang/Class;)Ljava/util/List; 17 <appendix> argL0 ; # org/junit/platform/commons/util/ReflectionUtils$$Lambda+0x000002d701084840
instanceKlass  @bci org/junit/platform/commons/util/ReflectionUtils getDefaultMethods (Ljava/lang/Class;)Ljava/util/List; 7 <appendix> argL0 ; # org/junit/platform/commons/util/ReflectionUtils$$Lambda+0x000002d7010845f0
instanceKlass org/junit/platform/commons/annotation/Testable
instanceKlass org/junit/jupiter/api/ClassTemplate
instanceKlass  @bci org/junit/platform/commons/util/KotlinReflectionUtils <clinit> ()V 59 <appendix> argL0 ; # org/junit/platform/commons/util/KotlinReflectionUtils$$Lambda+0x000002d701083920
instanceKlass  @bci org/junit/platform/commons/util/KotlinReflectionUtils <clinit> ()V 41 <appendix> argL0 ; # org/junit/platform/commons/util/KotlinReflectionUtils$$Lambda+0x000002d7010836e0
instanceKlass  @bci org/junit/platform/commons/util/KotlinReflectionUtils <clinit> ()V 19 <appendix> argL0 ; # org/junit/platform/commons/util/KotlinReflectionUtils$$Lambda+0x000002d7010834a0
instanceKlass  @bci org/junit/platform/commons/util/KotlinReflectionUtils tryToLoadKotlinMetadataClass ()Lorg/junit/platform/commons/function/Try; 5 <appendix> argL0 ; # org/junit/platform/commons/util/KotlinReflectionUtils$$Lambda+0x000002d701083280
instanceKlass org/junit/platform/commons/function/Try$Transformer
instanceKlass org/junit/platform/commons/util/KotlinReflectionUtils
instanceKlass org/junit/jupiter/api/extension/Extensions
instanceKlass org/springframework/test/context/junit/jupiter/SpringExtension
instanceKlass org/junit/jupiter/api/extension/ParameterResolver
instanceKlass org/junit/jupiter/api/extension/AfterTestExecutionCallback
instanceKlass org/junit/jupiter/api/extension/BeforeTestExecutionCallback
instanceKlass org/junit/jupiter/api/extension/AfterEachCallback
instanceKlass org/junit/jupiter/api/extension/BeforeEachCallback
instanceKlass org/junit/jupiter/api/extension/TestInstancePostProcessor
instanceKlass org/junit/jupiter/api/extension/TestInstantiationAwareExtension
instanceKlass org/junit/jupiter/api/extension/AfterAllCallback
instanceKlass org/junit/jupiter/api/extension/BeforeAllCallback
instanceKlass org/junit/jupiter/api/extension/Extension
instanceKlass org/springframework/test/context/support/AbstractTestContextBootstrapper
instanceKlass org/springframework/test/context/TestContextBootstrapper
instanceKlass org/junit/jupiter/api/extension/ExtendWith
instanceKlass org/springframework/test/context/BootstrapWith
instanceKlass  @bci sun/reflect/annotation/AnnotationParser parseClassArray (ILjava/nio/ByteBuffer;Ljdk/internal/reflect/ConstantPool;Ljava/lang/Class;)Ljava/lang/Object; 10 <appendix> member <vmtarget> ; # sun/reflect/annotation/AnnotationParser$$Lambda+0x000002d70107af80
instanceKlass org/springframework/boot/test/context/SpringBootTest
instanceKlass org/apiguardian/api/API
instanceKlass org/junit/platform/commons/util/AnnotationUtils
instanceKlass org/junit/platform/commons/support/AnnotationSupport
instanceKlass org/junit/jupiter/api/Nested
instanceKlass  @bci org/junit/platform/engine/discovery/ClassSelector getJavaClass ()Ljava/lang/Class; 39 <appendix> member <vmtarget> ; # org/junit/platform/engine/discovery/ClassSelector$$Lambda+0x000002d70103b618
instanceKlass org/junit/platform/engine/discovery/ClasspathRootSelector
instanceKlass org/junit/platform/engine/discovery/ClasspathResourceSelector
instanceKlass  @bci org/junit/platform/engine/support/discovery/EngineDiscoveryRequestResolution resolve (Lorg/junit/platform/engine/DiscoverySelector;Ljava/util/function/Function;)Ljava/util/Optional; 15 <appendix> argL0 ; # org/junit/platform/engine/support/discovery/EngineDiscoveryRequestResolution$$Lambda+0x000002d70103af78
instanceKlass  @bci org/junit/platform/engine/support/discovery/EngineDiscoveryRequestResolution resolve (Lorg/junit/platform/engine/DiscoverySelector;)Ljava/util/Optional; 52 <appendix> member <vmtarget> ; # org/junit/platform/engine/support/discovery/EngineDiscoveryRequestResolution$$Lambda+0x000002d70103ad30
instanceKlass org/junit/platform/engine/support/discovery/SelectorResolver$Resolution
instanceKlass org/junit/platform/engine/discovery/UniqueIdSelector
instanceKlass  @bci org/junit/platform/launcher/core/DefaultDiscoveryRequest getSelectorsByType (Ljava/lang/Class;)Ljava/util/List; 38 <appendix> member <vmtarget> ; # org/junit/platform/launcher/core/DefaultDiscoveryRequest$$Lambda+0x000002d70103a698
instanceKlass  @bci org/junit/platform/launcher/core/DefaultDiscoveryRequest getSelectorsByType (Ljava/lang/Class;)Ljava/util/List; 22 <appendix> member <vmtarget> ; # org/junit/platform/launcher/core/DefaultDiscoveryRequest$$Lambda+0x000002d70103a440
instanceKlass  @bci org/junit/platform/engine/support/discovery/SelectorResolver$Match exact (Lorg/junit/platform/engine/TestDescriptor;)Lorg/junit/platform/engine/support/discovery/SelectorResolver$Match; 1 <appendix> argL0 ; # org/junit/platform/engine/support/discovery/SelectorResolver$Match$$Lambda+0x000002d70103fc88
instanceKlass org/junit/platform/engine/support/discovery/SelectorResolver$Match
instanceKlass org/junit/platform/engine/support/discovery/EngineDiscoveryRequestResolution$DefaultContext
instanceKlass org/junit/platform/engine/support/discovery/SelectorResolver$Context
instanceKlass org/junit/platform/engine/support/discovery/EngineDiscoveryRequestResolution
instanceKlass org/junit/platform/engine/CompositeTestDescriptorVisitor
instanceKlass  @bci org/junit/jupiter/engine/discovery/DiscoverySelectorResolver lambda$static$3 (Lorg/junit/platform/engine/support/discovery/EngineDiscoveryRequestResolver$InitializationContext;)Lorg/junit/platform/engine/TestDescriptor$Visitor; 47 <appendix> member <vmtarget> ; # org/junit/jupiter/engine/discovery/DiscoverySelectorResolver$$Lambda+0x000002d70103efa8
instanceKlass  @bci org/junit/jupiter/engine/discovery/MethodOrderingVisitor createMethodsBeforeNestedClassesOrderer ()Ljava/util/function/UnaryOperator; 22 <appendix> member <vmtarget> ; # org/junit/jupiter/engine/discovery/MethodOrderingVisitor$$Lambda+0x000002d70103ed48
instanceKlass java/util/function/UnaryOperator
instanceKlass java/util/Collections$ReverseComparator2
instanceKlass java/util/Collections$ReverseComparator
instanceKlass  @bci java/util/Comparator comparing (Ljava/util/function/Function;)Ljava/util/Comparator; 6 <appendix> member <vmtarget> ; # java/util/Comparator$$Lambda+0x000002d701079ed0
instanceKlass  @bci org/junit/jupiter/engine/discovery/MethodOrderingVisitor createMethodsBeforeNestedClassesOrderer ()Ljava/util/function/UnaryOperator; 7 <appendix> member <vmtarget> ; # org/junit/jupiter/engine/discovery/MethodOrderingVisitor$$Lambda+0x000002d70103eb00
instanceKlass  @bci org/junit/jupiter/engine/discovery/MethodOrderingVisitor <init> (Lorg/junit/jupiter/engine/config/JupiterConfiguration;Lorg/junit/platform/engine/support/discovery/DiscoveryIssueReporter;)V 39 <appendix> argL0 ; # org/junit/jupiter/engine/discovery/MethodOrderingVisitor$$Lambda+0x000002d70103e8c0
instanceKlass  @bci org/junit/jupiter/engine/discovery/MethodOrderingVisitor <init> (Lorg/junit/jupiter/engine/config/JupiterConfiguration;Lorg/junit/platform/engine/support/discovery/DiscoveryIssueReporter;)V 34 <appendix> argL0 ; # org/junit/jupiter/engine/discovery/MethodOrderingVisitor$$Lambda+0x000002d70103e670
instanceKlass  @bci org/junit/jupiter/engine/config/CachingJupiterConfiguration getDefaultTestMethodOrderer ()Ljava/util/Optional; 7 <appendix> member <vmtarget> ; # org/junit/jupiter/engine/config/CachingJupiterConfiguration$$Lambda+0x000002d70103e428
instanceKlass org/junit/jupiter/api/MethodOrdererContext
instanceKlass  @bci org/junit/jupiter/engine/discovery/ClassOrderingVisitor <init> (Lorg/junit/jupiter/engine/config/JupiterConfiguration;Lorg/junit/platform/engine/support/discovery/DiscoveryIssueReporter;)V 39 <appendix> argL0 ; # org/junit/jupiter/engine/discovery/ClassOrderingVisitor$$Lambda+0x000002d70103dda0
instanceKlass  @bci org/junit/jupiter/engine/discovery/ClassOrderingVisitor <init> (Lorg/junit/jupiter/engine/config/JupiterConfiguration;Lorg/junit/platform/engine/support/discovery/DiscoveryIssueReporter;)V 34 <appendix> argL0 ; # org/junit/jupiter/engine/discovery/ClassOrderingVisitor$$Lambda+0x000002d70103db50
instanceKlass  @bci org/junit/jupiter/engine/discovery/AbstractOrderingVisitor$DescriptorWrapperOrderer <clinit> ()V 11 <appendix> argL0 ; # org/junit/jupiter/engine/discovery/AbstractOrderingVisitor$DescriptorWrapperOrderer$$Lambda+0x000002d70103d930
instanceKlass  @bci org/junit/jupiter/engine/discovery/AbstractOrderingVisitor$DescriptorWrapperOrderer <clinit> ()V 6 <appendix> argL0 ; # org/junit/jupiter/engine/discovery/AbstractOrderingVisitor$DescriptorWrapperOrderer$$Lambda+0x000002d70103d710
instanceKlass  @cpi org/junit/jupiter/engine/discovery/AbstractOrderingVisitor$DescriptorWrapperOrderer 202 form vmentry <vmtarget> ; # java/lang/invoke/LambdaForm$DMH+0x000002d701038800
# instanceKlass java/lang/invoke/LambdaForm$DMH+0x000002d701038400
instanceKlass org/junit/jupiter/engine/discovery/AbstractOrderingVisitor$MessageGenerator
instanceKlass org/junit/jupiter/engine/discovery/AbstractOrderingVisitor$DescriptorWrapperOrderer
instanceKlass  @bci org/junit/jupiter/engine/config/FilteringConfigurationParameterConverter get (Lorg/junit/platform/engine/ConfigurationParameters;Ljava/lang/String;)Ljava/util/Optional; 25 <appendix> member <vmtarget> ; # org/junit/jupiter/engine/config/FilteringConfigurationParameterConverter$$Lambda+0x000002d70103d0b0
instanceKlass  @bci org/junit/jupiter/engine/config/FilteringConfigurationParameterConverter get (Lorg/junit/platform/engine/ConfigurationParameters;Ljava/lang/String;)Ljava/util/Optional; 7 <appendix> argL0 ; # org/junit/jupiter/engine/config/FilteringConfigurationParameterConverter$$Lambda+0x000002d70103ce70
instanceKlass  @bci org/junit/jupiter/engine/config/CachingJupiterConfiguration getDefaultTestClassOrderer ()Ljava/util/Optional; 7 <appendix> member <vmtarget> ; # org/junit/jupiter/engine/config/CachingJupiterConfiguration$$Lambda+0x000002d70103cc28
instanceKlass org/junit/jupiter/api/ClassOrdererContext
instanceKlass org/junit/jupiter/engine/discovery/AbstractOrderingVisitor
instanceKlass  @bci org/junit/jupiter/engine/discovery/MethodSelectorResolver$MethodType allPossibilities (Lorg/junit/platform/engine/support/discovery/DiscoveryIssueReporter;)Ljava/util/List; 86 <appendix> argL0 ; # org/junit/jupiter/engine/discovery/MethodSelectorResolver$MethodType$$Lambda+0x000002d701037ae8
instanceKlass  @bci org/junit/jupiter/engine/discovery/MethodSelectorResolver$MethodType allPossibilities (Lorg/junit/platform/engine/support/discovery/DiscoveryIssueReporter;)Ljava/util/List; 47 <appendix> argL0 ; # org/junit/jupiter/engine/discovery/MethodSelectorResolver$MethodType$$Lambda+0x000002d7010378c8
instanceKlass java/util/Arrays$ArrayItr
instanceKlass  @bci org/junit/jupiter/engine/discovery/MethodSelectorResolver$MethodType allPossibilities (Lorg/junit/platform/engine/support/discovery/DiscoveryIssueReporter;)Ljava/util/List; 18 <appendix> argL0 ; # org/junit/jupiter/engine/discovery/MethodSelectorResolver$MethodType$$Lambda+0x000002d701036390
instanceKlass  @cpi org/junit/jupiter/engine/discovery/MethodSelectorResolver$MethodType 289 form vmentry <vmtarget> ; # java/lang/invoke/LambdaForm$DMH+0x000002d701038000
instanceKlass org/junit/jupiter/engine/extension/ExtensionRegistrar
instanceKlass org/junit/jupiter/engine/discovery/MethodSelectorResolver$MethodType$TestDescriptorFactory
instanceKlass org/junit/jupiter/engine/discovery/MethodSelectorResolver$MethodType
instanceKlass  @bci java/util/regex/Pattern DOT ()Ljava/util/regex/Pattern$CharPredicate; 0 <appendix> argL0 ; # java/util/regex/Pattern$$Lambda+0x000002d701079a10
instanceKlass org/junit/jupiter/engine/discovery/MethodSegmentResolver
instanceKlass org/junit/jupiter/engine/discovery/MethodSelectorResolver
instanceKlass org/junit/jupiter/api/extension/ClassTemplateInvocationContext
instanceKlass org/junit/jupiter/engine/descriptor/Filterable
instanceKlass org/junit/jupiter/engine/descriptor/Validatable
instanceKlass org/junit/jupiter/engine/descriptor/TestClassAware
instanceKlass org/junit/jupiter/engine/descriptor/ResourceLockAware
instanceKlass org/junit/jupiter/engine/discovery/ClassSelectorResolver
instanceKlass  @bci org/junit/jupiter/engine/discovery/predicates/TestClassPredicates isNotAnonymous (Lorg/junit/platform/engine/support/discovery/DiscoveryIssueReporter;)Lorg/junit/platform/engine/support/discovery/DiscoveryIssueReporter$Condition; 6 <appendix> argL0 ; # org/junit/jupiter/engine/discovery/predicates/TestClassPredicates$$Lambda+0x000002d701032200
instanceKlass  @bci org/junit/jupiter/engine/discovery/predicates/TestClassPredicates isNotAnonymous (Lorg/junit/platform/engine/support/discovery/DiscoveryIssueReporter;)Lorg/junit/platform/engine/support/discovery/DiscoveryIssueReporter$Condition; 1 <appendix> argL0 ; # org/junit/jupiter/engine/discovery/predicates/TestClassPredicates$$Lambda+0x000002d701031fb0
instanceKlass  @bci org/junit/jupiter/engine/discovery/predicates/TestClassPredicates isNotInnerUnlessAbstract (Lorg/junit/platform/engine/support/discovery/DiscoveryIssueReporter;)Lorg/junit/platform/engine/support/discovery/DiscoveryIssueReporter$Condition; 6 <appendix> argL0 ; # org/junit/jupiter/engine/discovery/predicates/TestClassPredicates$$Lambda+0x000002d701031d70
instanceKlass  @bci org/junit/jupiter/engine/discovery/predicates/TestClassPredicates isNotInnerUnlessAbstract (Lorg/junit/platform/engine/support/discovery/DiscoveryIssueReporter;)Lorg/junit/platform/engine/support/discovery/DiscoveryIssueReporter$Condition; 1 <appendix> argL0 ; # org/junit/jupiter/engine/discovery/predicates/TestClassPredicates$$Lambda+0x000002d701031b20
instanceKlass  @bci org/junit/jupiter/engine/discovery/predicates/TestClassPredicates isNotLocal (Lorg/junit/platform/engine/support/discovery/DiscoveryIssueReporter;)Lorg/junit/platform/engine/support/discovery/DiscoveryIssueReporter$Condition; 6 <appendix> argL0 ; # org/junit/jupiter/engine/discovery/predicates/TestClassPredicates$$Lambda+0x000002d7010318e0
instanceKlass  @bci org/junit/jupiter/engine/discovery/predicates/TestClassPredicates isNotLocal (Lorg/junit/platform/engine/support/discovery/DiscoveryIssueReporter;)Lorg/junit/platform/engine/support/discovery/DiscoveryIssueReporter$Condition; 1 <appendix> argL0 ; # org/junit/jupiter/engine/discovery/predicates/TestClassPredicates$$Lambda+0x000002d701031690
instanceKlass  @bci org/junit/jupiter/engine/discovery/predicates/TestClassPredicates isInner (Lorg/junit/platform/engine/support/discovery/DiscoveryIssueReporter;)Lorg/junit/platform/engine/support/discovery/DiscoveryIssueReporter$Condition; 6 <appendix> argL0 ; # org/junit/jupiter/engine/discovery/predicates/TestClassPredicates$$Lambda+0x000002d701031450
instanceKlass  @bci org/junit/jupiter/engine/discovery/predicates/TestClassPredicates isInner (Lorg/junit/platform/engine/support/discovery/DiscoveryIssueReporter;)Lorg/junit/platform/engine/support/discovery/DiscoveryIssueReporter$Condition; 1 <appendix> argL0 ; # org/junit/jupiter/engine/discovery/predicates/TestClassPredicates$$Lambda+0x000002d701031200
instanceKlass  @bci org/junit/jupiter/engine/discovery/predicates/TestClassPredicates isNotPrivateUnlessAbstract (Ljava/lang/String;Lorg/junit/platform/engine/support/discovery/DiscoveryIssueReporter;)Lorg/junit/platform/engine/support/discovery/DiscoveryIssueReporter$Condition; 7 <appendix> member <vmtarget> ; # org/junit/jupiter/engine/discovery/predicates/TestClassPredicates$$Lambda+0x000002d701030fb8
instanceKlass  @bci org/junit/jupiter/engine/discovery/predicates/TestClassPredicates isNotPrivateUnlessAbstract (Ljava/lang/String;Lorg/junit/platform/engine/support/discovery/DiscoveryIssueReporter;)Lorg/junit/platform/engine/support/discovery/DiscoveryIssueReporter$Condition; 1 <appendix> argL0 ; # org/junit/jupiter/engine/discovery/predicates/TestClassPredicates$$Lambda+0x000002d701030d68
instanceKlass  @bci org/junit/jupiter/engine/discovery/predicates/IsTestTemplateMethod <init> (Lorg/junit/platform/engine/support/discovery/DiscoveryIssueReporter;)V 3 <appendix> argL0 ; # org/junit/jupiter/engine/discovery/predicates/IsTestTemplateMethod$$Lambda+0x000002d701030b38
instanceKlass org/junit/jupiter/api/TestTemplate
instanceKlass  @bci java/util/function/Predicate or (Ljava/util/function/Predicate;)Ljava/util/function/Predicate; 7 <appendix> member <vmtarget> ; # java/util/function/Predicate$$Lambda+0x000002d7010797b8
instanceKlass  @bci org/junit/jupiter/engine/discovery/predicates/IsTestFactoryMethod hasCompatibleReturnType (Ljava/lang/Class;Lorg/junit/platform/engine/support/discovery/DiscoveryIssueReporter;)Lorg/junit/platform/engine/support/discovery/DiscoveryIssueReporter$Condition; 8 <appendix> member <vmtarget> ; # org/junit/jupiter/engine/discovery/predicates/IsTestFactoryMethod$$Lambda+0x000002d701030488
instanceKlass  @bci org/junit/jupiter/engine/discovery/predicates/IsTestFactoryMethod hasCompatibleReturnType (Ljava/lang/Class;Lorg/junit/platform/engine/support/discovery/DiscoveryIssueReporter;)Lorg/junit/platform/engine/support/discovery/DiscoveryIssueReporter$Condition; 2 <appendix> member <vmtarget> ; # org/junit/jupiter/engine/discovery/predicates/IsTestFactoryMethod$$Lambda+0x000002d701030230
instanceKlass  @bci org/junit/jupiter/engine/discovery/predicates/IsTestFactoryMethod <init> (Lorg/junit/platform/engine/support/discovery/DiscoveryIssueReporter;)V 3 <appendix> argL0 ; # org/junit/jupiter/engine/discovery/predicates/IsTestFactoryMethod$$Lambda+0x000002d701030000
instanceKlass org/junit/jupiter/api/TestFactory
instanceKlass org/junit/jupiter/api/DynamicNode
instanceKlass  @bci org/junit/jupiter/engine/discovery/predicates/IsTestableMethod hasVoidReturnType (Ljava/lang/Class;Lorg/junit/platform/engine/support/discovery/DiscoveryIssueReporter;)Lorg/junit/platform/engine/support/discovery/DiscoveryIssueReporter$Condition; 7 <appendix> member <vmtarget> ; # org/junit/jupiter/engine/discovery/predicates/IsTestableMethod$$Lambda+0x000002d70102d6f0
instanceKlass  @bci org/junit/jupiter/engine/discovery/predicates/IsTestableMethod hasVoidReturnType (Ljava/lang/Class;Lorg/junit/platform/engine/support/discovery/DiscoveryIssueReporter;)Lorg/junit/platform/engine/support/discovery/DiscoveryIssueReporter$Condition; 1 <appendix> argL0 ; # org/junit/jupiter/engine/discovery/predicates/IsTestableMethod$$Lambda+0x000002d70102d4a0
instanceKlass  @bci org/junit/platform/engine/support/discovery/DiscoveryIssueReporter$Condition and (Lorg/junit/platform/engine/support/discovery/DiscoveryIssueReporter$Condition;)Lorg/junit/platform/engine/support/discovery/DiscoveryIssueReporter$Condition; 9 <appendix> member <vmtarget> ; # org/junit/platform/engine/support/discovery/DiscoveryIssueReporter$Condition$$Lambda+0x000002d70102d248
instanceKlass  @cpi org/springframework/util/ReflectionUtils$MethodFilter 43 form vmentry <vmtarget> ; # java/lang/invoke/LambdaForm$DMH+0x000002d70102cc00
instanceKlass  @bci org/junit/jupiter/engine/discovery/predicates/IsTestableMethod isNotPrivate (Ljava/lang/Class;Lorg/junit/platform/engine/support/discovery/DiscoveryIssueReporter;)Lorg/junit/platform/engine/support/discovery/DiscoveryIssueReporter$Condition; 7 <appendix> member <vmtarget> ; # org/junit/jupiter/engine/discovery/predicates/IsTestableMethod$$Lambda+0x000002d70102d000
instanceKlass  @bci org/junit/jupiter/engine/discovery/predicates/IsTestableMethod isNotPrivate (Ljava/lang/Class;Lorg/junit/platform/engine/support/discovery/DiscoveryIssueReporter;)Lorg/junit/platform/engine/support/discovery/DiscoveryIssueReporter$Condition; 1 <appendix> argL0 ; # org/junit/jupiter/engine/discovery/predicates/IsTestableMethod$$Lambda+0x000002d70102fd48
instanceKlass  @bci org/junit/platform/engine/support/discovery/DiscoveryIssueReporter createReportingCondition (Ljava/util/function/Predicate;Ljava/util/function/Function;)Lorg/junit/platform/engine/support/discovery/DiscoveryIssueReporter$Condition; 17 <appendix> member <vmtarget> ; # org/junit/platform/engine/support/discovery/DiscoveryIssueReporter$$Lambda+0x000002d70102faf0
instanceKlass  @cpi org/junit/platform/engine/support/discovery/DiscoveryIssueReporter 177 form vmentry <vmtarget> ; # java/lang/invoke/LambdaForm$DMH+0x000002d70102c800
instanceKlass  @bci org/junit/jupiter/engine/discovery/predicates/IsTestableMethod isNotStatic (Ljava/lang/Class;Lorg/junit/platform/engine/support/discovery/DiscoveryIssueReporter;)Lorg/junit/platform/engine/support/discovery/DiscoveryIssueReporter$Condition; 7 <appendix> member <vmtarget> ; # org/junit/jupiter/engine/discovery/predicates/IsTestableMethod$$Lambda+0x000002d70102f8a8
instanceKlass  @bci org/junit/jupiter/engine/discovery/predicates/IsTestableMethod isNotStatic (Ljava/lang/Class;Lorg/junit/platform/engine/support/discovery/DiscoveryIssueReporter;)Lorg/junit/platform/engine/support/discovery/DiscoveryIssueReporter$Condition; 1 <appendix> argL0 ; # org/junit/jupiter/engine/discovery/predicates/IsTestableMethod$$Lambda+0x000002d70102f658
instanceKlass  @cpi org/springframework/util/ReflectionUtils 613 form vmentry <vmtarget> ; # java/lang/invoke/LambdaForm$DMH+0x000002d70102c400
instanceKlass org/junit/platform/commons/support/ModifierSupport
instanceKlass  @bci org/junit/jupiter/engine/discovery/predicates/IsTestMethod <init> (Lorg/junit/platform/engine/support/discovery/DiscoveryIssueReporter;)V 3 <appendix> argL0 ; # org/junit/jupiter/engine/discovery/predicates/IsTestMethod$$Lambda+0x000002d70102f220
instanceKlass org/junit/platform/engine/support/discovery/DiscoveryIssueReporter$Condition
instanceKlass org/junit/jupiter/api/Test
instanceKlass org/junit/jupiter/engine/discovery/predicates/IsTestableMethod
instanceKlass  @bci org/junit/jupiter/engine/discovery/predicates/TestClassPredicates <init> (Lorg/junit/platform/engine/support/discovery/DiscoveryIssueReporter;)V 34 <appendix> member <vmtarget> ; # org/junit/jupiter/engine/discovery/predicates/TestClassPredicates$$Lambda+0x000002d70102e6f8
instanceKlass  @bci org/junit/jupiter/engine/discovery/predicates/TestClassPredicates <init> (Lorg/junit/platform/engine/support/discovery/DiscoveryIssueReporter;)V 24 <appendix> member <vmtarget> ; # org/junit/jupiter/engine/discovery/predicates/TestClassPredicates$$Lambda+0x000002d70102e4a0
instanceKlass  @bci org/junit/jupiter/engine/discovery/predicates/TestClassPredicates <init> (Lorg/junit/platform/engine/support/discovery/DiscoveryIssueReporter;)V 14 <appendix> argL0 ; # org/junit/jupiter/engine/discovery/predicates/TestClassPredicates$$Lambda+0x000002d70102e250
instanceKlass  @bci org/junit/jupiter/engine/discovery/predicates/TestClassPredicates <init> (Lorg/junit/platform/engine/support/discovery/DiscoveryIssueReporter;)V 5 <appendix> argL0 ; # org/junit/jupiter/engine/discovery/predicates/TestClassPredicates$$Lambda+0x000002d70102e000
instanceKlass org/junit/jupiter/engine/discovery/predicates/TestClassPredicates
instanceKlass org/junit/platform/engine/support/discovery/ClassContainerSelectorResolver
instanceKlass  @bci java/util/stream/Collectors castingIdentity ()Ljava/util/function/Function; 0 <appendix> argL0 ; # java/util/stream/Collectors$$Lambda+0x800000041
instanceKlass  @bci java/util/stream/Collectors toCollection (Ljava/util/function/Supplier;)Ljava/util/stream/Collector; 10 <appendix> argL0 ; # java/util/stream/Collectors$$Lambda+0x000002d701079570
instanceKlass  @bci java/util/stream/Collectors toCollection (Ljava/util/function/Supplier;)Ljava/util/stream/Collector; 5 <appendix> argL0 ; # java/util/stream/Collectors$$Lambda+0x000002d701079340
instanceKlass java/util/function/BiConsumer
instanceKlass java/util/stream/Collector
instanceKlass java/util/stream/Collectors
instanceKlass  @bci org/junit/platform/engine/support/discovery/EngineDiscoveryRequestResolver instantiate (Ljava/util/List;Lorg/junit/platform/engine/support/discovery/EngineDiscoveryRequestResolver$InitializationContext;)Ljava/util/List; 17 <appendix> argL0 ; # org/junit/platform/engine/support/discovery/EngineDiscoveryRequestResolver$$Lambda+0x000002d70102b768
instanceKlass  @bci org/springframework/core/io/support/SpringFactoriesLoader loadFactoriesResource (Ljava/lang/ClassLoader;Ljava/lang/String;)Ljava/util/Map; 51 <bsm> form vmentry <vmtarget> ; # java/lang/invoke/LambdaForm$DMH+0x000002d70102c000
instanceKlass  @bci org/junit/platform/engine/support/discovery/EngineDiscoveryRequestResolver instantiate (Ljava/util/List;Lorg/junit/platform/engine/support/discovery/EngineDiscoveryRequestResolver$InitializationContext;)Ljava/util/List; 7 <appendix> member <vmtarget> ; # org/junit/platform/engine/support/discovery/EngineDiscoveryRequestResolver$$Lambda+0x000002d70102b520
instanceKlass  @bci org/junit/platform/engine/CompositeFilter$1 toPredicate ()Ljava/util/function/Predicate; 0 <appendix> argL0 ; # org/junit/platform/engine/CompositeFilter$1$$Lambda+0x000002d70102b2d0
instanceKlass org/junit/platform/engine/CompositeFilter$1
instanceKlass org/junit/platform/engine/CompositeFilter
instanceKlass org/junit/platform/engine/discovery/PackageNameFilter
instanceKlass  @bci org/junit/platform/launcher/core/DefaultDiscoveryRequest getFiltersByType (Ljava/lang/Class;)Ljava/util/List; 38 <appendix> member <vmtarget> ; # org/junit/platform/launcher/core/DefaultDiscoveryRequest$$Lambda+0x000002d70102aa10
instanceKlass  @bci org/junit/platform/launcher/core/DefaultDiscoveryRequest getFiltersByType (Ljava/lang/Class;)Ljava/util/List; 22 <appendix> member <vmtarget> ; # org/junit/platform/launcher/core/DefaultDiscoveryRequest$$Lambda+0x000002d70102a7b8
instanceKlass org/junit/platform/engine/discovery/ClassNameFilter
instanceKlass org/junit/platform/engine/DiscoveryFilter
instanceKlass org/junit/platform/engine/support/discovery/EngineDiscoveryRequestResolver$DefaultInitializationContext
instanceKlass  @bci org/junit/jupiter/engine/discovery/DiscoverySelectorResolver <clinit> ()V 27 <appendix> argL0 ; # org/junit/jupiter/engine/discovery/DiscoverySelectorResolver$$Lambda+0x000002d701029f08
instanceKlass org/junit/platform/engine/TestDescriptor$Visitor
instanceKlass  @bci org/junit/jupiter/engine/discovery/DiscoverySelectorResolver <clinit> ()V 19 <appendix> argL0 ; # org/junit/jupiter/engine/discovery/DiscoverySelectorResolver$$Lambda+0x000002d701029ac8
instanceKlass  @bci org/junit/jupiter/engine/discovery/DiscoverySelectorResolver <clinit> ()V 11 <appendix> argL0 ; # org/junit/jupiter/engine/discovery/DiscoverySelectorResolver$$Lambda+0x000002d701029888
instanceKlass  @bci org/junit/platform/engine/support/discovery/EngineDiscoveryRequestResolver$Builder addClassContainerSelectorResolverWithContext (Ljava/util/function/Function;)Lorg/junit/platform/engine/support/discovery/EngineDiscoveryRequestResolver$Builder; 9 <appendix> member <vmtarget> ; # org/junit/platform/engine/support/discovery/EngineDiscoveryRequestResolver$Builder$$Lambda+0x000002d701029640
instanceKlass  @bci org/junit/jupiter/engine/discovery/DiscoverySelectorResolver <clinit> ()V 3 <appendix> argL0 ; # org/junit/jupiter/engine/discovery/DiscoverySelectorResolver$$Lambda+0x000002d701029400
instanceKlass org/junit/platform/engine/support/discovery/EngineDiscoveryRequestResolver$Builder
instanceKlass org/junit/platform/engine/support/discovery/EngineDiscoveryRequestResolver$InitializationContext
instanceKlass org/junit/platform/engine/support/discovery/EngineDiscoveryRequestResolver
instanceKlass org/junit/platform/engine/support/discovery/SelectorResolver
instanceKlass org/junit/jupiter/engine/discovery/DiscoverySelectorResolver
instanceKlass org/junit/jupiter/api/extension/ExtensionContext
instanceKlass org/junit/jupiter/engine/extension/ExtensionRegistry
instanceKlass org/junit/platform/engine/support/descriptor/AbstractTestDescriptor
instanceKlass org/junit/platform/engine/support/hierarchical/Node
instanceKlass  @bci org/junit/jupiter/engine/config/DefaultJupiterConfiguration lambda$validateConfigurationParameters$0 (Lorg/junit/platform/engine/support/discovery/DiscoveryIssueReporter;Ljava/lang/String;)V 12 <appendix> member <vmtarget> ; # org/junit/jupiter/engine/config/DefaultJupiterConfiguration$$Lambda+0x000002d701023558
instanceKlass  @bci org/junit/jupiter/engine/config/DefaultJupiterConfiguration validateConfigurationParameters (Lorg/junit/platform/engine/support/discovery/DiscoveryIssueReporter;)V 5 <appendix> member <vmtarget> ; # org/junit/jupiter/engine/config/DefaultJupiterConfiguration$$Lambda+0x000002d701023320
instanceKlass org/junit/jupiter/api/io/TempDirFactory
instanceKlass org/junit/jupiter/api/ClassOrderer$Default
instanceKlass org/junit/jupiter/api/ClassOrderer
instanceKlass  @bci java/util/function/Predicate negate ()Ljava/util/function/Predicate; 1 <appendix> member <vmtarget> ; # java/util/function/Predicate$$Lambda+0x000002d701078ef0
instanceKlass  @cpi java/util/function/Predicate 75 form vmentry <vmtarget> ; # java/lang/invoke/LambdaForm$DMH+0x000002d701021c00
instanceKlass org/junit/jupiter/engine/config/FilteringConfigurationParameterConverter
instanceKlass  @bci java/util/function/Predicate isEqual (Ljava/lang/Object;)Ljava/util/function/Predicate; 14 <appendix> member <vmtarget> ; # java/util/function/Predicate$$Lambda+0x000002d701078c98
instanceKlass org/junit/jupiter/api/MethodOrderer$Default
instanceKlass org/junit/jupiter/api/MethodOrderer
instanceKlass org/junit/jupiter/api/DisplayNameGenerator
instanceKlass org/junit/jupiter/engine/config/InstantiatingConfigurationParameterConverter
instanceKlass org/junit/jupiter/engine/config/EnumConfigurationParameterConverter
instanceKlass org/junit/jupiter/engine/config/ConfigurationParameterConverter
instanceKlass org/junit/jupiter/engine/config/DefaultJupiterConfiguration
instanceKlass org/junit/jupiter/engine/config/CachingJupiterConfiguration
instanceKlass  @bci org/junit/platform/engine/support/discovery/DiscoveryIssueReporter deduplicating (Lorg/junit/platform/engine/support/discovery/DiscoveryIssueReporter;)Lorg/junit/platform/engine/support/discovery/DiscoveryIssueReporter; 17 <appendix> member <vmtarget> ; # org/junit/platform/engine/support/discovery/DiscoveryIssueReporter$$Lambda+0x000002d701026bf0
instanceKlass  @bci org/junit/platform/engine/support/discovery/DiscoveryIssueReporter forwarding (Lorg/junit/platform/engine/EngineDiscoveryListener;Lorg/junit/platform/engine/UniqueId;)Lorg/junit/platform/engine/support/discovery/DiscoveryIssueReporter; 16 <appendix> member <vmtarget> ; # org/junit/platform/engine/support/discovery/DiscoveryIssueReporter$$Lambda+0x000002d7010269a8
instanceKlass org/junit/platform/engine/DiscoveryIssue
instanceKlass org/junit/platform/engine/support/discovery/DiscoveryIssueReporter
instanceKlass org/junit/platform/launcher/jfr/UniqueId
instanceKlass  @bci org/junit/platform/launcher/listeners/discovery/CompositeLauncherDiscoveryListener engineDiscoveryStarted (Lorg/junit/platform/engine/UniqueId;)V 5 <appendix> member <vmtarget> ; # org/junit/platform/launcher/listeners/discovery/CompositeLauncherDiscoveryListener$$Lambda+0x000002d701025a98
instanceKlass org/junit/platform/engine/UniqueId$Segment
instanceKlass  @bci org/junit/platform/engine/UniqueIdFormat <init> (CCCC)V 171 <appendix> argL0 ; # org/junit/platform/engine/UniqueIdFormat$$Lambda+0x000002d701025648
instanceKlass  @bci org/junit/platform/engine/UniqueIdFormat <init> (CCCC)V 153 <appendix> argL0 ; # org/junit/platform/engine/UniqueIdFormat$$Lambda+0x000002d701025408
instanceKlass  @bci org/junit/platform/engine/UniqueIdFormat <init> (CCCC)V 136 <appendix> argL0 ; # org/junit/platform/engine/UniqueIdFormat$$Lambda+0x000002d7010251c8
instanceKlass  @bci org/junit/platform/engine/UniqueIdFormat <init> (CCCC)V 119 <appendix> argL0 ; # org/junit/platform/engine/UniqueIdFormat$$Lambda+0x000002d701024f88
instanceKlass  @bci org/junit/platform/engine/UniqueIdFormat <init> (CCCC)V 102 <appendix> argL0 ; # org/junit/platform/engine/UniqueIdFormat$$Lambda+0x000002d701024d48
instanceKlass java/util/BitSet
instanceKlass java/net/URLEncoder
instanceKlass  @bci org/junit/platform/engine/UniqueIdFormat <init> (CCCC)V 84 <appendix> argL0 ; # org/junit/platform/engine/UniqueIdFormat$$Lambda+0x000002d701024b08
instanceKlass  @cpi org/junit/platform/engine/UniqueIdFormat 293 form vmentry <vmtarget> ; # java/lang/invoke/LambdaForm$DMH+0x000002d701021800
instanceKlass  @bci java/util/regex/Pattern ALL ()Ljava/util/regex/Pattern$CharPredicate; 0 <appendix> argL0 ; # java/util/regex/Pattern$$Lambda+0x000002d701077718
instanceKlass java/util/Formatter$Flags
instanceKlass java/util/Formattable
instanceKlass java/util/Formatter$FixedString
instanceKlass java/util/Formatter$FormatSpecifier
instanceKlass java/util/Formatter$FormatString
instanceKlass java/util/Formatter$Conversion
instanceKlass  @bci java/util/regex/Pattern union (Ljava/util/regex/Pattern$CharPredicate;Ljava/util/regex/Pattern$CharPredicate;Z)Ljava/util/regex/Pattern$CharPredicate; 6 <appendix> member <vmtarget> ; # java/util/regex/Pattern$$Lambda+0x800000031
instanceKlass  @bci java/util/regex/Pattern Range (II)Ljava/util/regex/Pattern$CharPredicate; 23 <appendix> member <vmtarget> ; # java/util/regex/Pattern$$Lambda+0x800000029
instanceKlass  @bci java/util/regex/CharPredicates ASCII_DIGIT ()Ljava/util/regex/Pattern$BmpCharPredicate; 0 <appendix> argL0 ; # java/util/regex/CharPredicates$$Lambda+0x800000024
instanceKlass  @bci java/util/regex/Pattern Single (I)Ljava/util/regex/Pattern$BmpCharPredicate; 1 <appendix> member <vmtarget> ; # java/util/regex/Pattern$$Lambda+0x800000028
instanceKlass java/util/Formatter
instanceKlass org/junit/platform/engine/UniqueIdFormat
instanceKlass  @bci org/junit/platform/launcher/core/EngineDiscoveryOrchestrator discoverSafely (Lorg/junit/platform/launcher/LauncherDiscoveryRequest;Ljava/util/Optional;Lorg/junit/platform/launcher/core/DiscoveryIssueCollector;Ljava/util/function/Function;)Ljava/util/Map; 96 <appendix> member <vmtarget> ; # org/junit/platform/launcher/core/EngineDiscoveryOrchestrator$$Lambda+0x000002d7010246c0
instanceKlass  @bci java/util/stream/MatchOps makeRef (Ljava/util/function/Predicate;Ljava/util/stream/MatchOps$MatchKind;)Ljava/util/stream/TerminalOp; 20 <appendix> member <vmtarget> ; # java/util/stream/MatchOps$$Lambda+0x000002d701076df0
instanceKlass java/util/stream/MatchOps$BooleanTerminalSink
instanceKlass java/util/stream/MatchOps$MatchOp
instanceKlass java/util/stream/MatchOps
instanceKlass  @bci org/junit/platform/launcher/core/EngineFilterer isExcluded (Lorg/junit/platform/engine/TestEngine;)Z 20 <appendix> argL0 ; # org/junit/platform/launcher/core/EngineFilterer$$Lambda+0x000002d701024470
instanceKlass  @cpi org/junit/platform/launcher/core/LauncherDiscoveryResult 190 form vmentry <vmtarget> ; # java/lang/invoke/LambdaForm$DMH+0x000002d701021400
instanceKlass  @bci org/junit/platform/launcher/core/EngineFilterer isExcluded (Lorg/junit/platform/engine/TestEngine;)Z 10 <appendix> member <vmtarget> ; # org/junit/platform/launcher/core/EngineFilterer$$Lambda+0x000002d701024228
instanceKlass org/junit/platform/engine/FilterResult
instanceKlass org/junit/platform/launcher/EngineFilter
instanceKlass java/util/AbstractList$RandomAccessSpliterator
instanceKlass org/junit/platform/launcher/core/EngineFilterer
instanceKlass  @bci jdk/jfr/internal/TypeLibrary addTypes (Ljava/util/List;)V 15 <appendix> argL0 ; # jdk/jfr/internal/TypeLibrary$$Lambda+0x000002d701076080
instanceKlass  @bci jdk/jfr/internal/TypeLibrary addTypes (Ljava/util/List;)V 10 <appendix> argL0 ; # jdk/jfr/internal/TypeLibrary$$Lambda+0x000002d701075e30
# instanceKlass java/lang/invoke/LambdaForm$MH+0x000002d701021000
# instanceKlass java/lang/invoke/LambdaForm$MH+0x000002d701020c00
instanceKlass  @bci jdk/jfr/internal/SecuritySupport setAccessible (Ljava/lang/reflect/Constructor;)V 1 <appendix> member <vmtarget> ; # jdk/jfr/internal/SecuritySupport$$Lambda+0x000002d701075a10
instanceKlass jdk/jfr/SettingDefinition
# instanceKlass java/lang/invoke/LambdaForm$MH+0x000002d701020800
instanceKlass  @bci org/junit/platform/engine/support/store/NamespacedHierarchicalStore$CompositeKey hashCode ()I 1 <appendix> argL1 form vmentry <vmtarget> ; # java/lang/invoke/LambdaForm$MH+0x000002d701020400
instanceKlass  @cpi org/junit/jupiter/engine/extension/MutableExtensionRegistry 550 form vmentry <vmtarget> ; # java/lang/invoke/LambdaForm$DMH+0x000002d701020000
instanceKlass sun/invoke/util/ValueConversions$WrapperCache
instanceKlass java/lang/annotation/Repeatable
instanceKlass jdk/jfr/internal/event/EventConfiguration
instanceKlass jdk/jfr/internal/MirrorEvent
# instanceKlass java/lang/invoke/LambdaForm$MH+0x000002d701019c00
instanceKlass java/lang/invoke/MethodHandle$1
instanceKlass jdk/jfr/internal/settings/BooleanValue
instanceKlass jdk/jfr/internal/Control
instanceKlass jdk/jfr/SettingDescriptor
instanceKlass java/lang/reflect/TypeVariable
instanceKlass sun/reflect/generics/repository/AbstractRepository
instanceKlass jdk/jfr/BooleanFlag
instanceKlass jdk/jfr/internal/EventControl
instanceKlass jdk/jfr/internal/AnnotationConstruct$AnnotationInvocationHandler
instanceKlass jdk/jfr/internal/Logger
instanceKlass jdk/jfr/EventType
instanceKlass java/lang/Long$LongCache
instanceKlass  @bci java/util/ArrayDeque copyElements (Ljava/util/Collection;)V 2 <appendix> member <vmtarget> ; # java/util/ArrayDeque$$Lambda+0x000002d70106eed8
instanceKlass  @bci jdk/jfr/internal/TypeLibrary initialize ()V 45 <appendix> argL0 ; # jdk/jfr/internal/TypeLibrary$$Lambda+0x000002d70106eca8
instanceKlass  @bci jdk/jfr/internal/TypeLibrary initialize ()V 40 <appendix> argL0 ; # jdk/jfr/internal/TypeLibrary$$Lambda+0x000002d70106ea58
instanceKlass  @bci java/util/Comparator comparingLong (Ljava/util/function/ToLongFunction;)Ljava/util/Comparator; 6 <appendix> member <vmtarget> ; # java/util/Comparator$$Lambda+0x000002d70106e7b8
instanceKlass  @bci java/lang/invoke/BootstrapMethodInvoker invoke (Ljava/lang/Class;Ljava/lang/invoke/MethodHandle;Ljava/lang/String;Ljava/lang/Object;Ljava/lang/Object;Ljava/lang/Class;)Ljava/lang/Object; 462 <adapter> ; # java/lang/invoke/LambdaForm$MH+0x000002d701019800
instanceKlass  @bci jdk/jfr/internal/TypeLibrary initialize ()V 12 <appendix> argL0 ; # jdk/jfr/internal/TypeLibrary$$Lambda+0x000002d70106e598
instanceKlass  @cpi jdk/jfr/internal/TypeLibrary 818 form vmentry <vmtarget> ; # java/lang/invoke/LambdaForm$DMH+0x000002d701019400
instanceKlass java/util/function/ToLongFunction
instanceKlass jdk/jfr/Frequency
instanceKlass jdk/jfr/Percentage
instanceKlass jdk/jfr/MemoryAddress
instanceKlass jdk/jfr/DataAmount
instanceKlass jdk/jfr/internal/Cutoff
instanceKlass jdk/jfr/internal/Throttle
instanceKlass jdk/jfr/internal/periodic/LookupKey
instanceKlass jdk/jfr/internal/periodic/PeriodicTask
instanceKlass jdk/jfr/internal/periodic/BatchManager
instanceKlass jdk/jfr/internal/periodic/TaskRepository
instanceKlass jdk/jfr/internal/periodic/PeriodicEvents
instanceKlass jdk/jfr/internal/MetadataLoader$FieldElement
instanceKlass jdk/jfr/internal/MetadataLoader$TypeElement
instanceKlass jdk/internal/util/ByteArray
instanceKlass jdk/jfr/Category
instanceKlass jdk/jfr/Unsigned
instanceKlass jdk/jfr/Experimental
instanceKlass jdk/jfr/TransitionFrom
instanceKlass jdk/jfr/TransitionTo
instanceKlass jdk/jfr/Relational
instanceKlass  @bci jdk/internal/module/SystemModuleFinders$SystemModuleReader open (Ljava/lang/String;)Ljava/util/Optional; 6 <appendix> member <vmtarget> ; # jdk/internal/module/SystemModuleFinders$SystemModuleReader$$Lambda+0x000002d70106b528
instanceKlass jdk/internal/jimage/decompressor/ZipDecompressor
instanceKlass jdk/internal/jimage/decompressor/ResourceDecompressor
instanceKlass jdk/internal/jimage/decompressor/ResourceDecompressorFactory
instanceKlass jdk/internal/jimage/decompressor/ResourceDecompressorRepository
instanceKlass jdk/internal/jimage/decompressor/CompressedResourceHeader
instanceKlass  @bci jdk/internal/jimage/BasicImageReader getResourceBuffer (Ljdk/internal/jimage/ImageLocation;)Ljava/nio/ByteBuffer; 168 <appendix> member <vmtarget> ; # jdk/internal/jimage/BasicImageReader$$Lambda+0x000002d70106a468
instanceKlass jdk/internal/jimage/decompressor/ResourceDecompressor$StringsProvider
instanceKlass java/util/TimSort
instanceKlass java/util/Arrays$LegacyMergeSort
instanceKlass java/util/AbstractMap$SimpleEntry
instanceKlass jdk/internal/jimage/ImageBufferCache$2
instanceKlass jdk/internal/jimage/ImageBufferCache
instanceKlass jdk/jfr/internal/SecuritySupport$1
instanceKlass  @bci jdk/jfr/internal/SecuritySupport getResourceAsStream (Ljava/lang/String;)Ljava/io/InputStream; 1 <appendix> member <vmtarget> ; # jdk/jfr/internal/SecuritySupport$$Lambda+0x000002d701069498
instanceKlass jdk/jfr/internal/MetadataLoader
instanceKlass jdk/jfr/Timestamp
instanceKlass jdk/jfr/internal/SecuritySupport$2
instanceKlass  @bci jdk/jfr/internal/SecuritySupport setAccessible (Ljava/lang/reflect/Method;)V 1 <appendix> member <vmtarget> ; # jdk/jfr/internal/SecuritySupport$$Lambda+0x000002d7010689d8
instanceKlass jdk/jfr/Description
instanceKlass jdk/jfr/ContentType
instanceKlass jdk/jfr/Timespan
instanceKlass jdk/jfr/ValueDescriptor
instanceKlass jdk/jfr/internal/PrivateAccess
instanceKlass  @bci java/lang/ClassLoader definePackage (Ljava/lang/String;Ljava/lang/Module;)Ljava/lang/Package; 73 <appendix> member <vmtarget> ; # java/lang/ClassLoader$$Lambda+0x000002d701066ec0
instanceKlass  @bci jdk/internal/loader/BootLoader$PackageHelper findModule (Ljava/lang/String;)Ljava/lang/Module; 90 <appendix> member <vmtarget> ; # jdk/internal/loader/BootLoader$PackageHelper$$Lambda+0x000002d701066c98
instanceKlass jdk/internal/loader/BootLoader$PackageHelper
instanceKlass jdk/jfr/Name
instanceKlass jdk/jfr/internal/AnnotationConstruct
instanceKlass jdk/jfr/SettingControl
instanceKlass jdk/jfr/internal/Type
instanceKlass java/lang/Class$AnnotationData
instanceKlass  @bci org/junit/jupiter/engine/execution/NamespaceAwareStore computeIfAbsent (Ljava/lang/Object;Ljava/util/function/Function;Ljava/lang/Class;)Ljava/lang/Object; 25 <appendix> form vmentry <vmtarget> ; # java/lang/invoke/LambdaForm$DMH+0x000002d701019000
instanceKlass  @bci sun/reflect/annotation/AnnotationParser parseEnumArray (ILjava/lang/Class;Ljava/nio/ByteBuffer;Ljdk/internal/reflect/ConstantPool;Ljava/lang/Class;)Ljava/lang/Object; 16 <appendix> member <vmtarget> ; # sun/reflect/annotation/AnnotationParser$$Lambda+0x000002d701065ad0
instanceKlass java/lang/annotation/Documented
instanceKlass java/lang/annotation/Target
# instanceKlass java/lang/invoke/LambdaForm$MH+0x000002d701018c00
instanceKlass  @bci ch/qos/logback/classic/util/ContextInitializer autoConfig (Ljava/lang/ClassLoader;)V 175 <appendix> form vmentry <vmtarget> ; # java/lang/invoke/LambdaForm$MH+0x000002d701018800
instanceKlass java/lang/reflect/Proxy$ProxyBuilder$1
instanceKlass jdk/internal/org/objectweb/asm/Edge
instanceKlass  @bci java/lang/reflect/ProxyGenerator addProxyMethod (Ljava/lang/reflect/Method;Ljava/lang/Class;)V 23 <appendix> argL0 ; # java/lang/reflect/ProxyGenerator$$Lambda+0x000002d701064318
instanceKlass  @bci java/lang/reflect/ProxyGenerator addProxyMethod (Ljava/lang/reflect/ProxyGenerator$ProxyMethod;)V 10 <appendix> argL0 ; # java/lang/reflect/ProxyGenerator$$Lambda+0x000002d7010640d8
instanceKlass java/util/StringJoiner
instanceKlass java/lang/reflect/ProxyGenerator$ProxyMethod
instanceKlass  @bci java/lang/reflect/Proxy getLoader (Ljava/lang/Module;)Ljava/lang/ClassLoader; 6 <appendix> member <vmtarget> ; # java/lang/reflect/Proxy$$Lambda+0x000002d701063980
instanceKlass  @bci java/lang/module/ModuleDescriptor$Builder packages (Ljava/util/Set;)Ljava/lang/module/ModuleDescriptor$Builder; 17 <appendix> argL0 ; # java/lang/module/ModuleDescriptor$Builder$$Lambda+0x800000002
instanceKlass jdk/internal/module/Checks
instanceKlass java/lang/module/ModuleDescriptor$Builder
instanceKlass  @bci java/lang/reflect/Proxy$ProxyBuilder getDynamicModule (Ljava/lang/ClassLoader;)Ljava/lang/Module; 4 <appendix> argL0 ; # java/lang/reflect/Proxy$ProxyBuilder$$Lambda+0x000002d701063540
instanceKlass java/lang/PublicMethods
instanceKlass java/lang/reflect/Proxy$ProxyBuilder
instanceKlass  @bci java/lang/reflect/Proxy getProxyConstructor (Ljava/lang/Class;Ljava/lang/ClassLoader;[Ljava/lang/Class;)Ljava/lang/reflect/Constructor; 35 <appendix> argL0 ; # java/lang/reflect/Proxy$$Lambda+0x000002d701062270
instanceKlass java/lang/ClassValue$Version
instanceKlass java/lang/ClassValue$Identity
instanceKlass java/lang/ClassValue
instanceKlass java/lang/reflect/Proxy
instanceKlass sun/reflect/annotation/AnnotationInvocationHandler
instanceKlass java/lang/reflect/InvocationHandler
instanceKlass sun/reflect/annotation/AnnotationParser$1
instanceKlass sun/reflect/annotation/ExceptionProxy
instanceKlass java/lang/annotation/Inherited
instanceKlass java/lang/annotation/Retention
instanceKlass sun/reflect/annotation/AnnotationType$1
instanceKlass sun/reflect/annotation/AnnotationType
instanceKlass java/lang/reflect/GenericArrayType
instanceKlass sun/reflect/generics/visitor/Reifier
instanceKlass sun/reflect/generics/visitor/TypeTreeVisitor
instanceKlass sun/reflect/generics/factory/CoreReflectionFactory
instanceKlass sun/reflect/generics/factory/GenericsFactory
instanceKlass sun/reflect/generics/scope/AbstractScope
instanceKlass sun/reflect/generics/scope/Scope
instanceKlass sun/reflect/generics/tree/ClassTypeSignature
instanceKlass sun/reflect/generics/tree/SimpleClassTypeSignature
instanceKlass sun/reflect/generics/tree/FieldTypeSignature
instanceKlass sun/reflect/generics/tree/BaseType
instanceKlass sun/reflect/generics/tree/TypeSignature
instanceKlass sun/reflect/generics/tree/ReturnType
instanceKlass sun/reflect/generics/tree/TypeArgument
instanceKlass sun/reflect/generics/tree/TypeTree
instanceKlass sun/reflect/generics/tree/Tree
instanceKlass sun/reflect/generics/parser/SignatureParser
instanceKlass jdk/jfr/MetadataDefinition
instanceKlass jdk/jfr/Enabled
instanceKlass jdk/jfr/Period
instanceKlass jdk/jfr/StackTrace
instanceKlass jdk/jfr/Threshold
instanceKlass jdk/jfr/Registered
instanceKlass java/util/Collections$1
instanceKlass java/util/AbstractMap$SimpleImmutableEntry
instanceKlass jdk/jfr/Label
instanceKlass jdk/jfr/AnnotationElement
instanceKlass jdk/jfr/internal/TypeLibrary
instanceKlass jdk/jfr/internal/SettingsManager
instanceKlass jdk/jfr/internal/MetadataRepository
instanceKlass java/time/Duration
instanceKlass java/time/temporal/TemporalAmount
instanceKlass jdk/jfr/internal/Utils
instanceKlass jdk/jfr/internal/Options
instanceKlass jdk/jfr/internal/JVM$ChunkRotationMonitor
instanceKlass jdk/jfr/internal/JVM
instanceKlass  @bci jdk/jfr/internal/SecuritySupport getBooleanProperty (Ljava/lang/String;)Z 1 <appendix> member <vmtarget> ; # jdk/jfr/internal/SecuritySupport$$Lambda+0x000002d70105adb0
instanceKlass  @bci java/lang/WeakPairMap computeIfAbsent (Ljava/lang/Object;Ljava/lang/Object;Ljava/util/function/BiFunction;)Ljava/lang/Object; 18 <appendix> member <vmtarget> ; # java/lang/WeakPairMap$$Lambda+0x000002d70105ab68
instanceKlass  @bci java/lang/Module implAddExportsOrOpens (Ljava/lang/String;Ljava/lang/Module;ZZ)V 145 <appendix> argL0 ; # java/lang/Module$$Lambda+0x000002d70105a938
instanceKlass java/lang/WeakPairMap$Pair$Lookup
instanceKlass java/lang/WeakPairMap$Pair
instanceKlass java/lang/WeakPairMap
instanceKlass java/lang/Module$ReflectionData
instanceKlass jdk/jfr/internal/consumer/FileAccess
instanceKlass jdk/jfr/internal/SecuritySupport$4
instanceKlass  @bci jdk/jfr/internal/SecuritySupport getPathInProperty (Ljava/lang/String;Ljava/lang/String;)Ljdk/jfr/internal/SecuritySupport$SafePath; 2 <appendix> member <vmtarget> ; # jdk/jfr/internal/SecuritySupport$$Lambda+0x000002d701059488
instanceKlass jdk/jfr/internal/SecuritySupport$SafePath
instanceKlass jdk/jfr/internal/SecuritySupport$CallableWithoutCheckException
instanceKlass jdk/jfr/internal/SecuritySupport
instanceKlass jdk/jfr/internal/JVMSupport
instanceKlass jdk/internal/event/Event
instanceKlass  @bci org/junit/platform/launcher/listeners/discovery/CompositeLauncherDiscoveryListener launcherDiscoveryStarted (Lorg/junit/platform/launcher/LauncherDiscoveryRequest;)V 5 <appendix> member <vmtarget> ; # org/junit/platform/launcher/listeners/discovery/CompositeLauncherDiscoveryListener$$Lambda+0x000002d70101b118
instanceKlass org/junit/platform/launcher/core/DelegatingLauncherDiscoveryRequest
instanceKlass org/junit/platform/launcher/listeners/discovery/CompositeLauncherDiscoveryListener
instanceKlass  @bci org/junit/platform/engine/ConfigurationParameters get (Ljava/lang/String;Ljava/util/function/Function;)Ljava/util/Optional; 16 <appendix> member <vmtarget> ; # org/junit/platform/engine/ConfigurationParameters$$Lambda+0x000002d70101a488
instanceKlass  @bci org/junit/platform/launcher/core/DiscoveryIssueCollector getCriticalSeverity (Lorg/junit/platform/engine/ConfigurationParameters;)Lorg/junit/platform/engine/DiscoveryIssue$Severity; 3 <appendix> argL0 ; # org/junit/platform/launcher/core/DiscoveryIssueCollector$$Lambda+0x000002d70101a248
instanceKlass org/junit/platform/engine/TestSource
instanceKlass org/junit/platform/launcher/core/DiscoveryIssueCollector
instanceKlass  @bci org/junit/platform/launcher/core/EngineDiscoveryOrchestrator discover (Lorg/junit/platform/launcher/LauncherDiscoveryRequest;Lorg/junit/platform/launcher/core/LauncherPhase;)Lorg/junit/platform/launcher/core/LauncherDiscoveryResult; 6 <appendix> argL0 ; # org/junit/platform/launcher/core/EngineDiscoveryOrchestrator$$Lambda+0x000002d70101f7b8
instanceKlass org/junit/platform/engine/UniqueId
instanceKlass  @bci org/junit/platform/launcher/core/InterceptingLauncher discover (Lorg/junit/platform/launcher/LauncherDiscoveryRequest;)Lorg/junit/platform/launcher/TestPlan; 6 <appendix> member <vmtarget> ; # org/junit/platform/launcher/core/InterceptingLauncher$$Lambda+0x000002d70101ef40
instanceKlass  @bci org/junit/platform/launcher/core/SessionPerRequestLauncher createSession ()Lorg/junit/platform/launcher/LauncherSession; 81 <appendix> member <vmtarget> ; # org/junit/platform/launcher/core/SessionPerRequestLauncher$$Lambda+0x000002d70101ed08
instanceKlass  @bci org/junit/platform/launcher/core/SessionPerRequestLauncher createSession ()Lorg/junit/platform/launcher/LauncherSession; 53 <appendix> member <vmtarget> ; # org/junit/platform/launcher/core/SessionPerRequestLauncher$$Lambda+0x000002d70101ead0
instanceKlass  @bci org/junit/platform/launcher/core/LauncherFactory registerTestExecutionListeners (Lorg/junit/platform/launcher/core/LauncherConfig;Lorg/junit/platform/launcher/Launcher;Lorg/junit/platform/launcher/core/LauncherConfigurationParameters;)V 45 <appendix> member <vmtarget> ; # org/junit/platform/launcher/core/LauncherFactory$$Lambda+0x000002d70101e898
instanceKlass  @bci org/junit/platform/launcher/core/LauncherFactory registerTestExecutionListeners (Lorg/junit/platform/launcher/core/LauncherConfig;Lorg/junit/platform/launcher/Launcher;Lorg/junit/platform/launcher/core/LauncherConfigurationParameters;)V 21 <appendix> member <vmtarget> ; # org/junit/platform/launcher/core/LauncherFactory$$Lambda+0x000002d70101e660
instanceKlass org/junit/platform/launcher/listeners/UniqueIdTrackingListener
instanceKlass  @bci org/junit/platform/launcher/core/ServiceLoaderRegistry load (Ljava/lang/Class;Ljava/util/function/Predicate;)Ljava/lang/Iterable; 20 <appendix> member <vmtarget> ; # org/junit/platform/launcher/core/ServiceLoaderRegistry$$Lambda+0x000002d70101e178
instanceKlass  @bci org/junit/platform/launcher/core/ServiceLoaderRegistry load (Ljava/lang/Class;Ljava/util/function/Predicate;)Ljava/lang/Iterable; 10 <appendix> member <vmtarget> ; # org/junit/platform/launcher/core/ServiceLoaderRegistry$$Lambda+0x000002d70101df20
instanceKlass  @cpi org/junit/platform/launcher/core/ServiceLoaderRegistry 182 form vmentry <vmtarget> ; # java/lang/invoke/LambdaForm$DMH+0x000002d701018400
instanceKlass  @bci org/junit/platform/launcher/core/LauncherFactory loadAndFilterTestExecutionListeners (Lorg/junit/platform/engine/ConfigurationParameters;)Ljava/lang/Iterable; 16 <appendix> argL0 ; # org/junit/platform/launcher/core/LauncherFactory$$Lambda+0x000002d70101dcd0
instanceKlass  @bci org/junit/platform/launcher/core/LauncherFactory loadAndFilterTestExecutionListeners (Lorg/junit/platform/engine/ConfigurationParameters;)Ljava/lang/Iterable; 8 <appendix> argL0 ; # org/junit/platform/launcher/core/LauncherFactory$$Lambda+0x000002d70101da90
instanceKlass org/junit/platform/commons/util/ClassNamePatternFilterUtils
instanceKlass  @bci org/junit/platform/launcher/core/LauncherFactory registerLauncherDiscoveryListeners (Lorg/junit/platform/launcher/core/LauncherConfig;Lorg/junit/platform/launcher/Launcher;)V 46 <appendix> member <vmtarget> ; # org/junit/platform/launcher/core/LauncherFactory$$Lambda+0x000002d70101d650
instanceKlass  @bci org/junit/platform/launcher/core/LauncherFactory registerLauncherDiscoveryListeners (Lorg/junit/platform/launcher/core/LauncherConfig;Lorg/junit/platform/launcher/Launcher;)V 22 <appendix> member <vmtarget> ; # org/junit/platform/launcher/core/LauncherFactory$$Lambda+0x000002d70101d418
instanceKlass org/junit/platform/launcher/jfr/FlightRecordingExecutionListener
instanceKlass org/junit/platform/launcher/jfr/FlightRecordingDiscoveryListener
instanceKlass jdk/jfr/FlightRecorder
instanceKlass java/util/regex/IntHashSet
instanceKlass java/util/regex/Matcher
instanceKlass java/util/regex/MatchResult
instanceKlass  @bci org/junit/platform/commons/function/Try call (Ljava/util/concurrent/Callable;)Lorg/junit/platform/commons/function/Try; 8 <appendix> member <vmtarget> ; # org/junit/platform/commons/function/Try$$Lambda+0x000002d70101c6d8
instanceKlass  @bci org/junit/platform/commons/util/ReflectionUtils tryToLoadClass (Ljava/lang/String;Ljava/lang/ClassLoader;)Lorg/junit/platform/commons/function/Try; 51 <appendix> member <vmtarget> ; # org/junit/platform/commons/util/ReflectionUtils$$Lambda+0x000002d70101c000
instanceKlass java/util/concurrent/Callable
instanceKlass  @bci org/junit/platform/commons/util/ReflectionUtils <clinit> ()V 429 <appendix> member <vmtarget> ; # org/junit/platform/commons/util/ReflectionUtils$$Lambda+0x000002d701014d68
instanceKlass  @cpi org/junit/platform/commons/util/ReflectionUtils 1847 form vmentry <vmtarget> ; # java/lang/invoke/LambdaForm$DMH+0x000002d701018000
instanceKlass  @bci org/junit/platform/commons/util/ClasspathScannerLoader getInstance ()Lorg/junit/platform/commons/support/scanning/ClasspathScanner; 130 <appendix> argL0 ; # org/junit/platform/commons/util/ClasspathScannerLoader$$Lambda+0x000002d701015d00
instanceKlass  @cpi org/apache/commons/logging/LogFactory 1017 form vmentry <vmtarget> ; # java/lang/invoke/LambdaForm$DMH+0x000002d701014400
instanceKlass org/junit/platform/commons/function/Try
instanceKlass  @bci org/junit/platform/commons/util/ClasspathScannerLoader getInstance ()Lorg/junit/platform/commons/support/scanning/ClasspathScanner; 125 <appendix> argL0 ; # org/junit/platform/commons/util/ClasspathScannerLoader$$Lambda+0x000002d701015890
instanceKlass java/nio/file/FileVisitor
instanceKlass org/junit/platform/commons/util/DefaultClasspathScanner
instanceKlass org/junit/platform/commons/support/scanning/ClasspathScanner
instanceKlass org/junit/platform/commons/util/ClasspathScannerLoader
instanceKlass org/junit/platform/commons/util/ReflectionUtils
instanceKlass org/junit/platform/commons/support/ReflectionSupport
instanceKlass org/junit/platform/launcher/jfr/JfrUtils
instanceKlass  @bci org/junit/platform/launcher/core/EngineIdValidator validateReservedIds (Lorg/junit/platform/engine/TestEngine;)Z 7 <appendix> member <vmtarget> ; # org/junit/platform/launcher/core/EngineIdValidator$$Lambda+0x000002d701017888
instanceKlass org/junit/platform/launcher/core/EngineIdValidator
instanceKlass org/junit/platform/launcher/core/EngineDiscoveryResultValidator
instanceKlass org/junit/platform/launcher/core/EngineDiscoveryOrchestrator
instanceKlass  @bci org/junit/platform/launcher/core/DefaultLauncher <init> (Ljava/lang/Iterable;Ljava/util/Collection;Lorg/junit/platform/engine/support/store/NamespacedHierarchicalStore;)V 44 <appendix> argL0 ; # org/junit/platform/launcher/core/DefaultLauncher$$Lambda+0x000002d701017020
instanceKlass org/junit/platform/launcher/TestPlan$Visitor
instanceKlass org/junit/platform/engine/EngineExecutionListener
instanceKlass org/junit/platform/launcher/core/EngineExecutionOrchestrator
instanceKlass org/junit/platform/launcher/TestPlan
instanceKlass org/junit/platform/launcher/core/DefaultLauncher
instanceKlass  @bci org/junit/platform/launcher/core/LauncherFactory collectPostDiscoveryFilters (Lorg/junit/platform/launcher/core/LauncherConfig;)Ljava/util/List; 28 <appendix> member <vmtarget> ; # org/junit/platform/launcher/core/LauncherFactory$$Lambda+0x000002d701013d78
instanceKlass org/junit/platform/launcher/PostDiscoveryFilter
instanceKlass org/junit/platform/engine/support/hierarchical/EngineExecutionContext
instanceKlass org/junit/platform/engine/TestDescriptor
instanceKlass org/junit/jupiter/engine/config/JupiterConfiguration
instanceKlass org/junit/platform/engine/support/hierarchical/HierarchicalTestExecutorService
instanceKlass org/junit/platform/engine/support/hierarchical/HierarchicalTestEngine
instanceKlass sun/net/www/MessageHeader
instanceKlass sun/net/www/protocol/jar/JarFileFactory
instanceKlass sun/net/www/protocol/jar/URLJarFile$URLJarFileCloseController
instanceKlass java/net/URLConnection
instanceKlass  @bci org/junit/platform/launcher/core/LauncherFactory collectTestEngines (Lorg/junit/platform/launcher/core/LauncherConfig;)Ljava/util/Set; 33 <appendix> member <vmtarget> ; # org/junit/platform/launcher/core/LauncherFactory$$Lambda+0x000002d701012c30
instanceKlass  @bci org/junit/platform/launcher/core/ServiceLoaderTestEngineRegistry loadTestEngines ()Ljava/lang/Iterable; 13 <appendix> member <vmtarget> ; # org/junit/platform/launcher/core/ServiceLoaderTestEngineRegistry$$Lambda+0x000002d701012a08
instanceKlass org/junit/platform/engine/TestEngine
instanceKlass org/junit/platform/launcher/core/ServiceLoaderTestEngineRegistry
instanceKlass  @bci org/junit/platform/launcher/core/DefaultLauncherSession <init> (Ljava/util/List;Ljava/util/function/Supplier;Ljava/util/function/Function;)V 105 <appendix> member <vmtarget> ; # org/junit/platform/launcher/core/DefaultLauncherSession$$Lambda+0x000002d7010123d8
instanceKlass org/junit/platform/launcher/core/DelegatingLauncher
instanceKlass org/junit/platform/launcher/LauncherSessionListener$1
instanceKlass java/util/LinkedHashMap$LinkedHashIterator
instanceKlass  @bci org/junit/platform/launcher/core/LauncherFactory createLauncherSessionListener (Lorg/junit/platform/launcher/core/LauncherConfig;)Lorg/junit/platform/launcher/LauncherSessionListener; 46 <appendix> member <vmtarget> ; # org/junit/platform/launcher/core/LauncherFactory$$Lambda+0x000002d701011a68
instanceKlass  @bci org/junit/platform/launcher/core/LauncherFactory createLauncherSessionListener (Lorg/junit/platform/launcher/core/LauncherConfig;)Lorg/junit/platform/launcher/LauncherSessionListener; 24 <appendix> member <vmtarget> ; # org/junit/platform/launcher/core/LauncherFactory$$Lambda+0x000002d701011830
instanceKlass  @cpi org/junit/platform/launcher/core/EngineExecutionOrchestrator 510 form vmentry <vmtarget> ; # java/lang/invoke/LambdaForm$DMH+0x000002d701014000
instanceKlass  @bci org/junit/platform/launcher/core/ServiceLoaderRegistry load (Ljava/lang/Class;Ljava/util/function/Predicate;Ljava/util/function/Function;)Ljava/util/List; 35 <appendix> member <vmtarget> ; # org/junit/platform/launcher/core/ServiceLoaderRegistry$$Lambda+0x000002d701011608
instanceKlass java/util/stream/AbstractSpinedBuffer
instanceKlass java/util/stream/Node$Builder
instanceKlass java/util/stream/Node$OfDouble
instanceKlass java/util/stream/Node$OfLong
instanceKlass java/util/stream/Node$OfInt
instanceKlass java/util/stream/Node$OfPrimitive
instanceKlass java/util/stream/Nodes$EmptyNode
instanceKlass java/util/stream/Node
instanceKlass java/util/stream/Nodes
instanceKlass  @bci java/util/stream/ReferencePipeline toArray ()[Ljava/lang/Object; 1 <appendix> argL0 ; # java/util/stream/ReferencePipeline$$Lambda+0x000002d701051a18
instanceKlass java/util/function/IntFunction
instanceKlass java/util/ImmutableCollections$Access$1
instanceKlass jdk/internal/access/JavaUtilCollectionAccess
instanceKlass java/util/ImmutableCollections$Access
instanceKlass  @bci org/junit/platform/commons/util/ServiceLoaderUtils filter (Ljava/util/ServiceLoader;Ljava/util/function/Predicate;)Ljava/util/stream/Stream; 29 <appendix> argL0 ; # org/junit/platform/commons/util/ServiceLoaderUtils$$Lambda+0x000002d7010113c8
instanceKlass  @bci org/junit/platform/commons/util/ServiceLoaderUtils filter (Ljava/util/ServiceLoader;Ljava/util/function/Predicate;)Ljava/util/stream/Stream; 19 <appendix> member <vmtarget> ; # org/junit/platform/commons/util/ServiceLoaderUtils$$Lambda+0x000002d701011170
instanceKlass java/util/ServiceLoader$ProviderSpliterator
instanceKlass org/junit/platform/commons/util/ServiceLoaderUtils
instanceKlass  @bci org/junit/platform/launcher/core/ServiceLoaderRegistry load (Ljava/lang/Class;Ljava/util/function/Predicate;Ljava/util/function/Function;)Ljava/util/List; 9 <appendix> member <vmtarget> ; # org/junit/platform/launcher/core/ServiceLoaderRegistry$$Lambda+0x000002d701010d10
instanceKlass  @bci org/junit/platform/launcher/core/ServiceLoaderRegistry load (Ljava/lang/Class;)Ljava/lang/Iterable; 7 <appendix> member <vmtarget> ; # org/junit/platform/launcher/core/ServiceLoaderRegistry$$Lambda+0x000002d701010ac8
instanceKlass  @bci org/junit/platform/launcher/core/ServiceLoaderRegistry load (Ljava/lang/Class;)Ljava/lang/Iterable; 1 <appendix> argL0 ; # org/junit/platform/launcher/core/ServiceLoaderRegistry$$Lambda+0x000002d701010878
instanceKlass org/junit/platform/launcher/core/ServiceLoaderRegistry
instanceKlass  @bci org/junit/platform/launcher/core/ListenerRegistry forLauncherSessionListeners ()Lorg/junit/platform/launcher/core/ListenerRegistry; 0 <appendix> argL0 ; # org/junit/platform/launcher/core/ListenerRegistry$$Lambda+0x000002d701010430
instanceKlass org/junit/platform/launcher/listeners/session/LauncherSessionListeners
instanceKlass  @bci org/junit/platform/launcher/core/DefaultLauncherSession <init> (Ljava/util/List;Ljava/util/function/Supplier;Ljava/util/function/Function;)V 79 <appendix> member <vmtarget> ; # org/junit/platform/launcher/core/DefaultLauncherSession$$Lambda+0x000002d701010000
instanceKlass  @cpi org/apache/logging/log4j/util/StackLocator 265 form vmentry <vmtarget> ; # java/lang/invoke/LambdaForm$DMH+0x000002d701009c00
instanceKlass org/junit/platform/launcher/LauncherInterceptor$Invocation
instanceKlass java/util/stream/ReduceOps$Box
instanceKlass java/util/stream/ReduceOps$AccumulatingSink
instanceKlass java/util/stream/ReduceOps$ReduceOp
instanceKlass java/util/stream/ReduceOps
instanceKlass  @bci org/junit/platform/launcher/core/DefaultLauncherSession composite (Ljava/util/List;)Lorg/junit/platform/launcher/LauncherInterceptor; 35 <appendix> argL0 ; # org/junit/platform/launcher/core/DefaultLauncherSession$$Lambda+0x000002d70100ba30
instanceKlass java/util/function/BinaryOperator
instanceKlass java/util/stream/SliceOps
instanceKlass  @bci org/junit/platform/engine/support/store/NamespacedHierarchicalStore$CloseAction closeAutoCloseables ()Lorg/junit/platform/engine/support/store/NamespacedHierarchicalStore$CloseAction; 0 <appendix> argL0 ; # org/junit/platform/engine/support/store/NamespacedHierarchicalStore$CloseAction$$Lambda+0x000002d70100b810
instanceKlass  @cpi org/springframework/core/io/support/SpringFactoriesLoader 450 form vmentry <vmtarget> ; # java/lang/invoke/LambdaForm$DMH+0x000002d701009800
instanceKlass org/junit/platform/engine/support/store/NamespacedHierarchicalStore$CloseAction
instanceKlass org/junit/platform/engine/support/store/NamespacedHierarchicalStore$StoredValue
instanceKlass org/junit/platform/launcher/core/ClasspathAlignmentCheckingLauncherInterceptor
instanceKlass  @bci org/junit/platform/launcher/core/LauncherConfigurationParameters getBoolean (Ljava/lang/String;)Ljava/util/Optional; 5 <appendix> argL0 ; # org/junit/platform/launcher/core/LauncherConfigurationParameters$$Lambda+0x000002d70100ad38
instanceKlass org/junit/platform/launcher/core/DefaultLauncherSession$1
instanceKlass org/junit/platform/launcher/LauncherInterceptor
instanceKlass org/junit/platform/launcher/core/DefaultLauncherSession
instanceKlass java/util/concurrent/atomic/AtomicBoolean
instanceKlass org/junit/platform/engine/RegularCancellationToken
instanceKlass org/junit/platform/engine/CancellationToken
instanceKlass org/eclipse/jdt/internal/junit6/runner/JUnit6TestReference
instanceKlass org/junit/platform/launcher/core/DefaultDiscoveryRequest
instanceKlass  @bci org/junit/platform/launcher/core/LauncherDiscoveryRequestBuilder getOutputDirectoryCreator (Lorg/junit/platform/launcher/core/LauncherConfigurationParameters;)Lorg/junit/platform/engine/OutputDirectoryCreator; 17 <appendix> member <vmtarget> ; # org/junit/platform/launcher/core/LauncherDiscoveryRequestBuilder$$Lambda+0x000002d70100fa28
instanceKlass  @bci java/util/regex/Pattern negate (Ljava/util/regex/Pattern$CharPredicate;)Ljava/util/regex/Pattern$CharPredicate; 1 <appendix> member <vmtarget> ; # java/util/regex/Pattern$$Lambda+0x800000030
instanceKlass java/util/regex/ASCII
instanceKlass  @bci java/util/regex/Pattern union (Ljava/util/regex/Pattern$CharPredicate;Ljava/util/regex/Pattern$CharPredicate;Z)Ljava/util/regex/Pattern$CharPredicate; 14 <appendix> member <vmtarget> ; # java/util/regex/Pattern$$Lambda+0x000002d70104f838
instanceKlass  @bci java/util/regex/Pattern CIRange (II)Ljava/util/regex/Pattern$CharPredicate; 2 <appendix> member <vmtarget> ; # java/util/regex/Pattern$$Lambda+0x000002d70104f5d8
instanceKlass java/util/regex/Pattern$BitClass
instanceKlass org/junit/platform/launcher/core/HierarchicalOutputDirectoryCreator
instanceKlass  @bci org/junit/platform/launcher/listeners/discovery/LauncherDiscoveryListeners fromConfigurationParameter (Ljava/lang/String;Ljava/lang/String;)Lorg/junit/platform/launcher/LauncherDiscoveryListener; 32 <appendix> member <vmtarget> ; # org/junit/platform/launcher/listeners/discovery/LauncherDiscoveryListeners$$Lambda+0x000002d70100f5c0
instanceKlass org/junit/platform/launcher/LauncherDiscoveryListener$1
instanceKlass org/junit/platform/engine/EngineDiscoveryListener$1
instanceKlass org/junit/platform/launcher/listeners/discovery/AbortOnFailureLauncherDiscoveryListener
instanceKlass  @bci org/junit/platform/launcher/listeners/discovery/LauncherDiscoveryListeners fromConfigurationParameter (Ljava/lang/String;Ljava/lang/String;)Lorg/junit/platform/launcher/LauncherDiscoveryListener; 22 <appendix> argL0 ; # org/junit/platform/launcher/listeners/discovery/LauncherDiscoveryListeners$$Lambda+0x000002d70100ec40
instanceKlass  @bci org/junit/platform/launcher/listeners/discovery/LauncherDiscoveryListeners fromConfigurationParameter (Ljava/lang/String;Ljava/lang/String;)Lorg/junit/platform/launcher/LauncherDiscoveryListener; 7 <appendix> member <vmtarget> ; # org/junit/platform/launcher/listeners/discovery/LauncherDiscoveryListeners$$Lambda+0x000002d70100e9e8
instanceKlass  @bci org/junit/platform/launcher/listeners/discovery/LauncherDiscoveryListeners$LauncherDiscoveryListenerType <clinit> ()V 29 <appendix> argL0 ; # org/junit/platform/launcher/listeners/discovery/LauncherDiscoveryListeners$LauncherDiscoveryListenerType$$Lambda+0x000002d70100e5d0
instanceKlass  @bci org/junit/platform/launcher/listeners/discovery/LauncherDiscoveryListeners$LauncherDiscoveryListenerType <clinit> ()V 9 <appendix> argL0 ; # org/junit/platform/launcher/listeners/discovery/LauncherDiscoveryListeners$LauncherDiscoveryListenerType$$Lambda+0x000002d70100e3b0
instanceKlass  @bci org/junit/platform/launcher/core/LauncherConfigurationParameters getProperty (Ljava/lang/String;)Ljava/lang/String; 27 <appendix> argL0 ; # org/junit/platform/launcher/core/LauncherConfigurationParameters$$Lambda+0x000002d70100df18
instanceKlass  @bci org/junit/platform/launcher/core/LauncherConfigurationParameters getProperty (Ljava/lang/String;)Ljava/lang/String; 17 <appendix> member <vmtarget> ; # org/junit/platform/launcher/core/LauncherConfigurationParameters$$Lambda+0x000002d70100dcd0
instanceKlass  @bci org/junit/platform/launcher/core/LauncherDiscoveryRequestBuilder filters ([Lorg/junit/platform/engine/Filter;)Lorg/junit/platform/launcher/core/LauncherDiscoveryRequestBuilder; 19 <appendix> member <vmtarget> ; # org/junit/platform/launcher/core/LauncherDiscoveryRequestBuilder$$Lambda+0x000002d70100da98
instanceKlass  @cpi org/junit/jupiter/engine/extension/MutableExtensionRegistry 518 form vmentry <vmtarget> ; # java/lang/invoke/LambdaForm$DMH+0x000002d701009400
instanceKlass  @bci org/junit/platform/commons/util/Preconditions containsNoNullElements ([Ljava/lang/Object;Ljava/lang/String;)[Ljava/lang/Object; 9 <appendix> member <vmtarget> ; # org/junit/platform/commons/util/Preconditions$$Lambda+0x000002d70100d860
instanceKlass org/junit/platform/engine/Filter
instanceKlass  @bci org/junit/platform/commons/util/Preconditions containsNoNullElements (Ljava/util/Collection;Ljava/lang/String;)Ljava/util/Collection; 6 <appendix> member <vmtarget> ; # org/junit/platform/commons/util/Preconditions$$Lambda+0x000002d70100d230
instanceKlass org/junit/platform/engine/discovery/ClassSelector
instanceKlass org/junit/platform/engine/discovery/DiscoverySelectors
instanceKlass org/junit/platform/engine/DiscoverySelector
instanceKlass org/junit/platform/engine/OutputDirectoryCreator
instanceKlass org/junit/platform/launcher/LauncherDiscoveryRequest
instanceKlass org/junit/platform/engine/EngineDiscoveryRequest
instanceKlass org/junit/platform/launcher/core/LauncherDiscoveryRequestBuilder
instanceKlass com/gestion_de_note/gestion_de_note/GestionDeNoteApplicationTests
instanceKlass org/eclipse/jdt/internal/junit/runner/DefaultClassifier
instanceKlass org/eclipse/jdt/internal/junit/runner/TestExecution
instanceKlass sun/nio/ch/Util$BufferCache
instanceKlass sun/nio/ch/Util
instanceKlass java/io/PrintWriter$1
instanceKlass jdk/internal/access/JavaIOPrintWriterAccess
instanceKlass java/lang/invoke/VarHandle$AccessDescriptor
instanceKlass sun/nio/ch/NativeThread
instanceKlass sun/net/NetHooks
instanceKlass sun/net/spi/DefaultProxySelector$3
instanceKlass sun/net/spi/DefaultProxySelector$NonProxyInfo
instanceKlass sun/net/NetProperties$1
instanceKlass sun/net/NetProperties
instanceKlass sun/net/spi/DefaultProxySelector$1
instanceKlass java/net/Proxy
instanceKlass java/net/ProxySelector
instanceKlass java/net/SocksSocketImpl$3
instanceKlass  @bci sun/nio/ch/NioSocketImpl closerFor (Ljava/io/FileDescriptor;Z)Ljava/lang/Runnable; 5 <appendix> member <vmtarget> ; # sun/nio/ch/NioSocketImpl$$Lambda+0x000002d70104b698
instanceKlass  @cpi jdk/jfr/internal/TypeLibrary 827 form vmentry <vmtarget> ; # java/lang/invoke/LambdaForm$DMH+0x000002d701009000
instanceKlass java/util/Collections$UnmodifiableCollection$1
instanceKlass jdk/net/ExtendedSocketOptions$2
instanceKlass jdk/net/ExtendedSocketOptions$PlatformSocketOptions
instanceKlass jdk/net/ExtendedSocketOptions$ExtSocketOption
instanceKlass java/net/SocketOption
instanceKlass jdk/net/ExtendedSocketOptions
instanceKlass sun/net/ext/ExtendedSocketOptions
instanceKlass sun/nio/ch/Net$1
instanceKlass java/net/ProtocolFamily
instanceKlass sun/nio/ch/Net
instanceKlass java/net/SocksConsts
instanceKlass sun/nio/ch/IOUtil
instanceKlass sun/nio/ch/NativeDispatcher
instanceKlass sun/net/PlatformSocketImpl
instanceKlass java/net/SocketImpl
instanceKlass java/net/SocketOptions
instanceKlass java/net/InetSocketAddress$InetSocketAddressHolder
instanceKlass java/net/DefaultInterface
instanceKlass java/net/Inet6Address$Inet6AddressHolder
instanceKlass java/net/InterfaceAddress
instanceKlass java/net/NetworkInterface
instanceKlass java/net/InetAddress$PlatformResolver
instanceKlass java/net/spi/InetAddressResolver
instanceKlass java/net/spi/InetAddressResolver$LookupPolicy
instanceKlass java/net/Inet4AddressImpl
instanceKlass java/net/Inet6AddressImpl
instanceKlass java/net/InetAddressImpl
instanceKlass java/util/concurrent/ConcurrentSkipListMap$Node
instanceKlass java/util/concurrent/ConcurrentSkipListMap$Index
instanceKlass java/util/concurrent/ConcurrentNavigableMap
instanceKlass java/net/InetAddress$InetAddressHolder
instanceKlass java/net/InetAddress$1
instanceKlass jdk/internal/access/JavaNetInetAddressAccess
instanceKlass java/net/InetAddress
instanceKlass java/net/SocketAddress
instanceKlass java/lang/invoke/VarForm
instanceKlass java/lang/invoke/VarHandleGuards
instanceKlass java/lang/invoke/VarHandles
instanceKlass java/net/Socket
instanceKlass java/nio/charset/CoderResult
instanceKlass  @bci org/junit/platform/launcher/core/ListenerRegistry forTestExecutionListeners ()Lorg/junit/platform/launcher/core/ListenerRegistry; 0 <appendix> argL0 ; # org/junit/platform/launcher/core/ListenerRegistry$$Lambda+0x000002d7010073c0
instanceKlass org/junit/platform/launcher/core/CompositeTestExecutionListener
instanceKlass org/junit/platform/launcher/TestExecutionListener
instanceKlass  @bci org/junit/platform/launcher/core/ListenerRegistry forLauncherDiscoveryListeners ()Lorg/junit/platform/launcher/core/ListenerRegistry; 0 <appendix> argL0 ; # org/junit/platform/launcher/core/ListenerRegistry$$Lambda+0x000002d701006ce0
instanceKlass org/junit/platform/launcher/LauncherDiscoveryListener
instanceKlass org/junit/platform/engine/EngineDiscoveryListener
instanceKlass org/junit/platform/launcher/listeners/discovery/LauncherDiscoveryListeners
instanceKlass org/junit/platform/launcher/core/ListenerRegistry
instanceKlass org/junit/platform/launcher/core/LauncherListenerRegistry
instanceKlass  @bci org/junit/platform/launcher/core/LauncherFactory create (Lorg/junit/platform/launcher/core/LauncherConfig;)Lorg/junit/platform/launcher/Launcher; 32 <appendix> member <vmtarget> ; # org/junit/platform/launcher/core/LauncherFactory$$Lambda+0x000002d701006070
instanceKlass  @bci org/junit/platform/launcher/core/LauncherFactory create (Lorg/junit/platform/launcher/core/LauncherConfig;)Lorg/junit/platform/launcher/Launcher; 26 <appendix> member <vmtarget> ; # org/junit/platform/launcher/core/LauncherFactory$$Lambda+0x000002d701005e48
instanceKlass org/junit/platform/launcher/LauncherSessionListener
instanceKlass  @bci org/junit/platform/launcher/core/LauncherFactory create (Lorg/junit/platform/launcher/core/LauncherConfig;)Lorg/junit/platform/launcher/Launcher; 20 <appendix> member <vmtarget> ; # org/junit/platform/launcher/core/LauncherFactory$$Lambda+0x000002d701005a00
instanceKlass org/junit/platform/engine/support/store/NamespacedHierarchicalStore
instanceKlass org/junit/platform/launcher/core/SessionPerRequestLauncher
instanceKlass org/junit/platform/launcher/core/LauncherConfigurationParameters$ParameterProvider$3
instanceKlass org/junit/platform/commons/util/ClassLoaderUtils
instanceKlass  @bci java/util/regex/CharPredicates ASCII_SPACE ()Ljava/util/regex/Pattern$BmpCharPredicate; 0 <appendix> argL0 ; # java/util/regex/CharPredicates$$Lambda+0x800000025
instanceKlass java/util/regex/Pattern$TreeInfo
instanceKlass java/util/regex/Pattern$BmpCharPredicate
instanceKlass  @bci java/util/regex/CharPredicates CONTROL ()Ljava/util/regex/Pattern$CharPredicate; 0 <appendix> argL0 ; # java/util/regex/CharPredicates$$Lambda+0x000002d7010456a8
instanceKlass java/util/regex/Pattern$CharPredicate
instanceKlass java/util/regex/CharPredicates
instanceKlass java/util/regex/Pattern$Node
instanceKlass java/util/regex/Pattern
instanceKlass org/junit/platform/commons/util/StringUtils$TwoPartSplitResult
instanceKlass org/junit/platform/commons/util/StringUtils
instanceKlass org/junit/platform/launcher/core/LauncherConfigurationParameters$ParameterProvider$2
instanceKlass org/junit/platform/launcher/core/LauncherConfigurationParameters$ParameterProvider
instanceKlass org/junit/platform/commons/util/CollectionUtils
instanceKlass  @bci org/junit/platform/launcher/core/LauncherConfigurationParameters$Builder build ()Lorg/junit/platform/launcher/core/LauncherConfigurationParameters; 39 <appendix> member <vmtarget> ; # org/junit/platform/launcher/core/LauncherConfigurationParameters$Builder$$Lambda+0x000002d701004490
instanceKlass  @cpi org/apache/logging/log4j/util/PropertiesUtil$Environment 294 form vmentry <vmtarget> ; # java/lang/invoke/LambdaForm$DMH+0x000002d701008c00
instanceKlass org/junit/platform/launcher/core/LauncherConfigurationParameters$Builder
instanceKlass jdk/internal/logger/DefaultLoggerFinder$1
instanceKlass java/util/logging/Logger$SystemLoggerHelper$1
instanceKlass java/util/logging/Logger$SystemLoggerHelper
instanceKlass java/util/logging/LogManager$4
instanceKlass jdk/internal/logger/BootstrapLogger$BootstrapExecutors
instanceKlass jdk/internal/logger/BootstrapLogger$RedirectedLoggers
instanceKlass java/util/ServiceLoader$ProviderImpl
instanceKlass java/util/ServiceLoader$Provider
instanceKlass java/util/ServiceLoader$1
instanceKlass java/util/concurrent/CopyOnWriteArrayList$COWIterator
instanceKlass jdk/internal/loader/URLClassPath$1
instanceKlass java/lang/CompoundEnumeration
instanceKlass jdk/internal/loader/BuiltinClassLoader$1
instanceKlass java/util/Collections$EmptyEnumeration
instanceKlass java/util/Collections$EmptyIterator
instanceKlass jdk/internal/jimage/ImageLocation
instanceKlass jdk/internal/jimage/decompressor/Decompressor
instanceKlass jdk/internal/jimage/ImageStringsReader
instanceKlass jdk/internal/jimage/ImageStrings
instanceKlass jdk/internal/jimage/ImageHeader
instanceKlass jdk/internal/jimage/NativeImageBuffer$1
instanceKlass jdk/internal/jimage/NativeImageBuffer
instanceKlass jdk/internal/jimage/BasicImageReader$1
instanceKlass jdk/internal/jimage/BasicImageReader
instanceKlass jdk/internal/jimage/ImageReader
instanceKlass jdk/internal/jimage/ImageReaderFactory$1
instanceKlass jdk/internal/jimage/ImageReaderFactory
instanceKlass jdk/internal/module/SystemModuleFinders$SystemImage
instanceKlass jdk/internal/module/SystemModuleFinders$SystemModuleReader
instanceKlass java/lang/module/ModuleReader
instanceKlass jdk/internal/loader/BuiltinClassLoader$5
instanceKlass jdk/internal/loader/BuiltinClassLoader$2
instanceKlass jdk/internal/module/Resources
instanceKlass java/util/ServiceLoader$3
instanceKlass java/util/ServiceLoader$2
instanceKlass java/util/ServiceLoader$LazyClassPathLookupIterator
instanceKlass java/util/Spliterators$1Adapter
instanceKlass java/util/Spliterators$ArraySpliterator
instanceKlass java/util/Spliterator$OfDouble
instanceKlass java/util/Spliterator$OfLong
instanceKlass java/util/Spliterator$OfInt
instanceKlass java/util/Spliterator$OfPrimitive
instanceKlass java/util/Spliterators$EmptySpliterator
instanceKlass java/util/Spliterators
instanceKlass java/util/ServiceLoader$ModuleServicesLookupIterator
instanceKlass java/util/ServiceLoader
instanceKlass jdk/internal/logger/BootstrapLogger$DetectBackend$1
instanceKlass jdk/internal/logger/BootstrapLogger$DetectBackend
instanceKlass jdk/internal/logger/BootstrapLogger
instanceKlass sun/util/logging/PlatformLogger$ConfigurableBridge
instanceKlass sun/util/logging/PlatformLogger$Bridge
instanceKlass java/lang/System$Logger
instanceKlass java/util/stream/Streams
instanceKlass java/util/stream/Stream$Builder
instanceKlass java/util/stream/Streams$AbstractStreamBuilderImpl
instanceKlass java/util/stream/Sink$ChainedReference
instanceKlass  @bci java/util/stream/FindOps$FindSink$OfRef <clinit> ()V 43 <appendix> argL0 ; # java/util/stream/FindOps$FindSink$OfRef$$Lambda+0x800000047
instanceKlass  @bci java/util/stream/FindOps$FindSink$OfRef <clinit> ()V 38 <appendix> argL0 ; # java/util/stream/FindOps$FindSink$OfRef$$Lambda+0x800000049
instanceKlass  @bci java/util/stream/FindOps$FindSink$OfRef <clinit> ()V 16 <appendix> argL0 ; # java/util/stream/FindOps$FindSink$OfRef$$Lambda+0x800000048
instanceKlass  @bci java/util/stream/FindOps$FindSink$OfRef <clinit> ()V 11 <appendix> argL0 ; # java/util/stream/FindOps$FindSink$OfRef$$Lambda+0x80000004a
instanceKlass java/util/stream/FindOps$FindOp
instanceKlass java/util/stream/TerminalOp
instanceKlass java/util/stream/FindOps$FindSink
instanceKlass java/util/stream/TerminalSink
instanceKlass java/util/stream/Sink
instanceKlass java/util/function/Consumer
instanceKlass java/util/stream/FindOps
instanceKlass  @bci java/util/logging/Level$KnownLevel findByName (Ljava/lang/String;Ljava/util/function/Function;)Ljava/util/Optional; 29 <appendix> argL0 ; # java/util/logging/Level$KnownLevel$$Lambda+0x800000022
# instanceKlass java/lang/invoke/LambdaForm$MH+0x000002d701008800
instanceKlass sun/reflect/annotation/AnnotationParser
instanceKlass java/lang/Class$3
instanceKlass java/util/EnumMap$1
instanceKlass java/util/stream/StreamOpFlag$MaskBuilder
instanceKlass java/util/stream/Stream
instanceKlass java/util/stream/BaseStream
instanceKlass java/util/stream/PipelineHelper
instanceKlass java/util/stream/StreamSupport
instanceKlass java/util/ArrayList$ArrayListSpliterator
instanceKlass java/util/Spliterator
instanceKlass  @bci java/util/logging/Level findLevel (Ljava/lang/String;)Ljava/util/logging/Level; 13 <appendix> argL0 ; # java/util/logging/Level$$Lambda+0x800000010
instanceKlass java/util/Hashtable$Enumerator
instanceKlass java/util/Collections$SynchronizedCollection
instanceKlass java/util/Properties$EntrySet
instanceKlass java/util/Collections$3
instanceKlass java/util/logging/LogManager$LoggerContext$1
instanceKlass java/util/logging/LogManager$VisitedLoggers
instanceKlass java/util/function/Predicate
instanceKlass  @bci org/springframework/util/StringUtils cleanPath (Ljava/lang/String;)Ljava/lang/String; 118 <appendix> form vmentry <vmtarget> ; # java/lang/invoke/LambdaForm$MH+0x000002d701008400
instanceKlass java/net/URI$Parser
instanceKlass java/nio/file/FileSystems$DefaultFileSystemHolder$1
instanceKlass java/nio/file/FileSystems$DefaultFileSystemHolder
instanceKlass java/nio/file/FileSystems
instanceKlass java/nio/file/Paths
instanceKlass java/util/logging/LogManager$2
instanceKlass java/lang/System$LoggerFinder
instanceKlass java/security/Security$1
instanceKlass jdk/internal/access/JavaSecurityPropertiesAccess
instanceKlass java/util/concurrent/ConcurrentHashMap$MapEntry
instanceKlass java/util/Properties$LineReader
instanceKlass  @bci java/security/Security <clinit> ()V 9 <appendix> argL0 ; # java/security/Security$$Lambda+0x80000000b
instanceKlass java/security/Security
instanceKlass sun/security/util/SecurityProperties
instanceKlass sun/security/util/FilePermCompat
instanceKlass java/util/logging/LogManager$LoggingProviderAccess
instanceKlass sun/util/logging/internal/LoggingProviderImpl$LogManagerAccess
instanceKlass java/lang/Shutdown$Lock
instanceKlass java/lang/Shutdown
instanceKlass java/lang/ApplicationShutdownHooks$1
instanceKlass java/lang/ApplicationShutdownHooks
instanceKlass java/util/Collections$SynchronizedMap
instanceKlass java/util/logging/LogManager$LogNode
instanceKlass java/util/logging/LogManager$LoggerContext
instanceKlass java/util/logging/LogManager$1
instanceKlass java/util/logging/LogManager
instanceKlass java/util/logging/Logger$ConfigurationData
instanceKlass java/util/logging/Logger$LoggerBundle
instanceKlass  @bci java/util/logging/Level$KnownLevel add (Ljava/util/logging/Level;)V 49 <appendix> argL0 ; # java/util/logging/Level$KnownLevel$$Lambda+0x800000021
instanceKlass  @bci org/springframework/core/io/support/SpringFactoriesLoader forResourceLocation (Ljava/lang/String;Ljava/lang/ClassLoader;)Lorg/springframework/core/io/support/SpringFactoriesLoader; 24 <appendix> form vmentry <vmtarget> ; # java/lang/invoke/LambdaForm$MH+0x000002d701008000
instanceKlass java/lang/invoke/MethodHandles$Lookup$ClassDefiner
instanceKlass java/lang/invoke/MethodHandles$Lookup$ClassFile
instanceKlass jdk/internal/org/objectweb/asm/Handler
instanceKlass jdk/internal/org/objectweb/asm/Attribute
instanceKlass jdk/internal/org/objectweb/asm/FieldVisitor
instanceKlass java/util/ArrayList$Itr
instanceKlass java/lang/invoke/InvokerBytecodeGenerator$ClassData
instanceKlass jdk/internal/org/objectweb/asm/AnnotationVisitor
instanceKlass jdk/internal/org/objectweb/asm/Frame
instanceKlass jdk/internal/org/objectweb/asm/Label
instanceKlass jdk/internal/org/objectweb/asm/MethodVisitor
instanceKlass java/lang/invoke/LambdaFormBuffer
instanceKlass java/lang/invoke/LambdaFormEditor$TransformKey
instanceKlass java/lang/invoke/LambdaFormEditor
instanceKlass java/lang/invoke/DelegatingMethodHandle$Holder
instanceKlass java/lang/invoke/DirectMethodHandle$2
instanceKlass java/lang/invoke/ClassSpecializer$Factory
instanceKlass java/lang/invoke/ClassSpecializer$SpeciesData
instanceKlass java/lang/invoke/ClassSpecializer$1
instanceKlass java/lang/invoke/ClassSpecializer
instanceKlass  @bci java/util/logging/Level$KnownLevel add (Ljava/util/logging/Level;)V 19 <appendix> argL0 ; # java/util/logging/Level$KnownLevel$$Lambda+0x800000020
instanceKlass java/lang/invoke/LambdaProxyClassArchive
instanceKlass jdk/internal/org/objectweb/asm/ByteVector
instanceKlass jdk/internal/org/objectweb/asm/Symbol
instanceKlass jdk/internal/org/objectweb/asm/SymbolTable
instanceKlass jdk/internal/org/objectweb/asm/ClassVisitor
instanceKlass java/lang/invoke/InfoFromMemberName
instanceKlass java/lang/invoke/MethodHandleInfo
instanceKlass jdk/internal/org/objectweb/asm/ConstantDynamic
instanceKlass sun/invoke/util/BytecodeDescriptor
instanceKlass jdk/internal/org/objectweb/asm/Handle
instanceKlass sun/security/action/GetBooleanAction
instanceKlass jdk/internal/org/objectweb/asm/Type
instanceKlass java/lang/invoke/AbstractValidatingLambdaMetafactory
instanceKlass java/lang/invoke/BootstrapMethodInvoker
instanceKlass sun/invoke/util/ValueConversions
instanceKlass java/lang/invoke/LambdaMetafactory
instanceKlass java/util/logging/Level
instanceKlass java/util/logging/Handler
instanceKlass java/util/logging/Logger
instanceKlass org/junit/platform/commons/logging/LoggerFactory$DelegatingLogger
instanceKlass org/junit/platform/commons/logging/Logger
instanceKlass org/junit/platform/commons/logging/LoggerFactory
instanceKlass org/junit/platform/launcher/core/LauncherConfigurationParameters
instanceKlass org/junit/platform/commons/util/Preconditions
instanceKlass java/util/Collections$UnmodifiableCollection
instanceKlass org/junit/platform/launcher/core/DefaultLauncherConfig
instanceKlass org/junit/platform/launcher/core/LauncherConfig$Builder
instanceKlass org/junit/platform/launcher/core/LauncherConfig
instanceKlass org/junit/platform/launcher/LauncherSession
instanceKlass org/junit/platform/engine/ConfigurationParameters
instanceKlass java/util/zip/Checksum$1
instanceKlass java/util/zip/CRC32
instanceKlass java/util/zip/Checksum
instanceKlass org/junit/platform/launcher/Launcher
instanceKlass org/junit/platform/launcher/core/LauncherFactory
instanceKlass java/lang/invoke/Invokers$Holder
instanceKlass java/lang/invoke/Invokers
instanceKlass sun/invoke/empty/Empty
instanceKlass sun/invoke/util/VerifyType
instanceKlass java/lang/invoke/InvokerBytecodeGenerator$1
instanceKlass java/lang/invoke/InvokerBytecodeGenerator
instanceKlass java/lang/invoke/LambdaForm$Holder
instanceKlass java/lang/invoke/LambdaForm$Name
instanceKlass java/lang/invoke/DirectMethodHandle$Holder
instanceKlass java/lang/invoke/MethodTypeForm
instanceKlass jdk/internal/util/StrongReferenceKey
instanceKlass jdk/internal/util/ReferenceKey
instanceKlass jdk/internal/util/ReferencedKeyMap
instanceKlass java/lang/invoke/MethodType$1
instanceKlass sun/invoke/util/Wrapper$Format
instanceKlass java/lang/invoke/MethodHandleImpl$1
instanceKlass jdk/internal/access/JavaLangInvokeAccess
instanceKlass java/lang/invoke/LambdaForm$NamedFunction
instanceKlass java/lang/invoke/MethodHandleImpl
instanceKlass jdk/internal/reflect/MethodHandleAccessorFactory$LazyStaticHolder
instanceKlass org/eclipse/jdt/internal/junit/runner/ITestReference
instanceKlass org/eclipse/jdt/internal/junit6/runner/JUnit6TestLoader
instanceKlass org/eclipse/jdt/internal/junit/runner/TestIdMap
instanceKlass java/lang/Void
instanceKlass java/lang/PublicMethods$Key
instanceKlass java/lang/PublicMethods$MethodList
instanceKlass org/eclipse/jdt/internal/junit/runner/FirstRunExecutionListener
instanceKlass org/eclipse/jdt/internal/junit/runner/RemoteTestRunner$RerunRequest
instanceKlass org/eclipse/jdt/internal/junit/runner/ITestLoader
instanceKlass org/eclipse/jdt/internal/junit/runner/ITestIdentifier
instanceKlass org/eclipse/jdt/internal/junit/runner/IClassifiesThrowables
instanceKlass java/io/Reader
instanceKlass java/lang/Readable
instanceKlass org/eclipse/jdt/internal/junit/runner/IListensToTestExecutions
instanceKlass jdk/internal/misc/PreviewFeatures
instanceKlass jdk/internal/misc/MainMethodFinder
instanceKlass org/eclipse/jdt/internal/junit/runner/RemoteTestRunner
instanceKlass org/eclipse/jdt/internal/junit/runner/IVisitsTestTrees
instanceKlass org/eclipse/jdt/internal/junit/runner/MessageSender
instanceKlass java/security/SecureClassLoader$DebugHolder
instanceKlass java/security/Permission
instanceKlass java/security/Guard
instanceKlass java/security/PermissionCollection
instanceKlass java/security/SecureClassLoader$1
instanceKlass java/io/FileInputStream$1
instanceKlass sun/nio/ByteBuffered
instanceKlass java/lang/Package$VersionInfo
instanceKlass java/lang/NamedPackage
instanceKlass jdk/internal/loader/Resource
instanceKlass java/util/TreeMap$PrivateEntryIterator
instanceKlass java/util/TreeMap$Entry
instanceKlass java/util/NavigableMap
instanceKlass java/util/SortedMap
instanceKlass java/util/NavigableSet
instanceKlass java/util/SortedSet
instanceKlass java/util/SequencedSet
instanceKlass java/lang/reflect/Array
instanceKlass java/util/jar/Attributes$Name
instanceKlass java/util/SequencedMap
instanceKlass java/util/jar/Attributes
instanceKlass sun/security/action/GetIntegerAction
instanceKlass sun/security/util/Debug
instanceKlass sun/security/util/SignatureFileVerifier
instanceKlass java/util/zip/ZipFile$InflaterCleanupAction
instanceKlass java/util/zip/Inflater$InflaterZStreamRef
instanceKlass java/util/zip/Inflater
instanceKlass java/util/zip/ZipEntry
instanceKlass java/util/zip/ZipFile$2
instanceKlass java/nio/Bits$1
instanceKlass jdk/internal/misc/VM$BufferPool
instanceKlass java/nio/Bits
instanceKlass sun/nio/ch/DirectBuffer
instanceKlass jdk/internal/perf/PerfCounter$CoreCounters
instanceKlass jdk/internal/perf/Perf
instanceKlass jdk/internal/perf/Perf$GetPerfAction
instanceKlass jdk/internal/perf/PerfCounter
instanceKlass sun/util/locale/LocaleUtils
instanceKlass sun/util/locale/BaseLocale
instanceKlass java/util/Locale
instanceKlass java/nio/file/attribute/FileTime
instanceKlass java/util/zip/ZipUtils
instanceKlass java/util/zip/ZipFile$Source$End
instanceKlass java/io/RandomAccessFile$2
instanceKlass jdk/internal/access/JavaIORandomAccessFileAccess
instanceKlass java/io/RandomAccessFile
instanceKlass java/io/DataInput
instanceKlass java/io/DataOutput
instanceKlass sun/nio/fs/WindowsNativeDispatcher$CompletionStatus
instanceKlass sun/nio/fs/WindowsNativeDispatcher$AclInformation
instanceKlass sun/nio/fs/WindowsNativeDispatcher$Account
instanceKlass sun/nio/fs/WindowsNativeDispatcher$DiskFreeSpace
instanceKlass sun/nio/fs/WindowsNativeDispatcher$VolumeInformation
instanceKlass sun/nio/fs/WindowsNativeDispatcher$FirstStream
instanceKlass sun/nio/fs/WindowsNativeDispatcher$FirstFile
instanceKlass java/util/Enumeration
instanceKlass java/util/concurrent/ConcurrentHashMap$Traverser
instanceKlass jdk/internal/loader/NativeLibraries$3
instanceKlass jdk/internal/loader/NativeLibrary
instanceKlass java/util/ArrayDeque$DeqIterator
instanceKlass jdk/internal/loader/NativeLibraries$NativeLibraryContext$1
instanceKlass jdk/internal/loader/NativeLibraries$NativeLibraryContext
instanceKlass jdk/internal/loader/NativeLibraries$2
instanceKlass jdk/internal/loader/NativeLibraries$1
instanceKlass jdk/internal/loader/NativeLibraries$LibraryPaths
instanceKlass sun/nio/fs/WindowsNativeDispatcher
instanceKlass sun/nio/fs/NativeBuffer$Deallocator
instanceKlass sun/nio/fs/NativeBuffer
instanceKlass java/lang/ThreadLocal$ThreadLocalMap
instanceKlass java/lang/ThreadLocal
instanceKlass sun/nio/fs/NativeBuffers
instanceKlass sun/nio/fs/WindowsFileAttributes
instanceKlass java/nio/file/attribute/DosFileAttributes
instanceKlass sun/nio/fs/AbstractBasicFileAttributeView
instanceKlass sun/nio/fs/DynamicFileAttributeView
instanceKlass sun/nio/fs/WindowsFileAttributeViews
instanceKlass sun/nio/fs/Util
instanceKlass java/nio/file/attribute/BasicFileAttributeView
instanceKlass java/nio/file/attribute/FileAttributeView
instanceKlass java/nio/file/attribute/AttributeView
instanceKlass java/nio/file/Files
instanceKlass java/util/concurrent/ForkJoinPool$ManagedBlocker
instanceKlass java/nio/file/CopyOption
instanceKlass java/nio/file/attribute/BasicFileAttributes
instanceKlass java/util/concurrent/locks/AbstractQueuedSynchronizer$Node
instanceKlass sun/nio/fs/WindowsPath
instanceKlass java/nio/file/Path
instanceKlass java/nio/file/Watchable
instanceKlass java/util/zip/ZipFile$Source$Key
instanceKlass sun/nio/fs/WindowsPathParser$Result
instanceKlass sun/nio/fs/WindowsPathParser
instanceKlass java/nio/file/FileSystem
instanceKlass java/nio/file/OpenOption
instanceKlass java/nio/file/spi/FileSystemProvider
instanceKlass sun/nio/fs/DefaultFileSystemProvider
instanceKlass java/util/zip/ZipFile$Source
instanceKlass java/lang/ref/Cleaner$Cleanable
instanceKlass jdk/internal/ref/CleanerImpl
instanceKlass java/lang/ref/Cleaner$1
instanceKlass java/lang/ref/Cleaner
instanceKlass jdk/internal/ref/CleanerFactory$1
instanceKlass java/util/concurrent/ThreadFactory
instanceKlass jdk/internal/ref/CleanerFactory
instanceKlass java/util/zip/ZipCoder
instanceKlass java/util/zip/ZipFile$CleanableResource
instanceKlass java/lang/Runtime$Version
instanceKlass java/util/jar/JavaUtilJarAccessImpl
instanceKlass jdk/internal/access/JavaUtilJarAccess
instanceKlass jdk/internal/loader/FileURLMapper
instanceKlass jdk/internal/loader/URLClassPath$JarLoader$1
instanceKlass java/util/zip/ZipFile$1
instanceKlass jdk/internal/access/JavaUtilZipFileAccess
instanceKlass java/util/zip/ZipFile
instanceKlass java/util/zip/ZipConstants
instanceKlass jdk/internal/loader/URLClassPath$Loader
instanceKlass jdk/internal/loader/URLClassPath$3
instanceKlass java/security/PrivilegedExceptionAction
instanceKlass sun/net/util/URLUtil
instanceKlass java/lang/StringCoding
instanceKlass sun/nio/cs/ArrayDecoder
instanceKlass java/nio/charset/CharsetDecoder
instanceKlass sun/launcher/LauncherHelper
instanceKlass java/lang/invoke/StringConcatFactory
instanceKlass java/lang/ModuleLayer$Controller
instanceKlass java/util/concurrent/CopyOnWriteArrayList
instanceKlass jdk/internal/module/ServicesCatalog$ServiceProvider
instanceKlass jdk/internal/loader/AbstractClassLoaderValue$Memoizer
instanceKlass java/util/ImmutableCollections$ListItr
instanceKlass java/util/ListIterator
instanceKlass java/lang/ModuleLayer
instanceKlass jdk/internal/module/ModuleLoaderMap$Modules
instanceKlass jdk/internal/module/ModuleLoaderMap$Mapper
instanceKlass jdk/internal/module/ModuleLoaderMap
instanceKlass java/util/AbstractMap$1$1
instanceKlass java/lang/module/ResolvedModule
instanceKlass java/lang/module/Configuration
instanceKlass jdk/internal/loader/BuiltinClassLoader$LoadedModule
instanceKlass jdk/internal/loader/AbstractClassLoaderValue
instanceKlass jdk/internal/module/ServicesCatalog
instanceKlass java/util/Deque
instanceKlass java/util/Queue
instanceKlass sun/net/util/IPAddressUtil$MASKS
instanceKlass sun/net/util/IPAddressUtil
instanceKlass java/net/URLStreamHandler
instanceKlass sun/net/www/ParseUtil
instanceKlass java/net/URL$3
instanceKlass jdk/internal/access/JavaNetURLAccess
instanceKlass java/net/URL$DefaultFactory
instanceKlass java/net/URLStreamHandlerFactory
instanceKlass jdk/internal/loader/URLClassPath
instanceKlass java/security/Principal
instanceKlass java/security/ProtectionDomain$Key
instanceKlass java/security/ProtectionDomain$JavaSecurityAccessImpl
instanceKlass jdk/internal/access/JavaSecurityAccess
instanceKlass java/lang/ClassLoader$ParallelLoaders
instanceKlass java/security/cert/Certificate
instanceKlass jdk/internal/loader/ArchivedClassLoaders
instanceKlass java/util/concurrent/ConcurrentHashMap$CollectionView
instanceKlass jdk/internal/loader/ClassLoaderHelper
instanceKlass jdk/internal/loader/NativeLibraries
instanceKlass java/lang/Module$EnableNativeAccess
instanceKlass jdk/internal/loader/BootLoader
instanceKlass java/util/Optional
instanceKlass jdk/internal/module/SystemModuleFinders$SystemModuleFinder
instanceKlass java/lang/module/ModuleFinder
instanceKlass jdk/internal/module/SystemModuleFinders$3
instanceKlass jdk/internal/module/ModuleHashes$HashSupplier
instanceKlass jdk/internal/module/SystemModuleFinders$2
instanceKlass java/util/function/Supplier
instanceKlass java/lang/module/ModuleReference
instanceKlass jdk/internal/module/ModuleResolution
instanceKlass java/util/Collections$UnmodifiableMap
instanceKlass jdk/internal/module/ModuleHashes$Builder
instanceKlass jdk/internal/module/ModuleHashes
instanceKlass jdk/internal/module/ModuleTarget
instanceKlass java/util/ImmutableCollections$Set12$1
instanceKlass java/lang/reflect/AccessFlag$18
instanceKlass java/lang/reflect/AccessFlag$17
instanceKlass java/lang/reflect/AccessFlag$16
instanceKlass java/lang/reflect/AccessFlag$15
instanceKlass java/lang/reflect/AccessFlag$14
instanceKlass java/lang/reflect/AccessFlag$13
instanceKlass java/lang/reflect/AccessFlag$12
instanceKlass java/lang/reflect/AccessFlag$11
instanceKlass java/lang/reflect/AccessFlag$10
instanceKlass java/lang/reflect/AccessFlag$9
instanceKlass java/lang/reflect/AccessFlag$8
instanceKlass java/lang/reflect/AccessFlag$7
instanceKlass java/lang/reflect/AccessFlag$6
instanceKlass java/lang/reflect/AccessFlag$5
instanceKlass java/lang/reflect/AccessFlag$4
instanceKlass java/lang/reflect/AccessFlag$3
instanceKlass java/lang/reflect/AccessFlag$2
instanceKlass java/lang/reflect/AccessFlag$1
instanceKlass java/lang/module/ModuleDescriptor$Version
instanceKlass java/lang/module/ModuleDescriptor$Provides
instanceKlass java/lang/module/ModuleDescriptor$Opens
instanceKlass java/util/ImmutableCollections$SetN$SetNIterator
instanceKlass java/lang/module/ModuleDescriptor$Exports
instanceKlass java/lang/module/ModuleDescriptor$Requires
instanceKlass jdk/internal/module/Builder
instanceKlass jdk/internal/module/SystemModules$default
instanceKlass jdk/internal/module/SystemModules
instanceKlass jdk/internal/module/SystemModulesMap
instanceKlass java/net/URI$1
instanceKlass jdk/internal/access/JavaNetUriAccess
instanceKlass java/net/URI
instanceKlass jdk/internal/module/SystemModuleFinders
instanceKlass jdk/internal/module/ArchivedModuleGraph
instanceKlass jdk/internal/module/ArchivedBootLayer
instanceKlass jdk/internal/module/ModuleBootstrap$Counters
instanceKlass jdk/internal/module/ModulePatcher
instanceKlass java/io/FileSystem
instanceKlass java/io/DefaultFileSystem
instanceKlass java/io/File
instanceKlass java/lang/module/ModuleDescriptor$1
instanceKlass jdk/internal/access/JavaLangModuleAccess
instanceKlass sun/invoke/util/VerifyAccess
instanceKlass java/util/KeyValueHolder
instanceKlass java/util/ImmutableCollections$MapN$MapNIterator
instanceKlass java/lang/StrictMath
instanceKlass java/lang/invoke/MethodHandles$Lookup
instanceKlass java/lang/invoke/MemberName$Factory
instanceKlass java/lang/invoke/MethodHandles
instanceKlass java/lang/module/ModuleDescriptor
instanceKlass jdk/internal/module/ModuleBootstrap
instanceKlass java/lang/Character$CharacterCache
instanceKlass java/util/HexFormat
instanceKlass jdk/internal/util/ClassFileDumper
instanceKlass sun/security/action/GetPropertyAction
instanceKlass java/lang/invoke/MethodHandleStatics
instanceKlass jdk/internal/misc/Blocker
instanceKlass java/util/concurrent/locks/AbstractQueuedSynchronizer$ConditionObject
instanceKlass java/util/concurrent/locks/Condition
instanceKlass java/util/Collections
instanceKlass java/lang/Thread$ThreadIdentifiers
instanceKlass sun/io/Win32ErrorMode
instanceKlass jdk/internal/misc/OSEnvironment
instanceKlass java/lang/Integer$IntegerCache
instanceKlass jdk/internal/misc/Signal$NativeHandler
instanceKlass java/util/Hashtable$Entry
instanceKlass jdk/internal/misc/Signal
instanceKlass java/lang/Terminator$1
instanceKlass jdk/internal/misc/Signal$Handler
instanceKlass java/lang/Terminator
instanceKlass java/nio/ByteOrder
instanceKlass java/nio/Buffer$2
instanceKlass jdk/internal/access/JavaNioAccess
instanceKlass java/nio/Buffer$1
instanceKlass jdk/internal/misc/ScopedMemoryAccess
instanceKlass java/nio/charset/CodingErrorAction
instanceKlass sun/nio/cs/SingleByte
instanceKlass java/lang/StringUTF16
instanceKlass sun/nio/cs/MS1252$Holder
instanceKlass sun/nio/cs/ArrayEncoder
instanceKlass java/nio/charset/CharsetEncoder
instanceKlass java/io/Writer
instanceKlass java/io/PrintStream$1
instanceKlass jdk/internal/access/JavaIOPrintStreamAccess
instanceKlass jdk/internal/misc/InternalLock
instanceKlass java/io/OutputStream
instanceKlass java/io/Flushable
instanceKlass java/io/FileDescriptor$1
instanceKlass jdk/internal/access/JavaIOFileDescriptorAccess
instanceKlass java/io/FileDescriptor
instanceKlass jdk/internal/util/StaticProperty
instanceKlass jdk/internal/reflect/MethodHandleAccessorFactory
instanceKlass java/lang/reflect/Modifier
instanceKlass java/lang/Class$1
instanceKlass java/lang/Class$Atomic
instanceKlass java/lang/Class$ReflectionData
instanceKlass java/nio/charset/StandardCharsets
instanceKlass sun/nio/cs/HistoricallyNamedCharset
instanceKlass java/nio/charset/spi/CharsetProvider
instanceKlass java/nio/charset/Charset
instanceKlass java/util/HashMap$HashIterator
instanceKlass java/util/concurrent/locks/LockSupport
instanceKlass java/util/concurrent/ConcurrentHashMap$Node
instanceKlass java/util/concurrent/ConcurrentHashMap$CounterCell
instanceKlass java/util/concurrent/locks/ReentrantLock
instanceKlass java/util/concurrent/locks/Lock
instanceKlass java/lang/CharacterData
instanceKlass java/util/Arrays
instanceKlass jdk/internal/util/Preconditions$3
instanceKlass jdk/internal/util/Preconditions$2
instanceKlass jdk/internal/util/Preconditions$4
instanceKlass java/util/function/BiFunction
instanceKlass jdk/internal/util/Preconditions$1
instanceKlass java/util/function/Function
instanceKlass jdk/internal/util/Preconditions
instanceKlass java/lang/Runtime
instanceKlass java/lang/VersionProps
instanceKlass java/lang/StringConcatHelper
instanceKlass java/util/HashMap$Node
instanceKlass java/util/Map$Entry
instanceKlass jdk/internal/util/ArraysSupport
instanceKlass jdk/internal/util/SystemProps$Raw
instanceKlass jdk/internal/util/SystemProps
instanceKlass java/lang/System$2
instanceKlass jdk/internal/access/JavaLangAccess
instanceKlass java/lang/ref/NativeReferenceQueue$Lock
instanceKlass java/lang/ref/ReferenceQueue
instanceKlass java/lang/ref/Reference$1
instanceKlass jdk/internal/access/JavaLangRefAccess
instanceKlass jdk/internal/reflect/ReflectionFactory
instanceKlass java/lang/Math
instanceKlass java/lang/StringLatin1
instanceKlass jdk/internal/reflect/Reflection
instanceKlass jdk/internal/reflect/ReflectionFactory$GetReflectionFactoryAction
instanceKlass java/security/PrivilegedAction
instanceKlass jdk/internal/access/SharedSecrets
instanceKlass java/lang/reflect/ReflectAccess
instanceKlass jdk/internal/access/JavaLangReflectAccess
instanceKlass java/util/ImmutableCollections
instanceKlass java/util/Objects
instanceKlass java/util/Set
instanceKlass jdk/internal/misc/CDS
instanceKlass java/lang/Module$ArchivedData
instanceKlass jdk/internal/misc/VM
instanceKlass java/lang/String$CaseInsensitiveComparator
instanceKlass java/util/Comparator
instanceKlass java/io/ObjectStreamField
instanceKlass jdk/internal/vm/FillerObject
instanceKlass jdk/internal/vm/vector/VectorSupport$VectorPayload
instanceKlass jdk/internal/vm/vector/VectorSupport
instanceKlass java/lang/reflect/RecordComponent
instanceKlass java/util/Iterator
instanceKlass java/lang/Number
instanceKlass java/lang/Character
instanceKlass java/lang/Boolean
instanceKlass java/util/concurrent/locks/AbstractOwnableSynchronizer
instanceKlass java/lang/LiveStackFrame
instanceKlass java/lang/StackFrameInfo
instanceKlass java/lang/StackWalker$StackFrame
instanceKlass java/lang/StackStreamFactory$AbstractStackWalker
instanceKlass java/lang/StackWalker
instanceKlass java/nio/Buffer
instanceKlass java/lang/StackTraceElement
instanceKlass java/util/RandomAccess
instanceKlass java/util/List
instanceKlass java/util/SequencedCollection
instanceKlass java/util/AbstractCollection
instanceKlass java/util/Collection
instanceKlass java/lang/Iterable
instanceKlass java/util/concurrent/ConcurrentMap
instanceKlass java/util/AbstractMap
instanceKlass java/security/CodeSource
instanceKlass jdk/internal/loader/ClassLoaders
instanceKlass java/util/jar/Manifest
instanceKlass java/lang/Enum
instanceKlass java/net/URL
instanceKlass java/io/InputStream
instanceKlass java/io/Closeable
instanceKlass java/lang/AutoCloseable
instanceKlass jdk/internal/module/Modules
instanceKlass jdk/internal/misc/Unsafe
instanceKlass jdk/internal/misc/UnsafeConstants
instanceKlass java/lang/AbstractStringBuilder
instanceKlass java/lang/Appendable
instanceKlass java/lang/AssertionStatusDirectives
instanceKlass jdk/internal/foreign/abi/ABIDescriptor
instanceKlass jdk/internal/foreign/abi/NativeEntryPoint
instanceKlass java/lang/invoke/CallSite
instanceKlass java/lang/invoke/MethodType
instanceKlass java/lang/invoke/TypeDescriptor$OfMethod
instanceKlass java/lang/invoke/LambdaForm
instanceKlass java/lang/invoke/MethodHandleNatives
instanceKlass java/lang/invoke/ResolvedMethodName
instanceKlass java/lang/invoke/MemberName
instanceKlass java/lang/invoke/VarHandle
instanceKlass java/lang/invoke/MethodHandle
instanceKlass jdk/internal/reflect/CallerSensitive
instanceKlass java/lang/annotation/Annotation
instanceKlass jdk/internal/reflect/FieldAccessor
instanceKlass jdk/internal/reflect/ConstantPool
instanceKlass jdk/internal/reflect/ConstructorAccessor
instanceKlass jdk/internal/reflect/MethodAccessor
instanceKlass jdk/internal/reflect/MagicAccessorImpl
instanceKlass jdk/internal/vm/StackChunk
instanceKlass jdk/internal/vm/Continuation
instanceKlass jdk/internal/vm/ContinuationScope
instanceKlass java/lang/reflect/Parameter
instanceKlass java/lang/reflect/Member
instanceKlass java/lang/reflect/AccessibleObject
instanceKlass java/lang/Module
instanceKlass java/util/Map
instanceKlass java/util/Dictionary
instanceKlass java/lang/ThreadGroup
instanceKlass java/lang/Thread$UncaughtExceptionHandler
instanceKlass java/lang/Thread$Constants
instanceKlass java/lang/Thread$FieldHolder
instanceKlass java/lang/Thread
instanceKlass java/lang/Runnable
instanceKlass java/lang/ref/Reference
instanceKlass java/lang/Record
instanceKlass java/security/AccessController
instanceKlass java/security/AccessControlContext
instanceKlass java/security/ProtectionDomain
instanceKlass java/lang/SecurityManager
instanceKlass java/lang/Throwable
instanceKlass java/lang/System
instanceKlass java/lang/ClassLoader
instanceKlass java/lang/Cloneable
instanceKlass java/lang/Class
instanceKlass java/lang/invoke/TypeDescriptor$OfField
instanceKlass java/lang/invoke/TypeDescriptor
instanceKlass java/lang/reflect/Type
instanceKlass java/lang/reflect/GenericDeclaration
instanceKlass java/lang/reflect/AnnotatedElement
instanceKlass java/lang/String
instanceKlass java/lang/constant/ConstantDesc
instanceKlass java/lang/constant/Constable
instanceKlass java/lang/CharSequence
instanceKlass java/lang/Comparable
instanceKlass java/io/Serializable
ciInstanceKlass java/lang/Object 1 1 124 7 1 10 12 1 1 10 7 12 1 1 1 10 7 12 1 1 1 10 12 1 1 8 1 10 12 1 1 10 7 12 1 1 1 10 12 1 10 12 1 1 10 7 12 1 1 1 10 12 1 10 12 1 7 1 10 7 12 1 1 1 10 12 1 1 10 12 1 100 1 8 1 10 12 1 3 8 1 7 1 5 0 1 1 1 1 1 1 1 1 1 1 1 1 1 1 1 1 7 1 1 1 1 1 1 1 1 1 1 7 1 1 1 1 1 1 1 1 1 1 3 1 1
ciMethod java/lang/Object equals (Ljava/lang/Object;)Z 526 0 31540 0 -1
ciMethod java/lang/Object toString ()Ljava/lang/String; 0 0 1 0 -1
ciMethod java/lang/Object hashCode ()I 256 0 128 0 -1
ciMethod java/lang/Object clone ()Ljava/lang/Object; 256 0 128 0 -1
ciInstanceKlass java/io/Serializable 1 0 7 100 1 100 1 1 1
ciInstanceKlass java/lang/System 1 1 834 10 7 12 1 1 1 9 7 12 1 1 1 10 12 1 10 12 1 1 10 12 1 1 10 12 1 9 12 1 1 10 7 12 1 1 1 11 100 12 1 1 1 10 100 12 1 1 1 10 12 1 1 10 12 1 1 100 1 8 1 10 12 1 10 7 12 1 1 1 10 100 12 1 1 1 18 12 1 1 10 7 12 1 1 1 7 1 10 12 1 1 10 7 12 1 1 1 10 12 1 10 7 12 1 1 1 9 100 12 1 1 1 10 7 12 1 1 1 11 7 12 1 1 1 10 12 1 1 10 7 12 1 1 1 7 1 10 10 12 1 1 8 1 10 12 1 8 1 10 12 1 9 12 1 1 8 1 10 7 12 1 1 1 10 12 1 1 100 1 8 1 10 9 12 1 1 8 1 10 12 1 1 10 100 12 1 1 1 8 1 10 12 1 7 1 10 12 1 8 1 10 12 1 10 12 1 1 100 1 10 12 10 12 1 9 12 1 1 9 12 1 1 10 7 12 1 1 1 10 7 12 1 1 1 10 12 1 1 10 12 1 10 12 1 10 7 12 1 1 1 10 12 1 100 1 100 1 8 1 10 12 1 10 12 1 1 7 1 10 12 1 100 1 8 1 10 10 12 1 100 1 8 1 10 8 1 10 7 12 1 1 8 1 10 12 100 1 8 1 10 10 12 1 1 10 100 12 1 1 1 100 1 18 12 1 100 1 9 100 12 1 1 1 10 12 1 100 1 10 12 1 1 10 12 1 1 10 7 12 1 1 1 10 12 1 1 10 12 1 10 12 1 10 12 1 1 10 12 1 7 1 10 12 1 9 7 12 1 1 1 10 7 12 1 1 1 10 12 1 10 12 1 10 7 12 1 1 1 7 1 8 1 10 9 12 1 9 12 1 10 12 1 10 7 12 1 1 10 12 1 10 12 1 1 8 1 10 12 1 1 8 1 11 12 1 10 12 11 12 1 1 11 7 12 1 1 1 11 7 12 1 1 11 12 1 1 7 1 11 12 1 10 12 1 8 1 10 12 1 1 8 1 8 1 8 1 8 1 11 12 1 10 12 1 10 12 1 10 12 1 8 1 10 12 1 1 8 1 9 12 1 8 1 10 7 12 1 1 8 1 7 1 9 7 12 1 1 1 10 12 1 7 1 9 12 10 9 12 7 1 10 12 9 12 1 1 8 1 10 12 1 1 8 1 10 7 12 1 1 10 12 1 10 12 1 1 11 7 12 1 1 10 12 10 7 12 1 1 1 9 12 1 1 7 1 8 1 10 12 1 1 10 7 12 1 1 1 7 1 10 12 1 1 10 12 1 8 1 8 1 10 8 1 8 1 8 1 8 1 10 10 7 12 1 1 10 12 1 10 12 1 1 10 12 1 1 10 12 1 10 100 12 1 1 1 10 7 1 8 1 10 10 10 12 1 1 10 12 1 1 8 1 10 12 1 8 1 8 1 10 12 1 10 7 12 1 1 1 10 12 1 1 7 1 10 10 12 1 10 12 1 9 12 1 1 3 1 3 1 1 1 1 1 1 1 1 1 1 1 1 100 1 1 100 1 1 1 1 1 1 1 1 1 1 1 100 1 7 1 1 1 1 1 1 1 1 1 1 1 1 1 1 1 1 1 1 1 1 1 1 1 1 1 1 1 1 1 1 1 1 1 1 1 1 1 1 1 1 1 1 1 1 1 1 1 1 1 1 1 1 1 1 1 1 1 1 100 1 1 1 1 1 1 1 1 1 1 1 1 1 1 1 1 1 1 1 1 1 1 1 1 1 1 1 1 1 1 1 1 1 100 1 1 16 15 10 12 1 1 16 15 10 12 16 1 15 10 100 12 1 1 1 1 1 1 1 1 1 100 1 100 1 1
staticfield java/lang/System in Ljava/io/InputStream; java/io/BufferedInputStream
staticfield java/lang/System out Ljava/io/PrintStream; java/io/PrintStream
staticfield java/lang/System err Ljava/io/PrintStream; java/io/PrintStream
ciInstanceKlass java/lang/SecurityManager 0 0 576 10 7 12 1 1 1 9 7 12 1 1 1 10 7 12 1 1 1 100 1 8 1 10 12 1 10 12 1 1 10 7 12 1 1 1 10 7 1 10 100 1 10 9 100 12 1 1 1 10 7 12 1 1 1 10 12 1 1 10 7 12 1 1 100 1 8 1 10 9 12 1 1 9 12 1 8 1 9 12 1 7 1 10 8 1 10 12 1 1 10 12 1 10 12 1 1 100 1 10 10 12 1 1 100 1 8 1 10 12 1 8 1 8 1 8 1 8 1 8 1 8 1 10 12 1 8 1 8 1 8 1 8 1 8 1 10 7 12 1 1 1 10 12 1 1 8 1 100 1 8 1 10 8 1 8 1 8 1 8 1 8 1 10 100 12 1 1 8 1 100 1 8 1 8 1 10 8 1 10 12 1 100 1 8 1 10 10 12 1 1 10 12 1 10 12 1 10 12 1 10 100 12 1 1 1 10 12 1 10 100 12 1 1 11 100 12 1 1 1 18 12 1 1 11 100 12 1 1 1 18 12 1 1 11 12 1 1 18 18 11 12 1 18 12 1 11 12 1 1 9 12 1 1 9 12 1 9 12 1 9 12 1 100 1 10 100 12 1 1 10 12 1 10 12 1 18 12 1 18 10 100 12 1 1 1 18 12 1 10 12 1 18 18 8 1 10 12 1 9 12 1 1 11 7 12 1 1 1 8 1 100 1 10 12 1 10 12 1 1 10 12 1 1 9 12 1 1 10 12 1 10 12 1 1 8 1 100 1 10 9 12 1 8 1 10 12 1 8 1 100 1 10 10 100 12 1 1 10 100 1 9 7 12 1 1 1 11 12 1 1 10 12 1 11 12 1 10 12 1 7 1 10 10 12 1 1 10 12 1 1 1 1 1 1 1 1 1 1 1 7 1 1 1 1 1 1 1 1 1 1 1 1 1 1 1 1 1 1 1 1 1 1 1 1 1 1 1 1 1 1 1 1 1 1 1 1 1 1 1 1 1 1 1 1 1 1 1 1 1 1 1 1 1 1 1 1 3 1 1 1 1 1 1 1 1 1 1 100 1 1 1 1 1 1 1 1 1 1 1 1 1 1 1 1 1 1 1 1 1 1 1 1 1 1 1 1 1 1 1 1 1 1 1 1 1 1 16 15 10 7 12 1 1 1 16 1 16 15 10 12 16 1 15 10 12 16 15 11 7 1 16 1 16 1 15 10 12 16 15 10 12 16 15 10 12 1 16 1 15 11 12 1 15 10 12 16 15 10 16 1 15 10 100 12 1 1 1 1 1 1 100 1 100 1 1
ciInstanceKlass java/security/AccessController 1 1 295 10 7 12 1 1 1 10 7 12 1 1 1 10 7 12 1 1 1 10 12 1 1 10 12 1 1 10 7 12 1 1 1 10 12 1 1 10 12 1 10 12 1 1 10 12 1 100 1 8 1 10 12 1 10 12 1 10 12 1 1 10 12 1 7 1 7 1 10 12 1 1 10 12 1 10 12 1 10 12 1 1 10 7 12 1 1 1 10 12 1 1 9 100 12 1 1 1 10 7 12 1 1 1 10 12 1 10 12 1 9 100 12 1 1 1 10 12 1 10 12 1 1 9 12 1 1 10 100 1 10 11 7 12 1 1 1 10 7 12 1 1 11 7 1 100 1 10 12 1 10 12 1 10 12 1 8 1 10 12 1 1 8 1 10 100 12 1 1 1 8 1 7 1 10 10 12 1 1 10 12 1 10 7 12 1 1 1 10 12 1 8 1 10 7 12 1 1 8 1 8 1 10 12 1 8 1 10 12 1 10 12 1 1 10 12 1 1 1 1 1 1 1 1 1 1 1 1 1 1 1 1 1 1 1 1 1 1 1 1 1 1 1 1 100 1 1 1 1 1 1 1 1 1 1 1 1 1 1 1 1 1 1 1 1 1 1 1 1 1 1 1 1 1 1 1 1 1 1 100 1 100 1 1 1 1 1 1 1 1 1 3 1 1 1
staticfield java/security/AccessController $assertionsDisabled Z 1
ciInstanceKlass java/security/ProtectionDomain 1 1 348 10 7 12 1 1 1 9 7 12 1 1 1 7 1 10 9 12 1 1 9 12 1 1 9 12 1 1 10 7 12 1 1 7 1 9 12 1 9 12 1 1 7 1 9 12 1 1 9 12 1 10 100 12 1 1 10 100 12 1 1 1 10 12 1 1 10 12 1 9 12 1 9 100 12 1 1 10 12 1 1 10 100 1 10 12 1 1 8 1 7 1 8 1 10 12 1 10 11 10 7 12 1 1 1 10 12 1 1 8 1 11 8 1 10 12 1 8 1 8 1 10 12 1 1 10 12 1 10 12 1 1 10 12 1 8 1 10 12 1 8 1 8 1 10 7 12 1 1 1 9 100 12 1 1 1 10 12 1 1 9 100 12 1 1 1 10 7 12 1 1 1 100 1 18 12 1 1 10 7 12 1 1 1 10 7 1 10 12 1 10 12 1 1 11 100 12 1 1 11 12 1 100 1 11 7 12 1 1 1 10 12 1 10 11 12 1 1 11 12 1 1 10 12 1 10 7 12 1 1 10 100 12 1 1 11 12 1 10 12 10 12 1 8 1 8 1 10 7 12 1 1 1 7 1 10 10 7 12 1 1 1 1 1 1 1 1 1 1 7 1 1 7 1 1 1 1 1 1 1 1 1 1 1 1 1 1 1 1 1 1 1 1 1 1 1 1 1 1 1 1 1 1 1 1 1 1 1 1 1 1 1 1 1 1 1 1 7 1 1 1 1 1 1 100 1 1 16 15 10 12 16 15 10 100 12 1 1 1 1 1 1 1 100 1 100 1 1
staticfield java/security/ProtectionDomain filePermCompatInPD Z 0
ciInstanceKlass java/security/CodeSource 1 1 398 10 7 12 1 1 1 9 7 12 1 1 1 9 12 1 1 9 12 1 1 9 12 1 1 10 7 12 1 1 1 9 12 1 1 10 100 12 1 1 10 100 10 7 12 1 1 1 10 100 12 1 1 1 10 12 1 1 7 1 10 10 100 12 1 1 1 10 100 12 1 1 1 10 12 1 1 100 1 10 12 1 1 10 12 1 1 10 12 1 1 10 12 1 10 10 10 12 1 1 10 7 12 1 1 1 10 12 1 10 12 1 10 12 1 8 1 10 12 1 10 12 1 10 12 1 1 10 12 1 8 1 10 12 1 1 10 7 1 10 10 12 1 1 8 1 10 12 1 10 12 1 10 12 1 8 1 8 1 9 12 1 1 100 1 8 1 10 12 1 10 12 1 1 8 1 10 12 1 8 1 8 1 8 1 10 100 12 1 1 10 12 1 1 10 12 1 10 12 1 1 10 12 1 1 10 12 1 1 100 1 100 1 10 12 1 10 12 10 12 1 1 10 100 12 1 1 10 12 1 7 1 10 12 10 100 12 1 1 1 10 8 1 10 12 1 10 12 1 10 12 1 1 100 1 10 12 1 1 100 1 7 1 8 1 8 1 10 10 12 1 1 10 100 12 1 1 1 7 1 10 12 10 12 1 1 11 7 12 1 1 10 10 12 1 11 10 12 1 8 1 100 1 10 12 1 10 12 1 1 10 12 1 11 12 1 1 7 1 1 1 1 5 0 1 1 1 1 1 1 1 1 1 1 1 1 1 1 1 1 1 1 1 1 1 1 1 1 1 1 1 1 1 1 1 1 1 1 1 1 1 1 1 1 1 1 1 1 1 1 1 1 1 1 1 1 1 1 1 1 1 1 1 1 1 1 1 1 1 1 100 1 1 1 1 1 1 1
ciInstanceKlass java/lang/Boolean 1 1 152 10 7 12 1 1 1 9 7 12 1 1 1 10 12 1 1 10 12 1 8 1 10 7 12 1 1 9 12 1 1 9 12 1 10 12 1 1 10 12 1 1 10 12 1 1 10 7 12 1 1 1 100 1 100 1 10 12 1 1 9 100 12 1 1 9 12 10 100 12 1 1 1 10 12 1 1 8 1 10 7 12 1 1 1 9 12 1 1 7 1 7 1 7 1 1 1 1 1 1 5 0 1 1 1 1 1 1 1 1 1 1 3 1 1 1 1 1 1 1 1 1 1 1 1 1 1 1 1 1 1 7 1 1 1 1 1 1 1 1 1 1 100 1 1 1 1 1 1 1 1 1
staticfield java/lang/Boolean TRUE Ljava/lang/Boolean; java/lang/Boolean
staticfield java/lang/Boolean FALSE Ljava/lang/Boolean; java/lang/Boolean
staticfield java/lang/Boolean TYPE Ljava/lang/Class; java/lang/Class
ciInstanceKlass java/lang/Comparable 1 0 12 100 1 100 1 1 1 1 1 1 1 1
ciInstanceKlass java/lang/constant/Constable 1 0 11 100 1 100 1 1 1 1 1 1 1
ciInstanceKlass java/util/Map 1 1 263 11 7 12 1 1 1 11 12 1 1 10 100 12 1 1 11 12 1 1 11 7 12 1 1 1 11 100 12 1 1 1 11 12 1 1 7 1 11 12 1 11 12 1 100 1 100 1 10 12 1 1 11 100 12 1 1 1 11 100 12 1 1 1 11 12 1 11 12 1 10 12 1 1 11 12 1 11 100 12 1 9 7 12 1 1 1 100 1 10 12 7 1 7 1 10 12 1 7 1 10 7 1 11 12 1 11 12 1 1 11 12 1 1 7 1 11 12 1 1 1 1 1 1 1 1 1 1 1 1 1 1 1 1 1 1 1 1 1 1 1 1 1 1 1 1 1 1 1 1 1 1 1 1 1 1 1 1 1 1 1 1 1 1 1 1 1 1 1 1 1 1 1 1 1 1 1 1 1 1 1 1 1 1 1 1 1 1 1 1 1 1 1 1 1 1 1 1 1 1 1 1 1 1 1 1 1 1 1 1 1 1 1 1 1 1 1 1 1 1 1 1 1 1 1 1 1 1 1 1 1 1 1 1 1 1 1 1 1 1 1 1 1 1 100 1 1 1 1 1 1 1 1 1 1 1 1 1 1 1 1 1 1
ciInstanceKlass java/lang/Class 1 1 1687 10 7 12 1 1 1 9 7 12 1 1 1 9 12 1 1 10 12 1 1 8 1 10 12 1 8 1 8 1 10 12 1 1 10 7 12 1 1 1 10 12 1 7 1 10 10 12 1 10 12 1 1 10 12 1 1 10 12 1 1 10 7 12 1 1 10 12 1 10 12 1 10 12 1 8 1 10 12 1 8 1 10 12 1 8 1 8 1 10 12 1 1 10 100 12 1 1 1 18 12 1 1 11 100 12 1 1 1 8 1 8 1 8 1 10 100 12 1 1 1 11 12 1 1 8 1 10 12 1 10 11 100 12 1 1 1 11 7 12 1 1 1 11 8 1 18 8 1 10 12 1 10 7 12 1 1 10 12 1 1 10 7 12 1 1 1 10 12 1 1 10 12 1 1 10 7 12 1 1 1 10 12 9 100 12 1 1 1 10 7 12 1 1 1 10 12 1 10 7 12 1 1 1 10 12 1 1 18 12 1 1 10 7 12 1 1 1 10 7 12 1 10 12 1 1 10 7 1 7 1 10 12 1 1 9 12 1 1 100 1 8 1 10 12 1 10 12 1 1 10 12 1 1 10 7 12 1 1 1 7 1 10 12 1 7 1 100 1 10 10 12 1 1 10 12 1 1 100 1 10 7 12 1 1 1 10 12 1 1 10 12 1 1 9 12 1 1 10 12 1 10 12 1 1 9 12 1 1 9 12 1 1 10 12 1 1 10 100 1 10 12 1 10 12 1 10 12 1 1 10 9 12 1 10 12 1 8 1 10 12 1 1 10 12 1 1 10 12 1 10 12 1 1 10 12 1 1 10 12 1 1 9 7 12 1 1 1 10 7 12 1 1 10 12 10 12 1 10 12 1 10 12 1 10 12 1 9 100 12 1 1 1 9 12 1 10 12 1 10 100 12 1 1 1 10 12 1 1 10 100 12 1 1 10 12 1 10 12 1 1 10 100 12 1 1 1 10 12 1 10 12 1 1 10 12 1 10 12 1 10 12 1 1 10 7 1 10 10 10 12 1 1 10 12 1 1 10 12 10 10 12 1 1 7 1 8 1 10 10 12 1 1 10 12 1 100 1 11 12 1 10 100 12 1 1 10 12 1 10 12 1 10 100 12 1 1 10 10 12 1 1 8 1 10 12 1 10 12 1 1 8 1 10 12 1 9 12 1 10 12 1 10 12 1 10 12 1 10 12 7 1 9 12 1 10 12 1 9 12 1 10 12 1 10 12 1 10 12 1 10 10 12 1 10 12 1 10 7 12 1 1 10 12 1 10 12 1 10 12 1 1 10 12 1 10 12 1 10 12 1 100 1 10 12 1 10 12 1 1 10 12 1 1 10 12 1 1 10 12 1 1 10 12 1 1 10 12 1 1 100 1 10 10 12 1 1 10 12 1 1 10 12 1 1 10 10 12 1 10 12 1 1 10 12 1 1 10 12 1 1 10 12 1 1 7 1 10 10 12 11 7 12 1 1 10 12 1 10 12 1 10 7 12 1 1 1 10 12 1 1 10 10 12 1 1 7 1 10 10 12 1 1 10 7 12 1 1 1 100 1 100 1 10 12 1 1 10 12 1 10 10 12 1 1 10 12 1 10 12 1 10 12 1 10 100 12 1 1 1 11 7 12 1 1 10 12 1 10 12 1 9 12 1 10 12 1 1 10 12 1 9 100 12 1 1 1 9 12 1 10 100 12 1 1 1 10 12 1 10 12 1 10 100 12 1 1 1 10 12 1 10 12 10 12 1 1 100 1 10 8 1 10 12 1 11 11 12 1 1 11 7 12 1 1 11 12 1 8 1 10 12 1 10 12 1 1 9 12 1 9 12 1 1 10 7 12 1 1 9 12 1 10 12 1 1 10 10 12 1 10 7 12 1 1 1 10 100 12 1 1 10 100 12 1 1 9 12 1 1 10 12 1 9 12 1 10 12 1 10 12 1 1 9 12 1 1 9 12 1 10 12 1 10 12 1 1 9 12 1 100 1 10 10 12 1 1 7 1 10 12 1 1 100 11 7 1 9 12 1 1 9 12 1 7 1 10 12 1 9 12 1 1 9 12 1 10 12 1 10 12 1 1 9 12 1 7 1 10 10 12 1 1 10 10 12 1 10 12 10 10 12 1 9 12 1 10 12 1 1 10 7 12 1 1 1 10 12 1 1 10 12 1 8 10 7 8 1 18 8 1 8 1 10 12 1 9 12 1 9 12 1 1 10 12 1 7 1 7 1 10 12 1 9 12 1 1 7 1 10 10 12 1 10 7 1 9 12 1 8 1 10 12 1 7 1 10 12 1 10 12 1 1 100 1 7 1 9 12 1 100 1 8 1 10 10 7 12 1 1 1 10 12 11 7 12 1 1 1 10 12 1 10 12 1 1 10 8 1 8 1 10 12 1 1 9 7 12 1 1 11 12 7 1 11 7 12 1 1 9 12 1 10 100 12 1 1 1 10 7 12 1 1 10 12 1 1 9 12 1 9 10 12 1 1 10 12 1 1 10 12 1 1 10 12 1 1 10 12 1 1 11 12 1 7 1 11 12 1 10 7 12 1 1 1 10 12 1 11 12 1 10 7 12 1 1 1 10 12 1 10 7 12 1 1 1 11 12 1 11 12 1 1 10 12 1 10 12 1 1 9 12 1 1 9 100 12 1 1 10 12 1 10 100 12 1 1 1 10 12 1 1 10 12 1 10 12 1 10 12 1 10 7 12 1 1 1 10 12 1 8 1 10 12 1 10 12 1 10 12 1 100 1 10 12 10 100 12 1 1 1 11 100 12 1 1 1 10 12 1 1 10 12 1 18 12 1 1 11 12 1 1 18 11 12 1 18 12 1 11 12 1 10 12 1 1 10 12 1 10 12 1 10 12 1 10 12 1 10 12 10 12 1 8 1 10 12 1 7 1 9 12 1 1 7 1 7 1 7 1 7 1 1 1 3 1 3 1 3 1 1 1 1 1 1 1 5 0 1 1 1 1 1 1 1 1 1 1 1 1 1 1 1 1 1 1 1 1 1 1 1 1 100 1 1 1 1 1 1 1 100 1 1 1 1 1 7 1 1 1 1 1 1 1 1 1 1 1 1 1 1 1 1 1 1 1 1 1 1 1 1 1 1 1 1 1 1 1 1 1 1 1 1 1 1 1 1 1 1 100 1 1 1 1 1 1 1 1 1 1 1 1 1 1 1 1 1 1 1 1 1 1 1 1 1 1 1 1 1 1 1 100 1 1 1 1 1 1 1 1 1 1 1 1 1 1 1 1 1 1 1 1 3 1 1 1 1 1 1 1 1 1 1 1 1 1 1 1 1 1 1 1 1 1 1 1 1 1 1 1 1 1 1 1 1 1 1 1 7 1 7 1 1 1 1 1 1 1 7 1 1 1 1 1 1 1 1 1 1 1 1 1 1 1 1 1 1 1 1 1 1 1 1 1 1 1 1 1 1 1 1 1 1 1 1 1 1 1 1 1 1 1 1 1 1 1 1 1 1 1 1 1 1 1 1 1 1 1 1 1 1 1 1 1 1 1 1 1 1 1 1 1 1 1 1 1 1 1 1 1 1 1 1 1 1 1 1 1 1 1 1 1 1 1 1 1 1 1 1 1 1 1 1 1 1 1 1 1 1 1 1 1 1 1 1 1 1 1 1 1 1 1 1 16 15 10 12 16 15 11 12 16 1 16 15 16 15 10 12 16 16 15 10 12 16 15 16 1 15 10 12 16 15 10 100 12 1 1 1 1 1 1 1 1 1 1 1 1 1 7 1 1 100 1 100 1 1 100 1 100 1 1 100 1 100 1 1
staticfield java/lang/Class EMPTY_CLASS_ARRAY [Ljava/lang/Class; 0 [Ljava/lang/Class;
staticfield java/lang/Class serialPersistentFields [Ljava/io/ObjectStreamField; 0 [Ljava/io/ObjectStreamField;
ciInstanceKlass java/lang/reflect/AnnotatedElement 1 1 164 11 7 12 1 1 1 11 12 1 1 7 1 10 100 12 1 1 1 10 12 1 1 10 12 1 1 10 12 1 10 100 12 1 1 1 11 12 1 1 11 7 12 1 1 10 7 12 1 1 1 10 12 1 10 100 12 1 1 1 18 12 1 1 11 100 12 1 1 18 12 1 18 12 1 1 10 100 12 1 1 1 11 100 12 1 1 1 7 1 10 100 12 1 1 1 1 1 1 1 1 1 1 1 1 1 1 1 1 1 1 1 1 1 1 1 1 1 100 1 1 1 1 1 1 1 1 1 1 1 16 15 16 1 16 1 15 11 12 16 16 1 15 10 100 12 1 1 1 16 1 15 10 100 12 1 1 1 1 100 1 100 1 1
ciInstanceKlass java/lang/invoke/TypeDescriptor 1 0 17 100 1 100 1 1 1 1 1 1 100 1 100 1 1 1 1
ciInstanceKlass java/lang/reflect/GenericDeclaration 1 0 30 7 1 7 1 7 1 1 1 1 1 1 1 1 100 1 8 1 1 12 10 1 1 1 8 1 1 1 8 1
ciInstanceKlass java/lang/reflect/Type 1 1 17 11 100 12 1 1 1 100 1 1 1 1 1 1 1 1 1
ciInstanceKlass java/lang/invoke/TypeDescriptor$OfField 1 0 21 100 1 100 1 100 1 1 1 1 1 1 1 1 1 1 1 1 1 1 1
ciMethod java/lang/Class isArray ()Z 256 0 128 0 -1
ciMethod java/lang/Class isPrimitive ()Z 256 0 128 0 -1
ciInstanceKlass java/lang/StringBuilder 1 1 422 10 7 12 1 1 1 10 12 1 10 12 1 10 12 1 1 10 7 12 1 1 1 10 7 12 1 1 1 10 12 1 10 12 1 10 12 1 10 12 1 10 12 1 10 12 1 10 12 1 10 12 1 10 12 1 10 12 1 10 12 1 10 12 1 10 12 1 10 12 1 1 10 12 1 10 12 1 1 10 12 1 1 10 12 1 10 12 1 10 12 1 10 12 1 10 12 1 10 12 1 10 12 1 10 12 10 12 1 10 12 1 10 12 1 10 12 1 1 10 12 1 10 12 1 10 12 10 12 1 1 10 12 1 10 12 1 10 12 1 10 100 12 1 1 1 9 12 1 1 10 12 1 10 12 1 1 10 12 1 1 9 12 1 1 10 100 12 1 1 1 10 100 1 10 12 1 1 10 100 12 1 1 10 12 1 10 12 1 1 100 1 100 1 8 1 10 10 12 1 1 10 12 1 10 12 1 10 12 1 1 10 12 1 10 12 1 10 12 1 10 12 1 10 12 1 10 12 10 12 1 10 12 1 10 12 1 10 12 1 10 12 1 10 12 1 10 12 1 10 12 1 10 12 1 1 10 12 1 1 10 12 1 10 12 1 10 12 1 10 12 10 12 10 12 1 10 12 1 10 12 1 10 12 10 12 1 10 12 1 10 12 1 10 12 1 10 12 1 10 12 1 10 12 1 10 12 1 10 12 1 1 10 12 1 10 12 1 1 10 12 1 10 12 1 1 10 12 1 10 12 1 1 10 12 1 10 12 1 10 12 1 10 10 12 1 10 12 1 7 1 7 1 7 1 7 1 1 1 1 5 0 1 1 1 1 1 1 1 1 1 1 1 1 1 1 1 1 1 1 1 1 1 1 1 1 1 1 1 1 1 1 1 1 1 1 1 1 1 1 1 1 1 1 1 1 100 1 1 1 7 1 1 1 1 1 1 1 1 1 1 1
instanceKlass java/lang/StringBuilder
instanceKlass java/lang/StringBuffer
ciInstanceKlass java/lang/AbstractStringBuilder 1 1 609 7 1 10 7 12 1 1 1 9 7 12 1 1 1 9 12 1 9 12 1 1 9 12 1 1 10 100 12 1 1 1 10 12 1 1 7 1 3 3 10 12 1 10 12 1 1 11 7 1 100 1 7 1 10 8 1 10 12 1 10 12 1 10 12 1 1 10 12 1 10 12 1 9 12 1 10 12 1 9 12 1 1 10 12 1 1 10 7 12 1 1 1 10 10 12 1 10 12 1 10 12 1 1 10 12 1 1 10 7 12 1 1 1 10 7 12 1 1 1 7 1 8 1 10 10 12 1 1 100 1 10 12 10 12 1 1 10 10 100 12 1 1 1 10 12 1 1 10 12 1 1 10 12 1 1 10 12 1 1 10 10 7 12 1 1 1 10 12 1 100 1 10 10 7 12 1 1 1 9 12 1 1 9 12 1 10 12 1 1 10 10 12 1 1 10 12 10 12 1 10 12 1 1 10 12 1 1 10 12 1 1 10 12 1 10 12 1 1 10 12 1 1 10 12 1 10 12 1 1 8 1 10 12 1 1 10 12 1 10 12 1 10 12 1 10 12 1 10 12 1 10 12 1 10 7 12 1 1 10 12 1 10 12 1 10 100 12 1 1 1 100 1 100 1 10 12 1 10 100 12 1 1 10 12 1 10 12 1 1 10 12 1 10 12 1 1 10 12 1 10 12 1 1 10 12 1 1 10 10 7 12 1 1 1 10 12 1 10 12 1 10 12 1 1 10 12 1 10 12 1 10 12 1 10 12 1 10 12 1 10 12 1 10 12 1 10 12 1 1 10 12 1 10 12 1 10 12 10 12 1 1 18 12 1 1 100 1 10 100 12 1 1 1 18 10 12 1 1 10 12 1 1 10 12 1 10 12 1 1 11 12 1 1 10 12 1 10 12 10 10 10 12 1 10 5 0 10 10 12 1 1 100 1 8 1 10 10 12 1 1 10 100 12 1 1 1 10 12 1 10 12 1 1 100 1 10 12 100 1 10 100 1 10 7 1 1 1 1 1 1 1 1 1 1 1 100 1 1 1 1 1 1 1 1 1 1 1 1 1 1 1 1 1 1 1 1 1 1 1 1 1 1 1 1 1 1 1 1 1 1 1 1 1 1 1 1 1 1 1 1 1 1 1 1 1 1 1 1 1 1 1 1 1 1 1 1 1 1 1 1 1 1 1 1 1 1 1 1 1 1 1 1 1 1 1 1 1 1 1 1 1 1 1 1 1 1 1 1 1 1 1 1 1 1 1 100 1 1 1 1 1 1 1 1 1 1 1 1 1 1 1 1 1 100 1 1 1 1 1 1 7 1 1 16 1 15 10 12 16 15 10 12 15 10 100 12 1 1 1 1 1 1 1 100 1 100 1 1
staticfield java/lang/AbstractStringBuilder EMPTYVALUE [B 0
ciMethod java/lang/StringBuilder toString ()Ljava/lang/String; 10 0 9652 0 -1
ciInstanceKlass java/lang/Appendable 1 0 14 100 1 100 1 1 1 1 100 1 1 1 1 1
ciInstanceKlass java/lang/CharSequence 1 1 131 11 7 12 1 1 1 18 12 1 1 100 1 10 100 12 1 1 1 18 10 100 12 1 1 1 11 12 1 1 11 7 1 11 12 1 1 10 100 12 1 1 1 11 12 1 1 100 1 10 12 1 1 10 100 12 1 1 1 100 1 10 10 12 1 1 7 1 1 1 1 1 1 1 1 1 1 1 1 1 1 1 1 1 1 1 1 1 1 1 1 1 1 1 1 1 1 1 1 1 16 1 15 11 12 16 15 11 12 15 10 100 12 1 1 1 1 1 100 1 100 1 1 100 1 1 100 1 100 1 1
ciInstanceKlass java/lang/AutoCloseable 1 0 12 100 1 100 1 1 1 1 100 1 1 1
ciInstanceKlass java/io/Closeable 1 0 14 100 1 100 1 100 1 1 1 1 100 1 1 1
instanceKlass ch/qos/logback/core/boolex/EvaluationException
instanceKlass ch/qos/logback/core/util/DynamicClassLoadingException
instanceKlass ch/qos/logback/core/util/IncompatibleClassException
instanceKlass ch/qos/logback/core/joran/spi/JoranException
instanceKlass java/util/concurrent/ExecutionException
instanceKlass java/lang/CloneNotSupportedException
instanceKlass java/net/URISyntaxException
instanceKlass java/lang/InterruptedException
instanceKlass java/io/IOException
instanceKlass java/lang/ReflectiveOperationException
instanceKlass java/lang/RuntimeException
ciInstanceKlass java/lang/Exception 1 1 40 10 7 12 1 1 1 10 12 1 10 12 1 10 12 1 10 12 1 100 1 1 1 1 5 0 1 1 1 1 1 1 1 1 1 1 1 1 1 1
instanceKlass java/lang/Exception
instanceKlass java/lang/Error
ciInstanceKlass java/lang/Throwable 1 1 404 10 7 12 1 1 1 9 7 12 1 1 1 9 12 1 1 9 12 1 9 12 1 1 9 12 1 10 12 1 1 9 12 1 1 10 12 1 1 10 12 1 100 1 7 1 10 8 1 10 12 1 1 8 1 10 100 12 1 1 10 10 12 1 100 1 8 1 10 10 12 1 1 10 7 12 1 1 10 12 1 8 1 9 7 12 1 1 1 10 12 1 1 100 1 10 12 10 12 1 10 100 12 1 1 1 100 1 10 12 10 12 1 10 12 1 100 1 10 10 7 12 1 1 1 11 100 12 1 1 1 10 12 1 1 10 12 1 1 8 1 10 12 1 10 12 1 1 8 1 8 1 10 12 1 1 10 12 1 8 1 8 1 9 12 1 1 10 12 1 1 100 1 10 11 12 1 8 1 8 1 10 7 12 1 1 8 1 10 12 1 8 1 100 1 10 12 1 9 12 1 1 10 12 1 10 100 12 1 9 12 1 1 10 12 1 1 100 1 8 1 10 12 1 10 100 12 1 1 10 12 1 1 7 1 10 100 12 1 1 1 10 12 1 11 7 12 1 1 1 11 7 12 1 1 11 12 1 8 1 10 12 1 1 8 1 10 10 9 100 12 1 1 1 8 1 10 12 1 1 11 10 100 1 8 1 10 11 12 1 1 8 1 9 12 1 10 100 12 1 1 11 9 12 1 1 11 12 1 1 100 10 12 1 10 12 1 1 7 1 1 1 1 5 0 1 1 1 1 1 1 1 1 1 1 1 1 1 7 1 1 1 1 1 1 1 1 1 1 1 1 1 1 1 1 1 1 1 1 1 1 1 1 1 1 1 1 1 1 1 1 1 1 1 1 1 1 1 1 1 1 1 1 100 1 7 1 1 1 1 1 1 1 1 1 1 1 1 1 1 1 1 1 1
staticfield java/lang/Throwable UNASSIGNED_STACK [Ljava/lang/StackTraceElement; 0 [Ljava/lang/StackTraceElement;
staticfield java/lang/Throwable SUPPRESSED_SENTINEL Ljava/util/List; java/util/Collections$EmptyList
staticfield java/lang/Throwable EMPTY_THROWABLE_ARRAY [Ljava/lang/Throwable; 0 [Ljava/lang/Throwable;
staticfield java/lang/Throwable $assertionsDisabled Z 1
ciMethod java/lang/Throwable fillInStackTrace ()Ljava/lang/Throwable; 212 0 97 0 -1
ciInstanceKlass java/util/Properties 1 1 690 10 7 12 1 1 1 100 1 10 7 12 1 1 7 1 10 12 1 9 12 1 1 9 12 1 1 9 12 1 1 10 7 12 1 1 1 10 12 1 1 8 1 10 7 12 1 1 1 7 1 10 12 1 10 12 1 1 8 1 10 12 1 7 1 10 12 10 12 1 1 9 12 1 1 10 12 1 1 7 1 10 12 1 10 12 1 10 12 1 1 100 1 8 1 10 12 1 10 12 1 10 12 1 1 10 12 1 7 1 3 10 10 100 12 1 1 1 10 12 1 10 12 1 1 8 1 10 12 1 10 12 1 1 8 1 10 100 12 1 1 10 12 1 1 10 12 1 10 12 1 1 100 1 10 12 1 10 12 1 1 100 1 9 100 12 1 1 1 10 12 1 10 12 1 1 10 12 1 1 10 12 1 1 100 1 9 12 1 1 7 1 7 1 10 12 1 7 1 11 7 12 1 1 1 11 12 1 1 11 7 12 1 1 1 11 7 12 1 1 1 11 12 1 1 11 12 1 11 12 1 10 12 1 1 8 1 10 12 1 10 100 12 1 1 10 12 1 100 1 10 10 12 1 10 12 1 100 1 10 10 12 1 1 10 7 12 1 1 9 100 12 1 1 10 12 1 1 10 100 12 1 1 1 100 1 100 1 100 1 10 8 1 8 1 10 12 1 10 12 1 10 12 1 1 10 10 12 1 1 10 12 1 1 100 1 10 10 12 1 11 7 12 1 1 10 7 12 1 1 1 8 1 10 100 12 1 1 11 11 7 1 8 1 10 100 1 11 10 12 1 10 10 12 1 10 12 1 1 10 12 1 1 10 12 1 1 10 12 1 10 12 1 10 10 12 1 10 12 1 10 12 1 10 10 12 1 1 10 12 1 1 10 10 12 1 10 12 1 10 12 1 10 12 1 10 12 1 1 10 12 1 1 10 12 1 10 12 1 10 12 1 1 10 12 10 12 1 1 10 12 1 1 10 12 1 10 12 1 1 10 12 1 1 10 12 10 11 12 1 4 11 10 12 1 1 10 100 12 1 1 11 12 1 10 12 1 1 10 100 12 1 1 10 12 1 100 1 8 1 10 12 1 10 10 100 12 1 1 1 100 1 6 0 10 12 1 1 11 100 12 1 1 1 10 12 1 10 12 1 1 1 1 1 5 0 1 1 1 1 1 1 1 1 1 1 1 1 1 1 1 1 1 1 1 1 1 1 1 1 1 1 1 1 1 1 1 1 1 1 1 1 1 1 1 100 1 1 1 1 1 1 1 1 1 1 1 1 1 1 1 1 1 1 1 1 100 1 1 1 1 1 1 1 1 1 1 1 1 7 1 7 1 1 1 1 1 100 1 1 1 1 1 1 1 1 1 1 1 1 1 1 1 1 1 1 1 1 1 1 1 1 1 1 1 1 1 1 1 1 1 1 1 1 1 1 1 1 1 1 1 1 1 1 1 1 1 1 1 1 1 1 1 1 1 1 1 1 1 1 1 1 1 1 1 1 1 1 1 1 1 1 1 1 1 7 1 1 1 1 1 1 1 1 1 1 1 100 1 1
staticfield java/util/Properties UNSAFE Ljdk/internal/misc/Unsafe; jdk/internal/misc/Unsafe
instanceKlass java/util/Hashtable
ciInstanceKlass java/util/Dictionary 1 1 36 10 7 12 1 1 1 100 1 1 1 1 1 1 1 1 1 1 1 1 1 1 1 1 1 1 1 1 1 1 1 1 1 1 1 1
instanceKlass org/apache/commons/logging/impl/WeakHashtable
instanceKlass java/util/Properties
ciInstanceKlass java/util/Hashtable 1 1 516 7 1 10 7 12 1 1 1 9 7 12 1 1 1 100 1 7 1 10 8 1 10 12 1 1 10 12 1 10 12 1 1 10 12 1 10 7 12 1 1 1 8 1 10 12 1 9 12 1 1 7 1 9 12 1 1 4 10 7 12 1 1 1 9 12 1 4 10 12 1 11 7 12 1 1 1 10 12 1 1 10 12 1 1 9 12 1 10 12 1 1 100 1 10 9 12 1 1 10 7 12 1 1 1 9 12 1 1 10 12 1 10 12 1 3 9 12 1 9 12 1 3 10 12 1 10 12 1 10 12 1 1 11 12 1 1 11 100 12 1 1 1 11 7 12 1 1 1 11 12 1 100 1 11 12 1 11 12 1 10 12 1 1 10 12 1 1 10 12 1 9 12 1 1 9 12 9 12 1 1 10 100 1 7 1 10 12 1 10 8 1 10 10 12 1 8 1 10 8 1 10 100 12 1 1 1 7 1 10 12 1 10 12 1 100 1 10 12 1 10 12 1 1 100 1 10 100 1 10 10 12 1 1 11 12 1 1 11 12 1 7 1 10 10 10 100 12 1 1 11 100 12 1 1 1 100 1 10 11 100 12 1 1 11 100 12 1 10 12 1 10 12 1 1 10 100 12 1 1 10 12 1 1 10 12 1 1 10 12 1 1 10 100 12 1 1 1 8 10 100 12 1 1 100 1 8 1 10 4 4 10 12 1 1 10 12 1 8 1 4 10 12 10 100 12 1 1 1 100 1 11 100 12 1 1 1 10 100 12 1 1 1 10 12 1 10 12 1 1 10 7 1 7 1 1 1 1 1 1 5 0 1 1 1 1 1 3 1 3 1 3 1 1 1 1 1 1 1 1 1 1 1 1 1 1 1 1 1 1 1 1 1 1 1 1 1 100 1 1 1 1 1 1 1 1 1 1 1 1 1 1 1 1 1 1 1 1 1 1 1 1 1 1 1 1 1 7 1 1 1 1 1 1 1 1 1 1 1 1 1 1 7 1 1 1 1 1 1 1 1 1 1 1 1 1 1 1 1 1 1 1 1 1 1 1 1 1 1 1 1 1 1 1 1 1 1 1 1 1 1 1 1 1 1 1 1 100 1 1 1 7 1 1 1 1 1 7 1 1 1 1 1 1 1 1 1 1 1 1 1 1 1 1 1 1
ciInstanceKlass java/lang/String 1 1 1451 10 7 12 1 1 1 8 1 9 7 12 1 1 1 9 12 1 1 9 12 1 1 9 12 1 1 10 12 1 10 12 1 1 10 12 1 1 9 12 1 10 7 12 1 1 1 10 12 1 1 10 12 1 10 7 12 1 1 1 10 12 1 1 10 12 1 1 10 12 1 10 12 1 1 10 12 1 10 7 12 1 1 1 7 1 9 7 12 1 1 1 10 7 12 1 1 1 10 12 1 1 10 12 1 1 10 7 12 1 1 1 10 12 1 1 9 7 12 1 1 10 12 9 7 12 1 1 10 12 1 1 3 10 12 1 1 7 1 11 12 1 1 11 12 1 11 12 1 1 10 100 12 1 1 1 10 12 1 1 9 100 12 1 1 1 10 12 1 1 10 12 1 11 12 1 1 10 12 1 10 12 10 12 1 1 10 7 12 1 1 1 10 7 12 1 1 1 10 12 1 1 100 1 7 1 10 12 1 10 12 1 10 12 1 1 10 12 1 1 100 1 10 12 1 1 100 1 10 12 1 1 10 12 1 1 10 12 1 10 10 12 1 100 1 100 1 100 1 10 12 1 10 12 1 1 10 12 1 1 10 12 1 10 12 1 1 10 12 1 1 10 100 12 1 1 100 1 11 10 7 12 1 1 11 12 1 11 12 1 10 12 1 1 10 12 1 10 12 10 12 1 1 10 10 100 12 1 1 1 10 100 12 1 1 10 12 1 1 10 100 12 1 1 10 12 1 10 12 1 1 10 12 1 1 10 12 1 10 12 1 10 12 1 1 100 1 10 12 1 1 10 12 10 12 1 10 12 1 1 10 12 1 1 10 7 12 1 1 1 10 12 1 10 12 1 1 10 12 1 10 12 1 3 3 10 12 1 1 10 12 1 10 12 1 1 10 12 1 1 10 12 1 1 10 12 1 10 12 1 1 10 12 1 1 10 12 1 10 12 1 10 12 1 10 12 1 1 10 12 1 10 12 1 10 12 1 10 12 1 10 12 1 10 12 1 10 7 1 10 8 1 10 12 1 1 10 12 1 8 1 10 12 1 1 10 12 10 12 1 8 1 10 10 12 1 1 10 12 1 1 10 12 1 1 10 7 1 10 10 12 1 10 12 1 10 12 1 10 10 12 1 10 12 1 10 12 1 10 12 1 10 12 1 10 12 1 10 12 1 1 10 12 1 1 10 12 1 1 10 10 12 1 1 10 10 12 1 100 1 10 10 12 1 1 10 12 1 1 10 7 1 10 12 1 10 12 1 10 7 12 1 1 1 10 12 1 10 12 1 1 10 12 1 11 7 1 11 12 10 12 1 10 12 1 1 10 12 1 1 10 10 12 1 10 12 1 9 12 1 1 11 7 12 1 1 1 10 12 10 10 12 1 10 12 1 1 10 10 12 1 10 12 1 10 12 1 1 10 12 1 1 10 10 12 1 1 10 12 1 10 10 12 1 10 12 10 10 12 10 10 12 1 10 12 1 10 10 12 10 7 12 1 1 1 10 12 10 10 12 10 12 1 10 12 10 12 10 10 12 1 10 12 1 1 10 12 1 1 10 10 12 1 10 7 12 1 1 1 10 12 1 1 10 10 7 12 1 1 1 11 10 12 1 10 12 1 1 10 12 1 1 10 7 12 1 1 1 10 12 1 10 12 1 10 12 1 10 12 1 10 12 1 10 12 1 100 1 7 1 8 1 10 10 10 12 1 10 12 1 1 8 1 10 12 1 3 3 10 12 1 10 12 1 1 10 12 7 1 10 10 12 1 1 10 12 1 10 12 1 10 12 1 1 10 12 1 1 11 7 12 1 1 1 7 1 10 12 1 10 12 1 1 8 1 10 12 1 1 10 12 1 11 7 12 1 1 1 11 7 12 1 1 11 12 1 10 12 1 10 12 1 1 10 10 100 12 1 1 1 10 12 1 10 12 1 10 10 12 10 12 1 1 10 10 12 1 10 10 12 1 10 10 12 1 10 10 12 1 10 12 1 1 10 10 12 1 8 1 10 12 1 1 18 12 1 1 11 100 12 1 1 1 7 1 3 18 12 1 18 12 1 8 1 10 100 12 1 1 1 11 12 1 1 10 12 10 10 12 1 10 11 12 1 1 10 12 1 1 11 12 1 18 3 11 10 12 1 11 11 10 12 1 10 12 1 1 8 1 10 12 1 10 12 1 10 12 1 1 10 10 12 1 11 100 12 1 100 1 100 1 10 12 100 1 10 10 100 12 1 1 1 100 1 10 7 1 10 10 12 1 10 10 12 1 8 1 10 10 12 1 8 1 8 1 10 12 1 10 12 1 10 10 12 10 7 12 1 1 10 7 12 1 1 10 7 12 1 1 8 1 10 12 1 10 12 1 10 9 12 1 10 12 9 7 12 1 1 1 10 12 1 10 12 1 10 12 1 10 12 10 12 1 10 12 1 8 1 10 100 12 1 1 1 10 12 10 12 1 1 10 12 10 10 12 10 12 7 1 9 12 1 1 7 1 10 7 1 7 1 7 1 7 1 1 1 1 1 1 5 0 1 1 1 1 1 3 1 3 1 1 1 1 1 1 1 1 1 1 1 1 1 1 1 100 1 1 1 1 1 1 1 1 1 1 1 1 1 1 1 1 1 1 1 1 1 1 1 1 1 1 1 1 1 1 1 100 1 1 1 1 1 1 1 1 1 1 1 1 7 1 1 1 1 1 1 1 1 1 1 1 1 1 1 1 1 1 1 1 1 1 1 1 1 1 1 1 1 1 1 1 1 1 1 1 1 1 1 1 1 1 1 1 1 1 1 1 1 1 1 1 1 1 1 1 1 1 1 1 1 1 1 1 1 1 1 1 1 1 1 1 1 1 1 1 1 1 1 1 1 1 1 1 1 1 1 1 1 1 1 1 1 1 1 1 1 1 1 1 1 1 1 1 1 1 1 1 1 1 1 1 1 1 1 1 1 1 1 1 1 1 1 1 1 1 1 1 1 1 1 1 1 1 1 1 1 1 1 1 1 1 1 1 1 1 1 1 1 1 1 1 1 1 1 1 1 1 1 1 1 1 1 1 1 1 1 1 1 1 1 1 1 1 1 100 1 1 1 1 1 1 1 1 1 1 1 1 1 1 1 1 1 1 1 1 1 1 1 100 1 1 1 1 1 1 1 1 1 1 1 1 1 1 1 7 1 1 1 1 1 1 1 1 1 1 1 1 1 1 1 16 15 10 12 16 15 10 12 15 10 12 15 10 12 15 10 100 12 1 1 1 1 1 1 1 100 1 100 1 1 1
staticfield java/lang/String COMPACT_STRINGS Z 1
staticfield java/lang/String serialPersistentFields [Ljava/io/ObjectStreamField; 0 [Ljava/io/ObjectStreamField;
staticfield java/lang/String CASE_INSENSITIVE_ORDER Ljava/util/Comparator; java/lang/String$CaseInsensitiveComparator
ciInstanceKlass java/lang/constant/ConstantDesc 1 0 37 100 1 100 1 1 1 1 100 1 1 1 1 100 1 100 1 100 1 100 1 100 1 100 1 100 1 100 1 100 1 1 100 1 100 1 1
ciInstanceKlass jdk/internal/misc/VM 1 1 320 10 7 12 1 1 1 9 7 12 1 1 1 9 12 1 1 7 1 7 1 10 8 1 10 12 1 1 10 12 1 10 12 1 1 10 12 1 10 12 1 10 12 1 9 12 1 1 8 1 10 12 1 9 12 1 1 9 12 1 9 12 1 3 10 7 12 1 1 1 9 12 1 1 100 1 8 1 10 11 7 12 1 1 1 7 1 10 100 12 1 1 1 10 12 1 8 1 8 1 10 12 1 1 8 1 10 12 1 1 10 7 12 1 1 1 10 12 1 1 10 7 12 1 1 1 5 0 8 1 8 1 8 1 10 12 1 1 10 12 1 1 10 7 12 1 1 1 10 12 1 9 12 1 100 1 10 12 1 10 7 12 1 1 9 12 1 9 12 1 9 7 12 1 1 1 9 12 1 9 12 1 9 12 1 9 12 1 9 12 1 10 12 1 10 12 1 10 12 1 10 12 1 10 12 1 9 100 12 1 1 1 5 0 10 1 1 3 1 3 1 3 1 3 1 3 1 1 1 1 1 1 1 1 1 3 1 3 1 3 1 1 1 1 1 1 1 7 1 1 1 100 1 1 1 1 1 1 1 1 1 1 1 1 1 1 1 1 1 1 1 1 1 1 1 1 1 1 1 1 1 1 1 1 1 1 1 1 1 1 1 1 1 1 1 1 1 1 1 1 1 1 1 1 1 1 1 1 1 1 1 1 100 1 1 7 1 1 1 1
staticfield jdk/internal/misc/VM lock Ljava/lang/Object; java/lang/Object
ciInstanceKlass java/lang/InternalError 0 0 34 10 100 12 1 1 1 10 12 1 10 12 1 10 12 1 100 1 1 1 1 5 0 1 1 1 1 1 1 1 1 1 1 1
instanceKlass java/lang/ThreadDeath
instanceKlass java/util/ServiceConfigurationError
instanceKlass java/lang/VirtualMachineError
instanceKlass java/lang/LinkageError
ciInstanceKlass java/lang/Error 1 1 40 10 7 12 1 1 1 10 12 1 10 12 1 10 12 1 10 12 1 100 1 1 1 1 5 0 1 1 1 1 1 1 1 1 1 1 1 1 1 1
instanceKlass java/lang/StackOverflowError
instanceKlass java/lang/OutOfMemoryError
instanceKlass java/lang/InternalError
ciInstanceKlass java/lang/VirtualMachineError 1 1 34 10 100 12 1 1 1 10 12 1 10 12 1 10 12 1 100 1 1 1 1 5 0 1 1 1 1 1 1 1 1 1 1 1
ciInstanceKlass java/util/Set 1 1 144 100 1 10 7 12 1 1 1 9 7 12 1 1 1 7 1 10 12 1 1 10 12 1 7 1 7 1 10 12 1 7 1 7 1 11 7 12 1 1 1 11 12 1 1 7 1 10 12 1 10 12 1 1 11 12 1 1 1 1 1 1 1 1 1 1 1 1 1 1 1 1 1 1 1 1 1 1 1 1 1 1 1 1 1 1 1 1 1 1 1 1 1 1 1 1 1 1 1 1 1 1 1 1 1 1 1 1 1 1 1 1 1 1 1 1 1 1 1 1 1 1 1 1 1 1 1 1 1 1 1 1 1 1 1 1 1 1 1 1 1 1 1 1
ciInstanceKlass java/util/Iterator 1 1 53 100 1 8 1 10 12 1 1 10 7 12 1 1 1 11 7 12 1 1 1 11 12 1 1 11 7 12 1 1 1 7 1 1 1 1 1 1 1 1 1 1 1 1 1 1 1 1 1 1 1 1 1
ciInstanceKlass java/util/Map$Entry 1 0 178 18 12 1 1 7 1 100 1 18 10 100 12 1 1 1 18 12 1 18 100 1 11 7 12 1 1 1 11 12 1 11 7 12 1 1 1 10 100 12 1 1 1 10 7 12 1 1 1 8 1 10 12 1 1 8 1 8 1 8 1 10 12 1 10 12 1 8 10 7 1 10 12 1 8 10 12 1 8 1 10 12 1 8 10 12 1 8 1 10 12 1 1 8 1 100 1 8 1 10 12 1 1 11 12 7 1 11 12 1 1 1 1 1 1 1 1 1 1 1 1 1 1 1 1 1 1 1 1 1 1 1 1 1 1 1 1 1 1 1 1 1 1 1 1 1 1 1 16 15 11 12 16 3 3 15 11 12 15 11 12 15 11 12 15 10 100 12 1 1 1 1 1 100 1 100 1 1
instanceKlass sun/nio/ch/NioSocketImpl$1
instanceKlass java/net/Socket$SocketInputStream
instanceKlass java/util/zip/ZipFile$ZipFileInputStream
instanceKlass java/io/FilterInputStream
instanceKlass java/io/FileInputStream
instanceKlass java/io/ByteArrayInputStream
ciInstanceKlass java/io/InputStream 1 1 195 7 1 10 7 12 1 1 1 100 1 10 10 7 12 1 1 1 10 7 12 1 1 1 10 12 1 100 1 3 10 12 1 1 100 1 8 1 10 12 1 10 100 12 1 1 1 3 7 1 8 1 10 10 100 12 1 1 1 7 1 10 11 7 12 1 1 1 10 12 1 1 11 12 1 1 11 7 12 1 1 1 11 12 1 1 100 1 10 7 12 1 1 1 5 0 10 12 1 10 12 1 1 100 1 10 8 1 10 8 1 8 1 10 12 1 1 10 100 12 1 1 1 7 1 5 0 10 12 1 100 1 7 1 1 1 1 3 1 3 1 1 1 1 1 1 1 1 1 1 1 1 1 1 1 1 1 1 1 1 1 1 1 1 1 1 1 1 1 1 1 1 1 1 1 1 1 1 1 1 1 1 1 1 1 1 1 1 1 1 1 1 1 1 1
ciInstanceKlass jdk/internal/misc/Unsafe 1 1 1287 10 7 12 1 1 1 9 7 12 1 1 1 9 12 1 1 10 12 1 1 10 7 12 1 1 1 10 12 1 1 10 12 1 1 10 12 1 1 10 12 1 1 10 12 1 1 10 12 1 1 10 12 1 1 10 12 1 1 10 12 1 1 10 12 1 1 10 12 1 1 10 12 1 1 10 12 1 1 10 12 1 10 12 1 100 1 10 10 12 1 1 10 12 1 1 5 0 10 12 1 1 10 12 1 1 10 7 12 1 1 1 10 12 1 1 10 12 1 10 12 1 10 12 1 1 10 12 1 1 10 12 1 10 12 1 7 1 7 1 10 8 1 10 12 1 1 10 12 1 8 1 10 12 1 1 10 12 1 10 12 1 10 12 1 1 10 12 1 10 12 1 1 10 12 1 1 10 12 1 10 12 1 10 12 1 10 12 1 1 10 12 1 10 12 1 10 12 1 1 10 12 1 5 0 5 0 5 0 10 12 1 10 12 1 10 12 1 10 12 1 10 12 1 10 12 1 10 12 1 10 12 1 10 12 1 1 10 12 1 10 12 1 7 1 8 1 10 100 1 10 10 12 1 1 10 12 1 1 10 12 1 10 12 1 1 10 12 1 1 10 12 1 10 12 1 1 10 12 1 9 7 12 1 1 9 12 1 100 1 10 10 12 1 1 8 1 10 8 1 8 1 10 12 1 1 9 7 12 1 1 1 9 7 1 9 7 1 9 7 1 9 9 7 1 9 7 1 9 7 1 10 12 1 1 10 12 1 1 10 12 1 1 10 12 1 1 5 0 5 0 9 12 1 1 10 12 1 10 12 1 10 12 1 1 10 12 1 1 10 12 1 8 1 3 10 12 1 1 10 12 1 1 10 12 1 10 12 1 1 10 12 1 1 10 12 1 10 12 1 10 12 1 10 12 1 10 12 1 10 12 1 1 10 12 1 1 10 12 1 10 12 1 10 12 1 10 12 1 10 12 1 10 12 1 1 10 12 1 1 10 12 1 10 12 1 10 12 1 10 12 1 10 12 1 10 12 1 1 10 12 1 1 10 12 1 1 10 12 1 1 10 12 1 10 12 1 10 12 1 10 12 1 10 12 1 10 12 1 10 12 1 1 10 12 1 1 10 12 1 10 12 1 10 12 1 10 12 1 10 12 1 10 12 1 10 12 1 1 10 12 1 1 10 12 1 10 12 1 10 12 1 10 12 1 10 12 1 10 12 1 10 12 1 10 12 1 1 10 12 1 10 12 1 10 12 1 10 12 1 10 12 1 1 10 12 1 10 12 1 10 12 1 10 12 1 10 12 1 10 12 1 10 12 1 10 12 1 1 10 12 1 10 12 1 10 12 1 10 12 1 10 12 1 10 12 1 1 10 12 1 10 12 1 10 12 1 1 10 12 1 10 12 1 10 12 1 10 12 1 10 12 1 10 12 1 10 12 1 10 12 1 10 12 1 10 12 1 10 12 1 10 12 1 10 12 1 10 12 1 10 12 1 10 12 1 10 12 1 10 12 1 10 12 1 10 12 1 10 12 1 10 12 1 10 12 1 100 1 10 100 1 10 9 12 1 5 0 10 12 1 1 5 0 10 12 1 5 0 10 12 1 10 12 1 10 12 1 1 10 12 1 1 10 12 1 10 12 1 10 12 1 10 12 1 1 10 12 1 10 12 1 10 12 1 10 12 1 10 12 1 1 10 12 1 10 12 1 10 12 1 10 12 1 1 10 12 1 10 12 1 10 12 1 1 10 12 1 10 12 1 10 12 1 10 12 1 1 10 12 1 10 10 12 1 1 10 12 1 10 12 1 1 10 12 1 10 12 5 0 5 0 5 0 10 12 1 1 10 12 1 10 12 1 10 12 10 100 12 1 1 8 1 100 1 11 12 1 1 8 1 11 12 1 1 10 100 12 1 1 10 12 1 10 12 1 10 12 1 10 12 1 10 12 1 1 10 12 1 10 12 1 10 12 1 10 12 1 10 12 1 10 12 1 10 7 1 10 12 1 9 12 1 7 1 9 12 1 7 1 9 12 1 7 1 9 12 1 7 1 9 12 1 7 1 9 12 1 7 1 9 12 1 7 1 9 12 1 7 1 9 12 1 10 12 1 9 12 1 9 12 1 9 12 1 9 12 1 9 12 1 9 12 1 9 12 1 9 12 1 9 12 1 9 12 1 1 1 3 1 1 1 1 1 1 1 1 1 1 1 1 1 1 1 1 1 1 1 1 1 1 1 1 1 1 1 1 1 1 1 1 1 1 1 1 1 1 1 1 1 1 1 1 1 1 1 1 1 1 1 1 1 1 1 1 1 1 1 1 1 1 1 1 1 1 1 1 1 1 1 1 1 1 1 1 1 1 1 1 1 1 1 1 1 1 1 1 1 100 1 1 1 1 1 1 1 1 1 1 1 1 1 1 1 1 1 1 1 1 1 1 1 1 1 1 1 1 1 1 1 1 1 1 1 1 1 1 1 1 1 1 1 1 1 1 1 1 1 1 1 1 1 1 1 1 1 1 1 1 1 1 1 1 1 1 1 1 1 1 1 1 1 1 1 1 1 1 1 1 1 1 1 1 1 1 1 1 1 1 1 1 1 1 1 1 1 1 1 1 1 1 1 1 1 1 1 1 1 1 1 1 1 1 1 1 1 1 1 1 1 1 1 1 1 1 1 1 1 1 1 1 1 1 1 1 1 1 1 1 1 1 1 1 1 1 1 1 1 1 1 1 1 1 1 1 1 1 1 1 1 1 1 1 1 1 1 1 1 1 1 1 1 1 1 1 1 1 1 1 1 1 1 1 1 1 1 1 1 1 1 1 1 1 1 1 1 1 1 1 1 1 1 1 1 1 3 1 1 1 1 1 1 1 1 1 1 1 1 1 1 1 1 1 1 1 1 1
staticfield jdk/internal/misc/Unsafe theUnsafe Ljdk/internal/misc/Unsafe; jdk/internal/misc/Unsafe
staticfield jdk/internal/misc/Unsafe ARRAY_BOOLEAN_BASE_OFFSET I 16
staticfield jdk/internal/misc/Unsafe ARRAY_BYTE_BASE_OFFSET I 16
staticfield jdk/internal/misc/Unsafe ARRAY_SHORT_BASE_OFFSET I 16
staticfield jdk/internal/misc/Unsafe ARRAY_CHAR_BASE_OFFSET I 16
staticfield jdk/internal/misc/Unsafe ARRAY_INT_BASE_OFFSET I 16
staticfield jdk/internal/misc/Unsafe ARRAY_LONG_BASE_OFFSET I 16
staticfield jdk/internal/misc/Unsafe ARRAY_FLOAT_BASE_OFFSET I 16
staticfield jdk/internal/misc/Unsafe ARRAY_DOUBLE_BASE_OFFSET I 16
staticfield jdk/internal/misc/Unsafe ARRAY_OBJECT_BASE_OFFSET I 16
staticfield jdk/internal/misc/Unsafe ARRAY_BOOLEAN_INDEX_SCALE I 1
staticfield jdk/internal/misc/Unsafe ARRAY_BYTE_INDEX_SCALE I 1
staticfield jdk/internal/misc/Unsafe ARRAY_SHORT_INDEX_SCALE I 2
staticfield jdk/internal/misc/Unsafe ARRAY_CHAR_INDEX_SCALE I 2
staticfield jdk/internal/misc/Unsafe ARRAY_INT_INDEX_SCALE I 4
staticfield jdk/internal/misc/Unsafe ARRAY_LONG_INDEX_SCALE I 8
staticfield jdk/internal/misc/Unsafe ARRAY_FLOAT_INDEX_SCALE I 4
staticfield jdk/internal/misc/Unsafe ARRAY_DOUBLE_INDEX_SCALE I 8
staticfield jdk/internal/misc/Unsafe ARRAY_OBJECT_INDEX_SCALE I 4
staticfield jdk/internal/misc/Unsafe ADDRESS_SIZE I 8
instanceKlass jdk/internal/reflect/DelegatingClassLoader
instanceKlass java/security/SecureClassLoader
ciInstanceKlass java/lang/ClassLoader 1 1 1108 9 7 12 1 1 1 10 7 12 1 1 1 9 12 1 1 10 7 12 1 1 1 7 1 10 12 1 1 10 12 1 1 9 12 1 1 10 12 1 1 100 1 10 12 1 10 12 1 1 10 7 12 1 1 1 100 1 8 1 10 12 1 10 7 12 1 1 1 10 7 12 1 10 7 1 10 7 1 7 1 7 1 10 12 1 10 12 1 9 12 1 1 10 10 7 12 1 1 1 9 12 1 1 9 12 1 9 12 1 1 9 12 1 9 12 1 1 9 12 1 1 7 1 10 12 1 9 12 1 1 10 12 1 1 10 7 12 1 1 1 9 12 1 9 12 1 1 9 12 1 10 12 1 1 9 12 10 12 1 1 7 1 10 8 1 10 12 1 1 10 12 1 10 7 1 7 1 10 12 1 1 10 7 12 1 1 1 8 1 10 12 1 10 12 1 10 12 1 1 10 12 1 1 10 12 1 1 10 12 1 1 10 12 1 1 10 12 1 7 1 10 12 1 10 100 12 1 1 1 10 12 1 1 10 12 1 10 12 1 10 12 1 10 12 1 10 12 1 1 10 10 12 1 10 12 1 10 100 12 1 1 10 12 1 1 10 12 1 1 10 12 1 100 1 10 12 1 7 1 10 12 1 10 7 12 1 1 1 10 10 12 1 1 10 12 1 1 7 1 8 1 10 8 1 10 12 1 10 12 1 100 1 8 1 10 12 1 1 10 12 1 1 10 10 12 1 1 10 12 1 1 10 12 1 1 10 7 1 10 12 1 1 10 12 1 1 10 12 1 1 10 12 1 1 10 12 1 1 10 12 1 1 10 12 1 10 100 12 1 1 1 10 12 1 10 12 1 10 12 1 1 10 12 1 10 12 1 10 12 1 10 12 1 1 10 12 1 10 12 1 1 8 1 9 12 1 10 12 1 1 8 1 8 1 10 7 12 1 1 100 1 10 10 12 10 12 1 10 12 1 10 12 1 10 12 1 1 10 7 12 1 1 10 12 1 10 7 1 7 1 10 12 1 1 10 12 1 10 7 1 10 12 1 100 1 18 12 1 10 100 12 1 1 1 10 100 12 1 1 1 10 7 12 1 1 10 12 1 10 12 1 100 1 10 12 1 8 1 10 10 12 1 1 10 12 1 10 12 1 1 100 1 10 12 1 10 12 1 1 10 7 12 1 1 10 12 1 8 1 100 1 10 10 12 1 9 12 1 10 7 12 1 1 10 12 1 7 1 8 1 10 12 1 10 8 1 8 1 10 12 1 1 10 12 1 1 10 12 1 1 10 7 12 1 1 7 1 100 1 10 12 1 1 7 1 7 1 10 7 12 1 1 10 12 1 10 12 1 1 10 12 1 10 12 1 1 10 12 1 1 9 100 12 1 1 1 10 12 1 1 10 12 1 10 12 1 10 12 1 1 10 12 1 8 1 7 1 18 12 1 1 10 12 1 1 10 12 1 10 12 1 10 12 1 8 1 10 12 1 10 12 1 18 12 1 11 100 12 1 1 1 100 1 10 12 1 1 10 12 1 10 11 12 1 1 10 18 10 12 1 1 11 7 12 1 18 12 1 11 12 1 1 10 12 10 12 1 1 10 12 1 1 100 1 8 1 10 10 12 1 8 1 8 1 10 100 12 1 1 10 12 1 100 1 10 10 12 1 8 1 8 1 8 1 10 12 1 10 12 1 1 10 12 1 10 7 12 1 1 1 11 7 12 1 1 100 1 10 11 10 12 1 10 12 1 10 12 1 1 9 7 12 1 1 9 12 1 1 9 12 9 12 1 9 12 1 9 12 1 8 10 12 1 1 10 7 12 1 1 1 10 12 1 1 10 12 1 1 10 12 1 10 10 12 1 11 12 1 1 10 100 12 1 1 1 100 1 10 12 1 10 12 1 10 12 1 1 1 1 1 1 1 1 1 1 1 1 1 1 1 1 1 1 1 1 1 1 1 1 1 1 1 1 100 1 1 1 1 1 1 1 1 1 1 1 1 1 1 1 1 1 1 1 1 1 100 1 1 1 1 1 1 1 1 1 1 100 1 1 1 1 1 1 1 1 1 1 1 1 1 1 1 1 1 1 1 1 1 1 1 1 1 1 1 1 1 1 1 1 1 1 1 1 1 1 1 1 1 100 1 1 1 1 1 1 1 1 1 1 1 1 1 1 1 1 1 1 1 7 1 1 1 1 1 1 1 1 1 1 1 1 1 1 1 1 1 1 1 1 1 1 1 1 1 1 1 1 1 1 1 1 1 1 1 1 1 1 1 1 1 1 1 1 1 1 1 1 1 1 100 1 1 1 1 1 1 1 1 1 1 1 1 1 1 1 1 1 1 1 1 1 1 1 1 1 1 1 1 1 1 1 1 1 1 1 1 1 1 1 1 1 1 1 1 1 1 16 1 15 10 12 16 1 16 15 10 12 16 1 16 1 15 10 12 16 15 10 12 16 15 10 12 16 15 10 7 12 1 1 1 1 1 100 1 100 1 1
staticfield java/lang/ClassLoader nocerts [Ljava/security/cert/Certificate; 0 [Ljava/security/cert/Certificate;
staticfield java/lang/ClassLoader $assertionsDisabled Z 1
ciInstanceKlass java/lang/reflect/Constructor 1 1 439 10 100 12 1 1 1 10 100 12 1 1 9 7 12 1 1 1 10 12 1 1 10 12 1 1 10 100 12 1 1 9 12 1 1 10 7 12 1 1 1 9 12 1 1 9 12 1 1 9 12 1 9 12 1 1 9 12 1 9 12 1 1 9 12 1 1 9 12 1 100 1 8 1 10 12 1 10 12 1 9 12 1 1 10 7 12 1 1 10 7 12 1 1 1 10 12 1 1 10 12 1 1 10 12 1 7 1 100 1 8 1 10 10 12 1 10 12 1 10 12 1 1 10 12 1 1 9 100 12 1 1 1 10 7 12 1 1 10 12 1 1 10 12 1 10 12 1 1 10 7 12 1 1 1 10 7 12 1 1 10 12 1 1 10 12 1 10 7 12 1 1 1 8 1 10 10 12 1 100 1 8 1 10 12 1 10 12 1 1 10 12 1 1 10 12 1 10 12 1 10 12 1 1 10 12 1 1 9 12 1 1 10 12 1 1 10 12 1 1 10 12 1 1 11 7 12 1 1 1 10 12 1 1 10 12 1 10 12 1 10 12 1 8 1 9 12 1 1 10 7 12 1 1 1 10 7 12 1 1 10 12 1 1 10 12 1 1 10 12 1 1 10 12 1 1 10 12 1 9 7 12 1 1 10 12 1 10 12 1 10 12 1 100 1 8 1 10 10 12 1 1 10 12 1 10 10 12 1 1 10 12 1 1 10 100 12 1 1 1 11 100 12 1 1 1 10 12 1 1 9 100 12 1 1 1 10 100 12 1 1 1 10 12 1 1 1 1 1 1 1 1 1 1 1 1 1 1 1 1 1 1 1 1 1 1 1 1 1 1 1 1 1 1 1 1 1 1 1 1 1 1 1 1 1 1 1 1 1 1 1 1 1 1 1 1 100 1 100 1 100 1 100 1 1 1 1 1 1 1 1 1 1 1 1 1 1 1 1 1 1 1 1 1 1 1 1 1 1 1 1 1 1 1 1 1 100 1 1
instanceKlass java/lang/reflect/Executable
instanceKlass java/lang/reflect/Field
ciInstanceKlass java/lang/reflect/AccessibleObject 1 1 400 10 7 12 1 1 1 9 100 12 1 1 1 10 7 12 1 1 1 10 7 12 1 1 10 7 12 1 1 1 10 100 12 1 1 1 10 12 1 1 10 12 1 1 9 12 1 1 7 1 10 7 12 1 1 1 11 12 1 7 1 10 12 1 7 1 100 1 10 12 1 10 12 1 1 10 12 1 1 10 12 1 1 10 12 1 1 7 1 10 7 12 1 1 1 10 12 1 1 11 10 7 12 1 1 1 10 12 1 1 10 12 1 10 12 1 10 12 1 1 10 12 1 8 1 7 1 7 1 10 10 12 1 1 8 1 10 12 1 10 12 1 8 1 8 1 8 1 8 1 8 1 8 1 8 1 8 1 8 1 100 1 10 12 1 10 12 1 9 12 1 1 10 12 1 1 10 12 1 10 7 1 100 1 8 1 10 8 1 10 12 1 8 1 10 12 1 10 12 1 1 10 100 1 8 1 10 11 7 12 1 1 1 10 12 1 1 10 12 1 1 10 12 1 1 9 12 1 1 100 1 10 12 1 7 1 10 12 1 10 12 1 1 10 100 1 10 12 1 10 12 10 12 1 10 12 1 10 12 1 1 10 12 1 9 12 1 10 100 12 1 1 8 1 10 100 12 1 1 1 8 1 10 7 12 1 1 1 9 12 1 7 1 10 7 1 10 10 7 12 1 1 1 7 1 10 10 7 12 1 1 1 7 1 9 12 1 1 1 1 1 1 1 1 1 1 1 1 1 1 1 1 1 1 1 1 1 1 1 1 1 1 1 1 1 1 1 1 1 1 1 1 1 1 1 1 1 1 1 1 1 1 1 1 1 1 1 1 1 1 1 1 1 1 1 1 1 1 1 1 1 1 1 1 1 1 1 1 1 1 1 1 1 1 1 1 1 1 1 1
staticfield java/lang/reflect/AccessibleObject reflectionFactory Ljdk/internal/reflect/ReflectionFactory; jdk/internal/reflect/ReflectionFactory
instanceKlass java/lang/reflect/Constructor
instanceKlass java/lang/reflect/Method
ciInstanceKlass java/lang/reflect/Executable 1 1 581 10 7 12 1 1 1 10 7 12 1 1 1 10 7 12 1 1 1 11 7 12 1 1 1 10 7 12 1 1 1 10 12 1 1 10 7 12 1 1 1 10 7 12 1 1 1 10 12 1 8 1 10 10 12 1 1 10 12 1 1 10 7 12 1 1 1 18 12 1 1 11 7 12 1 1 1 8 1 8 1 8 1 10 7 12 1 1 1 11 12 1 1 7 1 8 1 8 1 10 12 1 7 1 8 1 10 12 1 8 1 11 100 12 1 1 1 7 1 11 7 12 1 1 1 11 12 1 8 1 18 8 1 10 12 1 10 12 1 1 18 8 1 10 12 1 100 1 10 12 1 10 12 1 11 12 1 10 12 1 1 8 1 8 1 10 12 1 1 10 12 1 1 10 10 12 1 9 100 12 1 1 1 10 100 12 1 1 1 10 12 1 10 12 1 1 10 100 12 1 1 10 12 1 10 12 1 10 12 1 10 7 12 1 1 7 1 10 100 12 1 1 1 10 12 1 1 10 7 12 1 1 10 12 1 10 12 1 1 9 7 12 1 1 1 10 7 10 12 1 8 1 10 12 1 10 12 1 3 100 1 8 1 10 12 1 10 12 1 10 10 12 1 10 12 1 1 8 1 8 1 8 1 9 12 1 1 9 12 1 10 12 1 100 1 8 1 10 12 1 10 12 1 10 12 1 1 10 12 1 1 10 12 1 10 12 10 12 1 100 1 10 12 1 10 12 1 1 100 1 10 7 12 1 1 1 7 1 10 7 12 1 1 1 10 12 1 1 11 7 12 1 1 10 12 1 10 100 12 1 1 1 10 12 1 1 9 12 1 10 12 1 1 10 12 1 10 12 1 1 9 100 12 1 1 1 10 100 12 1 1 1 10 12 1 10 12 1 1 9 12 1 10 10 10 10 100 12 1 1 1 10 12 1 9 12 1 10 12 1 1 9 12 1 7 1 7 1 1 1 1 1 1 1 1 1 1 1 1 1 1 1 1 1 1 1 1 1 1 1 1 1 1 1 1 1 1 1 1 1 1 1 1 100 1 1 1 1 1 1 1 1 1 1 1 1 1 1 1 1 1 1 1 100 1 1 1 1 1 1 1 1 1 1 1 1 1 1 1 1 1 1 1 1 1 1 1 1 1 1 1 1 1 1 1 1 1 1 1 1 1 1 1 1 1 1 1 7 1 1 1 1 1 1 1 1 1 1 1 1 1 1 1 1 1 1 1 1 1 1 7 1 1 16 15 16 1 16 1 15 10 12 16 15 10 7 12 1 1 1 1 1 1 100 1 1 100 1 100 1 1
ciInstanceKlass java/lang/reflect/Member 1 1 37 100 1 10 12 1 1 100 1 100 1 1 1 1 3 1 3 1 1 1 1 1 1 1 1 1 1 1 1 1 1 1 1 1 1 1 1
instanceKlass org/eclipse/jdt/internal/junit/runner/RemoteTestRunner$ReaderThread
instanceKlass java/util/logging/LogManager$Cleaner
instanceKlass jdk/internal/misc/InnocuousThread
instanceKlass java/util/concurrent/ForkJoinWorkerThread
instanceKlass java/lang/ref/Finalizer$FinalizerThread
instanceKlass java/lang/ref/Reference$ReferenceHandler
instanceKlass java/lang/BaseVirtualThread
ciInstanceKlass java/lang/Thread 1 1 870 10 7 12 1 1 1 9 12 1 1 10 100 12 1 1 10 12 1 10 100 12 1 1 100 1 8 1 10 12 1 1 9 12 1 9 12 1 1 9 12 1 1 7 1 10 12 1 1 10 12 1 10 100 12 1 1 1 10 12 9 12 1 1 10 12 1 7 1 10 12 1 100 1 8 1 10 9 100 12 1 1 1 10 12 1 1 10 12 1 1 10 12 1 1 10 12 1 10 12 1 1 3 8 1 7 1 5 0 10 7 12 1 1 1 9 12 1 10 12 1 1 10 7 12 1 1 1 10 7 12 1 1 1 10 12 1 1 10 12 1 1 9 12 1 1 10 7 1 8 1 10 7 1 10 12 1 9 12 1 1 10 7 12 1 1 1 10 10 12 1 1 9 100 12 1 1 1 10 12 1 1 10 12 1 1 10 7 12 1 1 10 12 1 10 12 1 10 7 12 1 1 9 12 1 10 7 12 1 1 1 10 12 1 1 9 12 1 1 9 12 1 1 10 7 12 1 1 1 9 12 1 1 10 100 12 1 1 10 100 12 1 1 1 10 12 1 10 12 1 10 7 12 1 1 9 12 1 8 1 9 7 12 1 1 9 12 1 1 5 0 100 1 10 100 1 10 100 1 10 7 1 10 8 1 10 12 1 1 10 100 12 1 10 12 1 10 12 1 100 1 8 1 10 10 12 1 10 12 1 1 10 100 12 1 1 1 10 100 12 1 1 1 10 12 1 7 1 9 12 1 1 100 1 10 10 12 1 9 12 1 1 10 12 1 1 10 12 1 1 10 12 1 10 12 1 9 12 1 1 10 10 12 1 1 10 12 1 1 11 7 12 1 1 10 7 12 1 1 9 12 1 9 12 1 1 9 12 1 1 10 100 12 1 1 10 12 1 1 9 100 12 1 1 1 10 100 12 1 1 10 12 1 10 12 1 100 1 10 10 12 9 12 1 1 10 12 1 11 100 12 1 1 10 12 1 10 12 1 10 12 1 9 12 1 10 10 12 1 10 12 1 1 9 12 1 9 12 10 12 1 8 1 10 12 1 10 12 1 10 12 1 10 12 1 10 12 1 1 10 12 1 10 12 1 1 10 12 1 10 12 1 10 12 1 10 12 1 10 12 1 1 9 7 12 1 1 1 8 1 10 9 12 1 10 12 1 7 1 8 1 10 10 12 1 8 1 10 12 1 1 9 12 10 12 8 1 10 10 12 1 10 12 1 8 1 10 12 1 10 8 1 10 100 12 1 1 10 12 1 1 100 1 8 1 10 9 12 1 9 12 1 1 10 12 1 1 10 10 12 1 10 12 1 100 10 7 12 1 1 1 9 12 1 10 12 1 1 10 12 1 1 10 100 12 1 1 1 11 7 12 1 1 1 9 100 12 1 1 1 10 100 12 1 1 1 7 1 10 12 1 100 1 10 12 1 10 12 1 1 10 12 1 1 8 1 9 12 1 10 12 1 10 12 1 1 11 7 12 1 1 1 10 12 1 1 1 1 3 1 3 1 3 1 3 1 1 1 1 1 1 1 1 1 1 1 1 1 1 1 1 1 1 1 1 1 7 1 1 1 1 1 1 1 1 1 1 1 1 1 1 1 1 1 1 1 1 1 1 100 1 1 1 1 1 1 1 1 1 1 1 1 1 1 1 1 7 1 7 1 1 1 1 1 1 1 1 1 1 1 1 1 1 1 1 1 1 1 1 1 1 1 1 1 1 1 1 1 1 1 1 1 1 1 1 1 1 1 1 1 1 1 1 1 1 1 1 1 1 1 1 1 1 1 1 1 1 1 1 1 1 1 1 1 1 1 1 1 1 1 1 1 1 1 1 100 100 1 1 1 1 1 1 1 1 1 1 1 1 1 1 1 1 1 1 1 1 1 1 1 1 1 1 100 1 100 1 100 1 100 1 100 1 1 100 1 1 1 1 1 1 1 1 1 1 1 1 1 1 1
staticfield java/lang/Thread NEW_THREAD_BINDINGS Ljava/lang/Object; java/lang/Class
staticfield java/lang/Thread EMPTY_STACK_TRACE [Ljava/lang/StackTraceElement; 0 [Ljava/lang/StackTraceElement;
ciInstanceKlass java/lang/Runnable 1 0 11 100 1 100 1 1 1 1 1 1 1
ciInstanceKlass java/net/URL 1 1 771 10 7 12 1 1 1 10 12 1 10 7 12 1 1 9 12 1 1 9 12 1 10 7 12 1 1 1 10 12 1 1 10 12 1 1 9 12 1 1 10 7 12 1 1 1 8 1 10 12 1 1 7 1 10 10 12 1 1 8 1 10 12 1 1 9 12 1 100 1 8 1 10 12 1 10 12 1 8 1 9 12 1 10 12 1 1 9 12 1 10 12 1 10 12 1 9 12 1 9 12 1 8 1 9 12 1 10 12 1 1 8 1 9 12 1 1 10 12 1 1 10 7 12 1 1 1 8 1 10 12 1 7 1 10 12 1 10 12 1 10 12 1 10 12 1 1 10 12 1 1 8 1 10 12 1 1 10 12 1 8 1 9 12 1 8 1 10 12 1 10 7 12 1 1 1 7 1 10 12 1 10 12 1 1 10 100 12 1 1 1 100 1 8 1 10 10 12 1 8 1 10 12 1 1 10 12 1 10 12 1 10 12 1 10 12 1 10 12 1 10 12 1 8 1 10 12 1 8 1 10 10 100 1 10 10 12 1 8 1 10 7 12 1 1 1 10 12 1 9 100 12 1 1 1 10 7 12 1 1 1 9 12 1 1 10 12 1 10 100 12 1 1 1 100 1 100 1 10 12 1 10 12 1 10 12 1 10 12 1 10 12 1 10 12 10 10 12 1 10 12 1 10 12 1 1 8 1 9 100 12 1 1 1 10 100 12 1 1 1 10 12 1 1 9 100 12 1 1 1 10 12 1 1 100 1 10 12 1 10 12 1 10 10 12 1 1 10 12 1 1 10 12 1 10 12 1 10 12 1 10 7 12 1 1 1 10 12 1 1 10 12 1 9 12 1 1 9 12 1 1 7 1 8 1 10 10 12 1 9 12 1 1 10 7 12 1 1 8 1 10 100 12 1 1 8 1 10 12 1 1 10 12 1 8 1 8 1 10 7 12 1 1 1 7 1 10 7 12 1 1 1 10 12 1 10 12 1 100 1 10 9 100 12 1 1 1 10 100 12 1 1 10 12 1 1 10 12 1 8 1 100 1 10 10 7 12 1 1 1 10 12 1 8 9 100 12 1 1 1 10 12 1 1 10 12 1 10 12 1 1 10 100 12 1 1 11 7 12 1 1 10 12 1 10 12 1 9 12 1 10 12 1 1 10 100 12 1 1 10 100 12 1 1 1 8 10 100 12 1 1 100 1 10 8 8 10 12 1 8 8 8 100 1 10 12 1 9 12 1 1 10 12 1 10 12 1 1 10 12 1 10 12 10 12 1 1 10 12 1 1 10 10 10 12 1 10 12 1 10 12 1 10 12 1 10 12 1 10 10 12 1 100 1 8 1 10 10 10 12 1 1 10 12 1 10 12 1 1 8 1 7 1 10 10 7 1 10 12 1 9 7 12 1 1 1 9 12 1 1 7 1 10 10 7 12 1 1 1 7 1 1 1 1 1 5 0 1 1 1 1 1 1 1 1 1 1 1 1 1 1 1 1 1 1 1 1 1 1 1 1 1 1 1 1 1 1 1 1 1 1 1 1 1 1 1 1 1 1 1 1 1 1 1 1 7 1 1 1 1 1 1 1 1 1 1 1 1 1 1 1 1 1 1 1 1 1 1 1 1 1 1 1 1 1 1 1 1 1 1 1 1 1 100 1 1 1 1 1 1 1 1 1 1 1 1 1 1 1 1 1 100 1 1 1 1 1 1 1 1 1 1 1 1 1 1 1 1 1 1 1
staticfield java/net/URL defaultFactory Ljava/net/URLStreamHandlerFactory; java/net/URL$DefaultFactory
staticfield java/net/URL streamHandlerLock Ljava/lang/Object; java/lang/Object
staticfield java/net/URL serialPersistentFields [Ljava/io/ObjectStreamField; 7 [Ljava/io/ObjectStreamField;
ciMethod java/lang/System arraycopy (Ljava/lang/Object;ILjava/lang/Object;II)V 256 0 128 0 -1
ciInstanceKlass java/lang/Module 1 1 1070 10 7 12 1 1 1 9 7 12 1 1 1 10 7 12 1 1 1 9 12 1 9 12 1 1 9 12 1 1 10 12 1 1 10 12 1 10 12 1 1 10 7 12 1 1 1 7 1 10 7 12 1 1 1 10 12 1 1 11 7 12 1 1 1 10 12 1 1 10 7 12 1 1 1 10 12 1 1 10 7 12 1 1 1 9 100 12 1 1 1 10 7 12 1 1 1 10 12 1 8 1 10 7 12 1 1 1 10 7 12 1 1 1 10 7 12 1 1 1 10 12 1 10 12 1 9 12 1 1 10 100 12 1 1 100 1 7 1 10 8 1 10 12 1 1 10 12 1 10 12 10 12 1 10 7 12 1 1 8 1 8 1 10 8 1 8 1 9 12 1 1 8 1 10 100 12 1 1 1 10 12 1 9 12 1 1 11 12 1 9 7 12 1 1 10 7 12 1 1 1 10 100 12 1 1 1 10 12 1 1 8 1 10 12 1 1 10 12 1 10 12 1 1 9 7 12 1 1 1 10 12 1 1 10 12 1 1 9 12 1 10 12 1 10 12 1 9 12 1 1 11 7 12 1 1 10 12 1 1 9 12 1 9 12 1 10 12 1 10 12 1 100 1 8 1 10 10 12 1 1 10 12 1 8 1 10 12 1 1 8 1 8 1 10 12 1 1 10 12 1 10 12 1 1 18 12 1 1 10 12 1 1 11 12 1 9 12 1 11 12 10 100 12 1 1 100 1 8 1 10 11 12 1 1 10 7 12 1 1 1 10 12 1 10 12 1 1 11 12 1 1 11 7 12 1 1 11 12 1 1 9 12 1 11 12 1 10 12 1 1 10 12 1 1 9 12 1 10 12 10 7 12 1 1 10 7 1 18 12 1 1 11 100 12 1 1 1 18 12 1 11 12 1 1 10 100 12 1 1 1 11 12 1 1 10 7 12 1 1 7 1 11 12 1 7 1 7 1 10 12 1 10 7 12 1 1 1 10 11 7 12 1 8 1 10 10 12 1 1 10 7 12 1 1 10 12 1 10 12 1 7 1 10 12 1 10 11 12 1 1 10 12 10 12 1 1 9 12 1 1 100 1 10 10 12 1 1 11 7 1 10 12 1 1 11 12 1 10 10 12 1 11 10 12 1 1 10 12 1 1 10 12 1 1 10 7 12 1 1 10 12 1 10 12 1 1 10 10 12 1 1 10 12 1 18 12 1 11 12 1 18 12 1 10 12 1 10 12 1 10 12 7 1 10 12 1 10 12 1 10 12 1 9 12 1 7 1 10 10 10 10 12 1 10 12 1 10 12 1 10 12 1 1 10 12 1 1 10 12 1 9 12 1 18 12 1 1 10 7 12 1 1 1 100 1 8 1 10 12 1 1 10 12 1 1 10 7 12 1 1 7 1 10 12 1 1 7 1 8 1 10 12 1 1 100 1 11 12 1 1 10 100 12 1 1 1 18 12 1 1 11 100 12 1 1 1 100 1 10 12 1 10 12 1 1 7 1 7 1 10 12 8 1 10 12 1 1 10 12 1 1 10 100 12 1 1 10 12 1 1 10 12 1 10 12 10 12 1 1 7 1 10 10 12 1 1 10 7 12 1 1 1 100 1 10 12 1 1 10 7 12 1 1 8 1 18 12 1 1 100 1 100 1 9 12 1 1 9 12 1 9 12 1 11 100 12 1 1 1 100 1 11 12 1 1 100 1 10 12 1 8 1 10 12 1 10 12 10 12 1 8 1 10 10 100 12 1 1 7 1 10 10 12 1 10 7 12 1 1 9 12 1 9 12 1 9 12 1 9 12 1 10 12 11 12 1 10 12 1 7 1 1 1 1 1 1 1 1 1 1 1 1 1 1 1 1 1 1 1 100 1 1 1 1 1 1 1 1 1 1 1 1 1 1 1 1 1 1 1 1 1 1 1 1 1 1 1 1 1 1 1 1 1 1 1 1 1 1 1 1 1 1 1 1 1 1 1 1 1 1 1 1 1 1 1 1 1 1 1 1 1 1 1 1 1 1 1 1 1 1 1 1 1 1 1 1 1 1 1 1 1 1 1 1 1 1 1 1 1 1 1 1 1 1 1 100 100 1 1 1 1 1 1 1 1 1 1 1 1 1 1 1 1 1 1 1 1 1 1 1 1 1 1 1 100 1 100 1 1 1 1 1 1 1 1 1 1 1 1 1 1 1 1 1 1 1 1 100 1 1 1 1 1 1 1 1 1 1 1 1 1 1 1 1 1 1 1 1 1 1 1 16 15 10 12 16 16 15 10 12 16 16 15 10 16 1 15 10 12 16 1 15 10 12 16 1 16 15 10 12 16 16 1 15 10 12 16 15 10 7 12 1 1 1 15 10 100 12 1 1 1 1 1 1 1 1 1 1 1 100 1 100 1 1 100 1 100 1 1
staticfield java/lang/Module ALL_UNNAMED_MODULE Ljava/lang/Module; java/lang/Module
staticfield java/lang/Module ALL_UNNAMED_MODULE_SET Ljava/util/Set; java/util/ImmutableCollections$Set12
staticfield java/lang/Module EVERYONE_MODULE Ljava/lang/Module; java/lang/Module
staticfield java/lang/Module EVERYONE_SET Ljava/util/Set; java/util/ImmutableCollections$Set12
staticfield java/lang/Module $assertionsDisabled Z 1
ciInstanceKlass java/lang/Math 1 1 460 7 1 10 7 12 1 1 1 10 7 12 1 1 1 10 12 1 10 12 1 10 12 1 10 12 1 10 12 1 6 0 6 0 10 12 1 10 12 1 10 12 1 10 12 1 10 12 1 10 12 1 1 10 12 1 10 12 1 10 12 1 10 12 1 10 12 1 10 7 12 1 1 1 100 1 3 3 3 10 7 12 1 1 1 100 1 5 0 5 0 5 0 5 0 5 0 9 100 12 1 1 1 10 100 12 1 1 1 100 1 8 1 10 12 1 8 1 10 12 1 1 10 12 1 1 7 1 5 0 5 0 7 1 3 5 0 3 5 0 10 12 1 10 12 1 10 12 1 10 12 1 10 12 1 8 1 10 12 1 8 1 10 12 1 1 10 12 1 1 9 12 1 1 9 12 1 100 1 7 1 10 10 12 1 1 8 1 10 12 1 10 12 1 1 10 10 12 1 10 12 1 10 12 1 10 12 1 1 8 1 8 1 10 12 1 1 10 12 1 10 12 10 12 10 12 1 10 12 1 10 12 1 10 12 1 10 12 6 0 10 12 1 9 12 1 1 100 1 10 10 12 1 100 1 10 12 1 10 12 1 1 10 12 1 10 12 1 10 12 10 12 1 1 10 12 1 1 10 12 1 1 10 12 6 0 10 12 1 1 10 12 10 12 1 4 10 12 1 10 12 1 10 12 10 12 1 10 12 1 10 12 1 10 12 1 10 12 1 10 12 1 5 0 6 0 4 6 0 4 6 0 4 10 12 1 9 12 1 1 10 12 9 12 1 10 7 12 1 1 1 4 6 0 1 1 6 0 1 6 0 1 6 0 1 1 1 1 1 1 1 1 1 1 1 1 1 1 1 1 1 1 1 1 1 1 1 1 1 1 1 1 1 1 1 1 1 1 1 1 1 1 1 1 1 1 1 1 1 1 1 1 1 1 1 1 1 1 1 1 1 1 1 1 1 1 1 1 1 1 1 1 1 1 1 1 1 1 1 1 1 1 1 1 1 1 1 1 1 1 1 1 1 1 1 1 1 1 1 1
staticfield java/lang/Math negativeZeroFloatBits J -2147483648
staticfield java/lang/Math negativeZeroDoubleBits J -9223372036854775808
staticfield java/lang/Math $assertionsDisabled Z 1
ciInstanceKlass java/lang/Character 1 1 604 7 1 7 1 100 1 9 12 1 1 8 1 9 12 1 1 7 1 9 12 1 1 10 7 12 1 1 1 10 100 12 1 1 1 10 100 12 1 1 1 10 7 12 1 1 1 9 7 12 1 1 1 10 12 1 10 12 1 1 10 12 1 1 10 7 12 1 1 10 12 1 1 3 3 3 3 3 10 12 1 1 10 12 1 3 11 7 12 1 1 1 11 12 1 1 10 12 1 1 10 12 1 1 100 1 10 10 12 1 3 10 12 1 1 10 12 1 10 12 1 1 100 1 8 1 10 12 1 1 10 12 1 10 12 1 10 12 1 10 100 12 1 1 1 10 12 1 10 12 1 10 12 1 1 10 12 1 10 7 12 1 1 10 10 12 1 10 10 12 1 10 12 1 1 10 12 1 10 10 12 1 10 12 1 10 12 1 10 12 1 10 12 1 10 12 1 10 12 1 10 12 10 10 12 10 10 12 1 10 10 12 1 10 10 12 1 10 10 12 1 10 12 1 10 12 1 10 12 1 10 12 1 10 12 1 10 12 1 10 10 12 1 10 10 12 1 10 10 12 1 1 10 10 12 1 10 5 0 10 12 1 10 12 1 10 10 12 1 10 10 12 1 1 10 10 12 1 10 10 12 1 9 12 1 1 100 1 10 10 12 1 10 12 1 1 3 10 100 12 1 1 1 10 12 1 10 100 12 1 1 7 1 10 10 12 1 1 10 12 1 1 10 12 1 1 8 1 10 12 1 9 100 12 1 1 1 10 12 1 10 10 12 1 10 12 1 1 10 12 1 10 10 12 1 1 10 10 12 1 1 7 1 8 1 10 12 1 1 10 7 12 1 1 1 8 1 10 12 1 1 9 12 1 1 7 1 7 1 7 1 1 1 1 3 1 3 1 3 1 3 1 1 1 1 1 3 1 1 3 1 3 1 3 1 3 1 3 1 3 1 3 1 3 1 3 1 3 1 3 1 3 1 3 1 3 1 3 1 3 1 3 1 3 1 3 1 3 1 3 1 3 1 3 1 3 1 3 1 3 1 3 1 3 1 1 1 1 1 1 1 1 1 1 1 1 1 1 1 1 1 1 1 3 1 1 1 1 1 1 1 3 1 1 3 1 1 1 1 1 3 1 1 5 0 1 1 1 1 1 1 1 1 1 1 1 1 1 1 1 1 1 1 1 1 1 1 1 1 1 1 1 1 1 1 1 1 1 1 1 1 1 1 1 1 1 1 1 1 1 1 1 1 1 1 1 1 1 1 1 1 1 1 1 1 1 1 1 1 1 1 1 1 1 1 1 1 1 1 1 1 1 1 1 1 1 1 1 1 1 1 1 1 1 1 100 1 100 1 1 1 1 1 1
staticfield java/lang/Character TYPE Ljava/lang/Class; java/lang/Class
staticfield java/lang/Character $assertionsDisabled Z 1
ciInstanceKlass java/util/Arrays 1 1 1029 10 7 12 1 1 1 10 100 12 1 1 1 10 7 12 1 1 1 10 12 1 10 12 1 10 12 1 10 12 1 10 12 1 10 12 1 10 100 12 1 1 1 100 1 7 1 10 8 1 10 12 1 1 10 12 1 8 1 8 1 10 12 1 1 10 12 1 100 1 10 12 1 9 100 12 1 1 1 10 7 12 1 1 100 1 10 12 1 1 10 7 12 1 1 10 7 12 1 1 1 100 1 10 12 1 10 12 1 1 7 1 9 7 12 1 1 1 10 12 1 1 10 7 12 1 1 10 12 1 10 12 1 1 10 12 1 10 12 1 1 7 1 11 12 1 1 10 12 1 10 7 12 1 1 1 10 12 10 12 1 10 12 1 10 12 10 12 1 11 100 12 1 1 1 10 7 12 1 1 1 100 1 10 12 1 10 100 1 10 12 1 10 100 1 10 12 1 10 100 1 10 12 1 10 10 12 1 1 10 12 1 10 12 1 10 12 1 10 12 1 10 12 1 10 7 12 1 1 1 10 12 1 10 7 12 1 1 1 10 12 1 10 12 1 10 7 12 1 1 1 10 12 1 10 12 1 10 12 1 10 12 1 10 12 1 10 12 1 10 12 1 10 12 1 10 12 1 10 12 1 10 12 1 10 12 1 10 12 1 10 12 1 10 12 1 10 12 1 1 10 12 1 1 10 7 12 1 1 1 10 7 1 10 100 1 10 100 1 10 100 1 10 100 1 10 100 1 10 100 1 10 100 1 10 12 1 8 1 10 12 1 1 10 12 1 1 10 12 1 1 10 12 1 1 10 12 1 1 10 12 1 1 10 12 1 1 10 12 1 1 10 12 1 1 7 1 10 12 10 12 1 1 10 12 1 10 12 1 1 10 12 1 1 9 7 12 1 1 1 10 12 1 9 7 1 10 12 1 9 7 1 10 12 1 9 7 1 10 12 1 9 7 1 10 12 1 9 7 1 10 12 1 9 10 12 1 10 12 1 10 12 1 9 12 1 100 1 10 10 12 1 1 10 12 1 10 12 1 10 12 1 10 12 1 10 12 1 10 12 1 10 12 1 10 12 1 10 12 1 8 1 8 1 10 12 1 10 12 1 8 1 10 12 1 10 12 1 10 12 1 10 7 12 1 1 1 3 10 100 1 10 10 12 1 1 11 100 12 1 1 10 12 1 1 10 12 1 10 12 1 10 12 1 10 12 1 10 12 1 10 12 1 10 12 1 10 12 1 11 12 1 8 1 10 11 12 1 11 100 12 1 1 1 11 100 12 1 1 1 11 12 1 1 18 12 1 1 11 12 1 1 11 100 12 1 1 1 18 12 1 11 100 12 1 1 1 18 12 1 11 100 12 1 1 1 18 12 1 100 1 10 7 12 1 1 1 10 12 1 10 12 1 10 12 1 10 12 1 10 12 1 10 12 1 10 12 1 10 12 1 1 10 12 1 10 7 12 1 1 10 12 1 10 12 1 10 12 1 1 10 12 1 10 12 1 10 12 1 1 10 12 1 10 12 1 10 12 1 1 10 12 1 10 12 1 10 12 1 10 12 1 10 12 10 12 1 10 12 10 12 10 12 1 10 12 10 12 1 10 12 1 10 12 1 1 1 1 3 1 3 1 1 1 1 1 1 1 1 1 1 1 1 1 1 1 1 1 1 1 1 1 1 1 1 1 1 1 1 1 1 1 1 1 1 1 1 1 1 1 1 1 1 1 1 1 1 1 1 1 1 1 1 1 1 1 1 1 1 1 1 1 1 1 1 1 1 1 1 1 1 1 1 1 1 1 1 1 1 1 1 1 1 1 1 1 1 1 1 1 1 1 1 1 1 1 1 1 1 1 1 1 1 1 1 1 1 1 1 1 1 1 1 1 1 1 1 1 1 1 1 1 1 1 1 1 1 1 1 1 1 1 1 1 1 1 1 1 1 1 1 1 1 1 1 1 1 1 1 1 1 1 1 1 1 1 1 1 1 1 1 1 1 1 1 1 1 1 1 1 1 1 1 1 1 1 1 1 1 1 1 1 1 1 1 1 1 1 1 1 1 1 1 1 1 1 1 1 1 1 1 1 1 1 1 1 1 1 1 1 1 1 1 1 1 1 1 1 1 1 1 1 1 1 1 1 1 1 1 1 1 1 1 1 1 1 1 1 1 1 1 1 1 1 1 1 1 1 1 1 1 1 1 1 1 100 1 1 16 15 10 12 15 10 12 15 10 12 15 10 12 15 10 100 12 1 1 1 1 1 100 1 100 1 1 1 1 100 1 1 1 1 1 1 100 1 1 100 1 1 100 1 1 1 100 1 100 1 1
staticfield java/util/Arrays $assertionsDisabled Z 1
ciInstanceKlass java/lang/OutOfMemoryError 1 1 26 10 100 12 1 1 1 10 12 1 100 1 1 1 1 5 0 1 1 1 1 1 1 1 1 1
ciInstanceKlass java/lang/Integer 1 1 453 7 1 7 1 7 1 7 1 10 12 1 1 9 12 1 1 9 12 1 1 10 100 12 1 1 1 10 12 1 1 10 100 12 1 1 1 10 10 12 1 1 10 7 12 1 1 1 10 12 1 10 12 1 1 10 100 12 1 1 1 10 12 1 1 10 12 1 1 10 12 1 10 12 1 10 12 1 1 10 10 12 1 9 12 1 1 9 12 1 100 1 8 1 10 12 1 7 1 10 12 1 8 1 10 12 1 1 10 12 1 8 1 10 12 1 8 1 10 12 1 1 3 10 12 1 1 3 10 12 1 1 10 12 1 1 10 7 12 1 1 1 11 7 1 10 12 1 1 11 10 12 1 1 8 1 10 12 1 1 8 1 7 1 10 12 1 1 10 12 1 1 5 0 8 1 10 12 1 10 12 1 10 12 1 10 12 1 1 7 1 9 12 1 1 9 12 1 1 10 12 1 10 7 1 9 12 1 10 12 1 10 12 1 10 12 1 1 10 7 12 1 1 1 100 1 100 1 10 12 1 1 10 12 1 1 8 1 8 1 10 12 1 1 8 1 8 1 8 1 8 1 8 1 8 1 10 12 1 10 12 1 5 0 3 3 3 3 10 12 1 10 12 1 3 10 12 1 10 100 12 1 1 1 10 12 1 1 10 12 1 1 8 1 10 7 12 1 1 1 9 12 1 1 7 1 7 1 7 1 1 1 1 3 1 1 1 3 1 3 1 1 5 0 1 1 1 1 1 1 1 1 1 100 1 1 1 1 1 1 1 1 1 1 1 1 1 1 1 1 1 1 1 1 1 1 1 1 1 1 1 1 1 1 1 1 1 1 1 1 1 1 1 1 3 1 1 1 1 1 1 1 1 1 1 1 1 1 1 1 1 7 1 1 1 1 1 1 1 1 1 1 1 1 1 1 1 1 1 1 1 1 1 1 1 1 1 1 1 1 1 1 1 1 1 1 1 1 1 1 1 1 1 1 1 1 1 1 7 1 1 1 1 1 1 1 1 1 100 1 100 1 1
staticfield java/lang/Integer TYPE Ljava/lang/Class; java/lang/Class
staticfield java/lang/Integer digits [C 36
staticfield java/lang/Integer DigitTens [B 100
staticfield java/lang/Integer DigitOnes [B 100
instanceKlass java/math/BigInteger
instanceKlass java/util/concurrent/atomic/Striped64
instanceKlass java/util/concurrent/atomic/AtomicLong
instanceKlass java/util/concurrent/atomic/AtomicInteger
instanceKlass java/lang/Long
instanceKlass java/lang/Integer
instanceKlass java/lang/Short
instanceKlass java/lang/Byte
instanceKlass java/lang/Double
instanceKlass java/lang/Float
ciInstanceKlass java/lang/Number 1 1 37 10 7 12 1 1 1 10 100 12 1 1 1 100 1 1 1 1 5 0 1 1 1 1 1 1 1 1 1 1 1 1 1 1 1 1 1
ciInstanceKlass java/lang/Thread$FieldHolder 1 1 48 10 7 12 1 1 1 9 7 12 1 1 1 9 12 1 1 9 12 1 1 9 12 1 1 9 12 1 1 1 1 1 1 1 1 1 1 100 1 100 1 1 1 1 100 1 1 1
ciInstanceKlass java/lang/Thread$Constants 0 0 59 7 1 10 7 12 1 1 1 100 1 10 10 7 12 1 1 1 7 1 8 1 10 12 1 9 7 12 1 1 1 7 1 7 1 10 12 1 10 12 1 9 12 1 1 1 1 1 1 1 1 1 1 1 1 1 1 1 1
ciInstanceKlass java/lang/ThreadGroup 1 1 411 10 7 12 1 1 1 9 7 12 1 1 1 8 1 9 12 1 1 7 1 9 12 1 1 9 12 1 1 10 7 12 1 1 1 10 12 1 1 10 12 1 10 12 1 10 12 1 10 12 1 1 10 12 1 1 10 12 1 10 12 1 1 10 12 1 10 12 1 10 100 12 1 1 1 10 12 1 1 18 12 1 1 11 7 12 1 1 1 10 7 12 1 1 1 10 7 12 1 10 12 1 1 10 12 1 1 10 12 1 1 10 100 12 1 1 1 10 12 1 11 12 1 1 11 7 12 1 1 11 12 1 1 10 12 1 1 10 12 1 10 12 1 11 12 1 11 12 1 1 100 1 10 10 12 1 100 1 10 18 12 1 1 11 7 12 1 1 1 11 12 1 1 9 12 1 1 10 12 1 1 8 1 10 7 12 1 1 1 10 100 12 1 1 1 10 12 1 1 11 12 10 12 1 1 10 12 1 1 11 7 1 9 12 1 7 1 10 8 1 10 12 1 1 10 12 1 1 8 1 10 12 1 10 7 12 1 1 1 10 12 1 1 10 7 1 8 1 10 8 1 10 12 1 10 12 1 8 1 9 12 1 1 9 12 1 10 100 12 1 1 1 100 9 12 1 1 7 1 9 12 1 10 12 10 12 1 1 100 10 12 9 12 1 10 12 1 100 1 10 11 12 1 1 7 1 10 10 12 1 10 12 1 1 1 1 1 1 1 1 1 1 1 1 1 1 1 1 1 1 3 1 1 1 1 1 1 1 1 1 1 1 1 100 1 1 1 1 1 1 1 1 1 1 1 1 1 1 1 1 1 1 1 1 1 1 1 1 1 1 1 1 1 1 1 1 1 1 1 1 1 1 1 1 1 1 1 16 15 10 12 16 16 15 10 12 16 15 10 100 12 1 1 1 1 1 100 1 100 1 1
staticfield java/lang/ThreadGroup $assertionsDisabled Z 1
ciInstanceKlass java/lang/Thread$UncaughtExceptionHandler 1 0 16 100 1 100 1 1 1 1 1 1 1 1 100 1 1 1
ciInstanceKlass java/security/AccessControlContext 1 1 374 9 7 12 1 1 1 9 12 1 1 10 100 12 1 1 1 8 1 10 100 12 1 1 1 10 7 12 1 1 1 9 12 1 9 12 1 1 9 12 1 1 10 7 12 1 1 7 1 10 12 1 11 7 12 1 1 1 11 12 1 11 12 1 11 12 1 1 7 1 11 12 1 1 10 12 1 10 7 12 1 1 1 9 100 12 1 1 1 10 7 12 1 1 1 11 100 12 1 1 1 10 7 1 100 1 8 1 10 12 1 10 12 1 1 7 1 10 7 12 1 1 1 9 12 1 9 12 1 9 12 1 9 12 1 1 9 12 1 1 9 12 1 9 12 1 10 7 12 1 1 1 9 12 1 10 12 1 1 10 12 1 1 8 1 10 12 1 1 10 12 1 1 10 7 12 1 1 1 7 1 10 10 12 1 1 10 7 12 1 1 1 10 8 1 10 7 12 1 1 8 1 10 7 12 1 1 8 1 8 1 10 12 1 8 1 10 12 1 8 1 10 12 1 10 12 1 10 12 1 1 8 1 8 1 100 1 10 12 1 10 12 1 1 100 1 10 12 1 8 1 10 12 1 10 12 1 10 8 1 10 12 1 1 10 12 1 1 10 12 1 1 10 12 1 1 10 12 1 10 12 1 11 10 12 1 10 12 1 1 10 10 10 12 1 1 1 1 1 1 1 1 1 1 1 1 1 1 1 1 1 1 1 1 1 1 1 1 100 1 1 1 1 1 1 1 1 1 1 1 1 1 1 1 1 1 1 1 1 1 1 1 1 1 1 1 1 1 1 1 1 1 1 1 1 1 1 1 1 1 1 1 1 1 1 1 1 1 1 1 1 3 1 1
instanceKlass java/lang/ThreadBuilders$BoundVirtualThread
instanceKlass java/lang/VirtualThread
ciInstanceKlass java/lang/BaseVirtualThread 0 0 36 10 100 12 1 1 1 100 1 1 1 1 1 1 1 1 1 1 1 1 1 1 1 1 1 1 1 1 100 1 100 1 1 100 1 1
ciInstanceKlass java/lang/VirtualThread 0 0 907 9 7 12 1 1 1 10 7 12 1 1 1 10 100 12 1 1 1 10 7 12 1 1 1 9 12 1 1 9 12 1 1 100 1 10 12 1 9 12 1 1 18 12 1 1 9 12 1 1 10 12 1 1 100 1 10 12 1 10 12 1 1 10 12 1 1 10 12 1 1 10 12 1 10 7 12 1 10 12 1 10 12 1 10 12 1 10 12 1 11 100 12 1 1 1 100 1 10 12 1 1 10 100 12 1 1 1 10 100 12 1 1 1 10 12 1 100 1 10 10 12 1 10 12 1 1 9 12 1 1 10 12 1 1 9 12 1 1 10 12 1 9 12 1 1 9 12 1 100 1 10 10 12 1 10 100 12 1 1 10 9 10 10 12 1 1 10 12 1 1 10 100 12 1 1 10 100 1 10 9 10 10 12 1 7 1 10 12 1 1 10 12 1 10 12 1 10 12 1 1 9 12 1 10 12 1 10 12 1 9 12 1 1 10 12 1 10 12 1 9 12 1 1 10 12 1 10 12 1 10 12 1 11 100 12 1 1 10 12 1 1 10 12 1 1 10 12 1 1 9 12 1 10 100 1 10 12 1 1 10 12 1 1 10 12 1 10 12 1 10 12 1 10 12 9 12 1 1 10 100 12 1 1 10 12 1 10 12 1 1 10 100 12 1 1 10 12 1 100 1 8 1 10 12 1 10 12 1 1 10 12 1 10 12 1 10 100 12 1 1 10 12 1 10 12 1 1 10 12 1 10 12 1 1 10 7 12 1 1 10 12 1 1 10 12 1 1 100 1 10 10 12 1 7 1 9 12 1 1 10 7 12 1 1 10 9 12 1 1 18 9 100 12 1 1 1 11 100 12 1 1 1 11 100 1 11 12 10 12 1 10 12 1 1 10 12 1 100 1 10 10 12 1 10 12 1 1 10 12 1 1 10 12 1 10 12 1 10 12 1 9 12 1 1 11 100 12 1 1 10 12 9 100 12 1 1 1 9 12 1 10 12 1 1 9 12 1 9 12 1 9 12 1 7 1 10 10 12 1 1 10 12 1 10 12 7 1 7 1 10 8 1 10 12 1 1 10 12 1 10 12 1 10 10 12 1 8 1 10 10 12 1 10 12 1 10 7 12 1 1 8 1 8 1 10 9 100 12 1 1 1 10 12 1 1 10 12 1 10 10 10 12 9 12 1 10 12 1 1 9 12 1 10 12 1 1 9 12 1 10 12 1 1 18 12 1 1 18 12 1 10 7 12 1 1 1 8 1 10 100 12 1 1 1 10 7 12 1 1 1 18 12 1 10 100 12 1 1 1 100 1 10 12 1 8 1 10 12 1 8 1 10 12 1 1 8 1 8 1 10 100 12 1 1 8 1 10 12 1 8 1 8 1 10 100 12 1 1 1 10 12 1 10 12 1 1 10 12 1 18 12 1 1 18 12 1 1 5 0 9 12 1 10 12 1 18 12 1 100 1 10 12 10 7 12 1 1 10 12 1 1 7 1 8 1 10 10 12 1 10 12 1 1 10 12 1 9 12 1 8 10 12 1 1 8 8 9 12 1 8 10 12 1 1 3 1 3 1 3 1 3 1 3 1 3 1 3 1 3 1 3 1 3 1 3 1 3 3 1 3 1 1 1 1 1 1 1 1 1 1 1 1 1 1 7 1 1 1 1 1 1 1 1 1 1 1 1 1 1 7 1 1 1 1 1 1 1 1 1 1 1 7 1 1 1 1 1 1 1 1 1 1 1 1 1 1 1 1 1 1 1 1 1 1 1 1 1 1 1 1 1 1 1 1 1 1 1 1 1 1 1 100 1 1 1 1 1 1 1 1 1 1 1 1 1 1 1 1 1 1 1 1 1 1 1 1 1 1 1 1 1 1 1 1 1 1 1 100 1 1 1 1 1 1 1 1 1 1 1 1 1 1 100 1 1 16 15 10 12 15 16 15 10 12 16 15 10 12 16 16 15 10 12 16 15 10 12 16 15 10 12 16 15 10 12 16 1 15 10 100 12 1 1 1 1 1 1 1 7 1 1 100 1 100 1 1
ciInstanceKlass java/lang/ThreadBuilders$BoundVirtualThread 0 0 132 10 7 12 1 1 1 9 7 12 1 1 1 10 7 12 1 1 1 9 12 1 1 10 12 1 1 10 12 1 1 9 12 1 1 10 7 12 1 1 1 10 12 1 1 7 1 8 1 10 12 1 10 12 1 1 10 12 1 1 10 12 1 1 10 7 12 1 1 1 8 1 10 12 1 8 1 10 12 1 1 10 100 12 1 1 9 100 12 1 1 1 10 12 1 1 10 10 12 1 1 1 1 1 1 1 1 1 1 1 1 1 1 1 1 1 1 1 1 1 1 1 1 1 1 1 1 100 1 1 1 1
ciInstanceKlass jdk/internal/vm/ContinuationScope 0 0 50 10 100 12 1 1 1 10 100 12 1 1 1 100 1 9 100 12 1 1 1 10 12 1 1 10 100 12 1 1 1 10 12 1 1 10 12 1 1 1 1 1 1 1 1 1 1 1 1 1
ciInstanceKlass jdk/internal/vm/StackChunk 0 0 32 10 100 12 1 1 1 9 100 12 1 1 1 9 12 1 1 9 12 1 1 1 1 1 1 1 1 1 1 1 1 1
ciInstanceKlass java/lang/Float 1 1 279 7 1 7 1 10 100 12 1 1 1 10 100 12 1 1 1 4 7 1 10 12 1 1 10 12 1 1 8 1 8 1 10 7 12 1 1 1 10 12 1 1 10 12 1 1 10 100 1 4 10 7 12 1 1 9 12 1 1 10 12 1 1 10 12 1 10 10 12 1 1 10 12 1 10 12 1 3 3 100 1 4 4 4 3 10 12 1 1 9 12 1 1 100 1 10 3 3 4 4 10 12 1 3 3 3 10 12 1 1 10 12 1 1 10 12 1 10 100 12 1 1 1 10 12 1 1 10 12 1 1 10 7 12 1 1 1 8 1 10 12 1 1 9 12 1 1 7 1 7 1 7 1 1 1 1 4 1 4 1 1 1 4 1 1 3 1 3 1 3 1 3 1 3 1 1 1 1 5 0 1 1 1 1 1 1 1 1 1 1 100 1 1 1 1 1 1 1 1 1 1 1 1 1 3 1 1 1 1 1 1 1 1 1 1 1 1 1 1 1 1 1 1 1 1 1 1 1 1 1 1 1 1 1 1 1 1 1 1 1 1 1 1 1 1 1 1 1 1 1 1 1 1 1 1 1 1 1 1 1 1 1 1 1 1 1 7 1 1 1 1 1 1 1 100 1 100 1 1
staticfield java/lang/Float TYPE Ljava/lang/Class; java/lang/Class
staticfield java/lang/Float $assertionsDisabled Z 1
ciInstanceKlass java/lang/Double 1 1 290 7 1 7 1 10 100 12 1 1 1 10 12 1 1 10 7 1 10 12 1 1 10 100 12 1 1 1 6 0 8 1 10 12 1 1 8 1 10 12 1 1 8 1 6 0 10 12 1 1 100 1 5 0 5 0 8 1 8 1 10 7 12 1 1 1 10 7 12 1 1 1 8 1 10 12 1 1 8 1 8 1 8 1 10 12 1 1 10 12 1 10 12 1 1 10 12 1 10 12 1 10 12 1 1 10 12 1 10 100 1 6 0 10 7 12 1 1 9 12 1 1 10 12 1 10 12 1 10 12 1 10 12 1 10 12 1 5 0 10 12 1 1 10 12 1 10 12 1 10 100 12 1 1 1 10 12 1 1 10 12 1 1 8 1 10 7 12 1 1 1 9 12 1 1 7 1 7 1 7 1 1 1 6 0 1 6 0 1 6 0 1 1 1 6 0 1 1 3 1 3 1 3 1 3 1 3 1 1 1 1 5 0 1 1 1 1 1 1 1 1 1 1 1 1 1 1 1 1 100 1 1 1 1 1 1 1 1 1 1 1 1 3 1 1 1 1 1 1 1 1 1 1 1 1 1 1 1 1 1 1 1 1 1 1 1 1 1 1 1 1 1 1 1 1 1 1 7 1 1 1 1 1 1 1 100 1 100 1 1
staticfield java/lang/Double TYPE Ljava/lang/Class; java/lang/Class
ciInstanceKlass java/lang/Byte 1 1 213 7 1 100 1 10 7 12 1 1 1 9 12 1 1 8 1 9 12 1 1 7 1 10 12 1 1 10 12 1 1 10 100 12 1 1 1 10 100 12 1 1 1 9 7 12 1 1 1 10 12 1 1 100 1 7 1 10 12 1 1 8 1 10 12 1 1 8 1 10 12 1 10 12 1 10 12 1 10 12 1 1 10 12 1 10 12 1 10 12 1 1 10 8 1 8 1 10 7 1 9 12 1 1 10 12 1 1 10 12 1 1 10 12 1 1 10 12 1 5 0 10 12 1 1 8 1 10 7 12 1 1 1 9 12 1 1 7 1 7 1 1 1 3 1 3 1 1 1 1 3 1 3 1 1 5 0 1 1 1 1 1 1 1 1 1 1 1 1 1 1 1 1 1 1 1 1 1 1 1 1 1 1 1 1 1 1 1 1 1 1 1 1 1 1 1 1 1 1 1 1 1 1 1 1 1 1 1 1 1 1 1 1
staticfield java/lang/Byte TYPE Ljava/lang/Class; java/lang/Class
ciInstanceKlass java/lang/Short 1 1 222 7 1 7 1 100 1 10 7 12 1 1 1 10 12 1 1 100 1 7 1 10 12 1 1 8 1 10 12 1 1 8 1 10 12 1 10 12 1 10 12 1 10 12 1 1 10 12 1 1 10 12 1 9 12 1 1 8 1 9 12 1 1 7 1 10 12 1 1 10 12 1 10 100 12 1 1 1 10 100 12 1 1 1 9 7 12 1 1 1 10 12 1 10 12 1 1 10 8 1 8 1 10 7 1 9 12 1 1 10 12 1 1 10 12 1 1 10 12 1 1 10 12 1 3 3 5 0 10 12 1 1 8 1 10 7 12 1 1 1 9 12 1 1 7 1 7 1 1 1 3 1 3 1 1 1 1 3 1 3 1 1 5 0 1 1 1 1 1 1 1 1 1 1 1 1 1 1 1 1 1 1 1 1 1 1 1 1 1 1 1 3 1 1 1 1 1 1 1 1 1 1 1 1 1 1 1 1 1 1 1 1 1 1 1 1 1 1 1 1 1 1
staticfield java/lang/Short TYPE Ljava/lang/Class; java/lang/Class
ciInstanceKlass java/lang/Long 1 1 524 7 1 7 1 7 1 7 1 10 12 1 1 9 12 1 1 9 7 12 1 1 1 10 100 12 1 1 1 10 12 1 1 10 100 12 1 1 1 10 10 12 10 12 1 10 12 1 10 12 1 5 0 5 0 7 1 10 12 1 1 10 12 1 1 10 12 1 10 12 1 10 12 1 10 12 1 1 10 100 12 1 1 10 12 1 10 12 1 1 10 12 1 1 10 12 1 1 10 12 1 1 10 100 12 1 1 1 10 12 1 1 10 12 1 10 12 1 10 12 1 10 12 1 1 10 10 12 1 5 0 5 0 9 12 1 1 9 12 1 5 0 100 1 8 1 10 12 1 8 1 10 12 1 8 1 8 1 10 12 1 1 5 0 10 12 1 1 5 0 10 12 1 1 10 12 1 1 10 100 12 1 1 1 11 7 1 10 12 1 1 11 10 12 1 1 8 1 10 12 1 1 8 1 7 1 10 12 1 1 10 12 1 8 1 8 1 11 12 1 1 10 12 1 10 12 1 10 12 1 5 0 5 0 9 7 12 1 1 1 10 12 1 10 12 1 1 8 1 8 1 10 12 1 1 8 1 8 1 8 1 8 1 8 1 8 1 10 12 1 10 7 1 9 12 1 1 10 12 1 10 12 1 1 10 12 1 1 10 7 12 1 1 1 100 1 100 1 10 12 1 1 10 12 1 1 5 0 10 12 1 10 12 1 5 0 5 0 5 0 10 12 1 1 10 12 1 5 0 5 0 10 12 1 10 12 1 10 100 12 1 1 1 10 12 1 1 10 12 1 1 8 1 10 7 12 1 1 1 9 12 1 1 7 1 7 1 7 1 1 1 1 5 0 1 1 1 1 3 1 3 1 5 0 1 1 1 1 1 1 1 1 1 100 1 1 1 1 1 1 1 1 1 1 1 1 1 1 1 1 1 1 1 1 1 1 1 1 1 1 1 1 1 1 1 1 1 1 1 1 1 1 1 1 1 1 1 1 1 1 1 1 1 1 1 1 1 1 1 3 1 1 1 1 1 1 1 1 1 1 1 1 1 1 1 7 1 1 1 1 1 1 1 1 1 1 1 1 1 1 1 1 1 1 1 1 1 1 1 1 1 1 1 1 1 1 1 1 1 1 1 1 1 1 1 1 1 1 1 7 1 1 1 1 1 1 1 1 1 100 1 100 1 1
staticfield java/lang/Long TYPE Ljava/lang/Class; java/lang/Class
ciInstanceKlass jdk/internal/vm/vector/VectorSupport 0 0 573 100 1 10 100 12 1 1 1 9 12 1 1 10 12 1 1 100 1 10 12 1 11 100 12 1 1 1 11 100 12 1 1 1 11 100 12 1 1 11 100 12 1 1 11 100 12 1 1 1 11 100 12 1 1 11 100 12 1 1 11 100 12 1 1 11 100 12 1 1 11 100 12 1 1 11 100 12 1 1 11 100 12 1 1 1 11 100 12 1 1 11 100 12 1 1 1 11 100 12 1 1 1 11 100 12 1 1 11 100 12 1 1 1 11 100 12 1 1 100 1 10 12 1 1 11 100 12 1 1 11 100 12 1 1 11 100 12 1 1 11 100 12 1 1 11 100 12 1 1 11 100 12 1 1 9 12 1 1 10 100 12 1 1 11 100 12 1 1 10 12 1 1 10 100 12 1 1 1 10 12 1 10 12 1 1 10 12 1 1 1 1 1 3 1 3 1 3 1 3 1 3 1 3 1 3 1 3 1 3 1 3 1 3 1 3 1 3 1 3 1 3 1 3 1 3 1 3 1 3 1 3 1 3 1 3 1 3 1 3 1 3 1 3 1 3 1 3 1 3 1 3 1 3 1 3 1 3 1 3 1 3 1 3 1 3 1 3 1 3 1 3 1 3 1 3 1 3 1 3 1 3 1 3 1 3 1 3 1 3 1 3 1 3 1 3 1 3 1 1 1 1 1 1 1 1 1 1 1 1 1 1 1 1 1 1 1 1 1 1 1 1 1 1 1 1 1 1 1 1 1 1 1 1 1 1 1 1 1 1 1 1 1 1 1 1 1 1 1 1 1 1 1 1 1 1 1 1 1 1 1 1 1 1 1 1 1 1 1 1 1 1 1 1 1 1 1 1 1 1 1 1 1 1 1 1 1 1 1 1 1 1 1 1 1 1 1 1 1 1 1 1 1 1 1 1 1 1 1 1 1 1 1 1 1 1 1 1 1 1 1 1 1 1 1 1 1 1 1 1 1 1 1 1 1 1 1 1 1 1 1 1 1 1 1 1 1 1 1 1 1 1 1 1 1 1 1 1 1 1 1 1 1 1 1 1 1 1 1 1 1 1 1 1 1 1 1 1 1 1 1 1 1 1 1 1 1 1 1 1 1 1 1 1 1 1 1 1 1 1 1 1 1 1 1 1 1 1 1 1 1 1 1 1 1 1 1 1 1 1 1 1 1 1 1 1 1 1 1 1 1 1 1 100 1 100 1 100 1 100 1 100 1 1 1 1 1 1 1 1 1 1 1 1 1 1 1 1 1 1 1 1 1 1 1 1 1 1 1 1 1 1 1
instanceKlass jdk/internal/vm/vector/VectorSupport$VectorShuffle
instanceKlass jdk/internal/vm/vector/VectorSupport$VectorMask
instanceKlass jdk/internal/vm/vector/VectorSupport$Vector
ciInstanceKlass jdk/internal/vm/vector/VectorSupport$VectorPayload 0 0 32 10 100 12 1 1 1 9 100 12 1 1 1 10 100 12 1 1 1 1 1 1 1 1 1 1 1 1 1 1 1 1
ciInstanceKlass jdk/internal/vm/vector/VectorSupport$Vector 0 0 28 10 100 12 1 1 1 100 1 1 1 1 1 1 1 1 1 1 1 1 1 1 1 100 1 1 1 1
ciInstanceKlass jdk/internal/vm/vector/VectorSupport$VectorMask 0 0 28 10 100 12 1 1 1 100 1 1 1 1 1 1 1 1 1 1 1 1 1 1 1 100 1 1 1 1
ciInstanceKlass jdk/internal/vm/vector/VectorSupport$VectorShuffle 0 0 28 10 100 12 1 1 1 100 1 1 1 1 1 1 1 1 1 1 1 1 1 1 1 100 1 1 1 1
ciInstanceKlass jdk/internal/vm/FillerObject 0 0 16 10 100 12 1 1 1 100 1 1 1 1 1 1 1 1
instanceKlass java/lang/ref/PhantomReference
instanceKlass java/lang/ref/FinalReference
instanceKlass java/lang/ref/WeakReference
instanceKlass java/lang/ref/SoftReference
ciInstanceKlass java/lang/ref/Reference 1 1 190 9 7 12 1 1 1 9 7 12 1 1 10 12 1 1 10 12 1 1 9 12 1 1 10 12 1 1 9 12 1 1 9 12 1 1 7 1 10 12 1 10 7 12 1 1 10 12 1 10 12 1 1 10 12 1 7 1 8 1 10 12 1 1 7 1 10 12 1 1 10 12 1 1 10 12 1 9 12 1 10 12 1 1 10 12 1 10 12 1 9 12 1 7 1 100 1 10 12 9 12 1 9 12 1 100 1 10 10 12 1 10 10 7 12 1 1 7 1 10 10 7 12 1 1 1 1 1 1 1 1 1 1 1 1 1 1 1 1 1 1 1 7 1 1 1 100 1 1 1 1 1 1 1 1 1 1 1 1 1 1 1 1 1 1 1 1 1 1 1 1 1 1 1 1 1 1 1 1 1 1 1 7 1 7 1 7 1 1 1
staticfield java/lang/ref/Reference processPendingLock Ljava/lang/Object; java/lang/Object
staticfield java/lang/ref/Reference $assertionsDisabled Z 1
ciMethod java/lang/ref/Reference get ()Ljava/lang/Object; 0 0 1 0 -1
ciMethod java/lang/ref/Reference <init> (Ljava/lang/Object;Ljava/lang/ref/ReferenceQueue;)V 776 0 3707 0 0
instanceKlass org/springframework/util/ConcurrentReferenceHashMap$SoftEntryReference
instanceKlass java/lang/invoke/LambdaFormEditor$Transform
ciInstanceKlass java/lang/ref/SoftReference 1 1 47 10 7 12 1 1 1 9 7 12 1 1 1 9 12 1 10 12 1 10 12 1 1 1 1 1 1 1 1 1 1 1 1 1 1 1 1 1 1 1 1 100 1 1 1 1 1
instanceKlass org/apache/commons/logging/impl/WeakHashtable$WeakKey
instanceKlass java/lang/ClassValue$Entry
instanceKlass java/lang/WeakPairMap$WeakRefPeer
instanceKlass java/util/logging/LogManager$LoggerWeakRef
instanceKlass java/util/logging/Level$KnownLevel
instanceKlass jdk/internal/util/WeakReferenceKey
instanceKlass java/lang/ThreadLocal$ThreadLocalMap$Entry
instanceKlass java/util/WeakHashMap$Entry
ciInstanceKlass java/lang/ref/WeakReference 1 1 31 10 7 12 1 1 1 10 12 1 100 1 1 1 1 1 1 1 1 1 1 1 1 1 1 1 1 1 1 1 1
ciMethod java/lang/ref/WeakReference <init> (Ljava/lang/Object;Ljava/lang/ref/ReferenceQueue;)V 514 0 2519 0 0
instanceKlass java/lang/ref/Finalizer
ciInstanceKlass java/lang/ref/FinalReference 1 1 50 10 7 12 1 1 1 10 7 12 1 1 1 10 12 1 1 7 1 8 1 10 12 1 1 1 1 1 1 1 1 1 1 1 1 1 1 1 1 1 1 1 1 1 1 1 1 1 7 1
instanceKlass jdk/internal/ref/PhantomCleanable
instanceKlass jdk/internal/ref/Cleaner
ciInstanceKlass java/lang/ref/PhantomReference 1 1 39 10 100 12 1 1 1 10 7 12 1 1 1 1 1 1 1 1 1 1 1 1 1 1 1 1 1 1 1 1 1 1 1 1 1 1 1 1 1
ciInstanceKlass java/lang/ref/Finalizer 1 1 155 9 7 12 1 1 1 10 7 12 1 1 1 9 12 1 1 9 12 1 1 9 12 1 9 12 1 9 12 1 1 10 12 1 7 1 8 1 10 12 1 10 12 1 1 9 12 1 100 1 10 12 1 7 1 11 100 12 1 1 10 12 1 7 1 10 12 1 100 1 10 12 1 10 7 12 1 1 1 10 100 12 1 1 1 100 1 10 10 12 1 7 1 10 12 1 7 1 10 12 1 1 10 12 1 1 10 12 1 10 7 12 1 1 1 7 1 10 7 1 10 10 12 1 1 1 1 1 1 1 1 1 1 1 1 1 1 1 1 1 1 1 1 1 1 1 1 1 1 1 1 1 1 1 1
staticfield java/lang/ref/Finalizer lock Ljava/lang/Object; java/lang/Object
staticfield java/lang/ref/Finalizer ENABLED Z 1
staticfield java/lang/ref/Finalizer $assertionsDisabled Z 1
instanceKlass org/springframework/core/annotation/IntrospectionFailureLogger
instanceKlass org/springframework/core/annotation/MergedAnnotations$SearchStrategy
instanceKlass org/springframework/util/ConcurrentLruCache$DrainStatus
instanceKlass org/springframework/test/context/NestedTestConfiguration$EnclosingConfiguration
instanceKlass org/springframework/core/NativeDetector$Context
instanceKlass org/springframework/util/ConcurrentReferenceHashMap$TaskOption
instanceKlass org/springframework/util/ConcurrentReferenceHashMap$Restructure
instanceKlass org/springframework/test/context/cache/ContextCache$PauseMode
instanceKlass ch/qos/logback/core/spi/FilterReply
instanceKlass org/slf4j/helpers/Reporter$Level
instanceKlass org/slf4j/helpers/Reporter$TargetChoice
instanceKlass ch/qos/logback/core/util/ReentryGuardFactory$GuardType
instanceKlass java/time/format/TextStyle
instanceKlass java/time/format/DateTimeFormatterBuilder$SettingsParser
instanceKlass java/time/format/ResolverStyle
instanceKlass java/time/format/SignStyle
instanceKlass java/time/temporal/JulianFields$Field
instanceKlass java/time/temporal/IsoFields$Unit
instanceKlass java/time/temporal/IsoFields$Field
instanceKlass java/time/temporal/ChronoUnit
instanceKlass java/time/temporal/ChronoField
instanceKlass ch/qos/logback/core/joran/spi/ConsoleTarget
instanceKlass ch/qos/logback/classic/spi/Configurator$ExecutionStatus
instanceKlass java/lang/StackStreamFactory$WalkerState
instanceKlass java/lang/StackWalker$ExtendedOption
instanceKlass java/lang/StackWalker$Option
instanceKlass org/apache/logging/log4j/spi/StandardLevel
instanceKlass org/junit/jupiter/api/Timeout$ThreadMode
instanceKlass org/junit/platform/commons/util/ClassNamePatternFilterUtils$FilterType
instanceKlass org/springframework/util/ConcurrentReferenceHashMap$ReferenceType
instanceKlass org/junit/jupiter/api/parallel/ResourceLockTarget
instanceKlass org/junit/platform/engine/support/hierarchical/ExclusiveResource$LockMode
instanceKlass org/junit/platform/launcher/core/IterationOrder
instanceKlass org/junit/platform/launcher/EngineDiscoveryResult$Status
instanceKlass org/junit/platform/engine/TestDescriptor$Type
instanceKlass java/lang/invoke/MethodHandleImpl$ArrayAccess
instanceKlass org/junit/platform/commons/util/ReflectionUtils$CycleErrorHandling
instanceKlass org/junit/platform/engine/SelectorResolutionResult$Status
instanceKlass org/junit/platform/commons/support/HierarchyTraversalMode
instanceKlass org/junit/platform/commons/util/ReflectionUtils$HierarchyTraversalMode
instanceKlass org/springframework/boot/test/context/SpringBootTest$WebEnvironment
instanceKlass org/springframework/boot/test/context/SpringBootTest$UseMainMethod
instanceKlass org/apiguardian/api/API$Status
instanceKlass org/junit/platform/engine/support/discovery/SelectorResolver$Match$Type
instanceKlass java/util/Comparators$NaturalOrderComparator
instanceKlass java/util/stream/Collector$Characteristics
instanceKlass org/junit/jupiter/api/extension/TestInstantiationAwareExtension$ExtensionContextScope
instanceKlass org/junit/jupiter/api/io/CleanupMode
instanceKlass org/junit/jupiter/api/TestInstance$Lifecycle
instanceKlass org/junit/jupiter/api/parallel/ExecutionMode
instanceKlass java/util/Locale$Category
instanceKlass java/util/stream/MatchOps$MatchKind
instanceKlass jdk/jfr/internal/LogLevel
instanceKlass java/lang/annotation/ElementType
instanceKlass java/lang/reflect/ProxyGenerator$PrimitiveTypeInfo
instanceKlass java/lang/annotation/RetentionPolicy
instanceKlass jdk/jfr/internal/LogTag
instanceKlass org/junit/platform/engine/DiscoveryIssue$Severity
instanceKlass org/junit/platform/launcher/core/LauncherPhase
instanceKlass java/util/regex/Pattern$Qtype
instanceKlass org/junit/platform/launcher/listeners/discovery/LauncherDiscoveryListeners$LauncherDiscoveryListenerType
instanceKlass java/net/Proxy$Type
instanceKlass java/net/StandardProtocolFamily
instanceKlass jdk/internal/util/OperatingSystem
instanceKlass jdk/internal/logger/BootstrapLogger$LoggingBackend
instanceKlass java/util/stream/StreamShape
instanceKlass java/util/stream/StreamOpFlag$Type
instanceKlass java/util/stream/StreamOpFlag
instanceKlass java/lang/invoke/MethodHandles$Lookup$ClassOption
instanceKlass java/lang/invoke/VarHandle$AccessType
instanceKlass java/lang/invoke/VarHandle$AccessMode
instanceKlass java/lang/invoke/MethodHandleImpl$Intrinsic
instanceKlass java/lang/invoke/LambdaForm$BasicType
instanceKlass java/lang/invoke/LambdaForm$Kind
instanceKlass sun/invoke/util/Wrapper
instanceKlass java/util/zip/ZipCoder$Comparison
instanceKlass java/nio/file/LinkOption
instanceKlass java/util/concurrent/TimeUnit
instanceKlass sun/nio/fs/WindowsPathType
instanceKlass java/nio/file/StandardOpenOption
instanceKlass java/io/File$PathStatus
instanceKlass java/lang/module/ModuleDescriptor$Requires$Modifier
instanceKlass java/lang/reflect/AccessFlag$Location
instanceKlass java/lang/reflect/AccessFlag
instanceKlass java/lang/module/ModuleDescriptor$Modifier
instanceKlass java/lang/reflect/ClassFileFormatVersion
instanceKlass java/lang/Thread$State
ciInstanceKlass java/lang/Enum 1 1 204 9 7 12 1 1 1 9 12 1 1 10 7 12 1 1 1 9 12 1 10 7 12 1 1 1 100 1 10 10 12 1 1 10 12 1 7 1 10 10 7 12 1 1 10 12 1 1 18 12 1 1 10 100 12 1 1 1 10 12 1 1 11 7 12 1 1 1 100 1 8 1 10 12 1 100 1 7 1 10 8 1 10 12 1 1 10 12 1 1 8 1 10 12 1 10 100 1 8 1 10 10 12 1 1 10 100 12 1 1 1 7 1 7 1 7 1 1 1 1 1 1 1 1 1 1 1 1 1 1 1 1 1 1 1 1 1 1 1 1 1 1 1 1 1 1 1 1 1 1 1 1 1 1 1 1 1 1 1 1 1 1 1 3 1 1 1 1 100 1 7 1 1 100 1 1 1 1 1 1 1 1 1 1 1 16 15 10 12 16 15 10 100 12 1 1 1 1 1 100 1 100 1 1
ciInstanceKlass java/lang/ref/NativeReferenceQueue 1 1 92 10 7 12 1 1 1 7 1 10 12 1 9 7 12 1 1 1 10 7 12 1 1 10 12 1 10 12 1 10 12 1 1 10 12 1 1 10 12 1 1 100 1 8 1 10 12 1 10 12 1 10 12 1 1 10 12 1 1 1 1 1 1 1 1 1 1 100 1 1 1 1 1 1 1 1 7 1 7 1 1 1 1 1 1 1 1 1 1 1 1 1
instanceKlass java/lang/ref/ReferenceQueue$Null
instanceKlass java/lang/ref/NativeReferenceQueue
ciInstanceKlass java/lang/ref/ReferenceQueue 1 1 183 9 7 12 1 1 1 11 7 12 1 1 1 11 12 1 9 7 12 1 1 1 11 12 1 10 7 12 1 1 9 12 1 1 7 1 10 9 12 1 1 10 12 1 1 9 7 12 1 1 1 9 12 1 9 12 1 9 12 1 1 100 1 10 9 12 1 1 9 12 1 7 1 10 100 12 1 1 1 10 12 1 10 12 1 1 10 7 12 1 1 1 10 12 1 5 0 10 10 12 10 12 1 1 10 12 1 10 12 1 1 100 1 8 1 10 12 1 10 12 1 10 12 1 1 10 12 11 100 12 1 1 1 10 7 12 1 1 7 1 10 1 1 1 1 1 1 1 1 1 1 100 1 1 1 1 1 1 1 1 1 1 1 1 1 1 1 7 1 1 1 1 1 1 1 1 1 1 1 1 1 1 1
staticfield java/lang/ref/ReferenceQueue NULL Ljava/lang/ref/ReferenceQueue; java/lang/ref/ReferenceQueue$Null
staticfield java/lang/ref/ReferenceQueue ENQUEUED Ljava/lang/ref/ReferenceQueue; java/lang/ref/ReferenceQueue$Null
staticfield java/lang/ref/ReferenceQueue $assertionsDisabled Z 1
ciMethod java/lang/ref/NativeReferenceQueue poll ()Ljava/lang/ref/Reference; 512 0 10376 0 0
ciInstanceKlass java/lang/reflect/Method 1 1 472 9 7 12 1 1 1 10 100 12 1 1 1 10 100 12 1 1 9 12 1 1 10 12 1 1 10 12 1 1 10 100 12 1 1 10 7 12 1 1 1 9 12 1 1 9 12 1 9 12 1 1 9 12 1 9 12 1 9 12 1 1 9 12 1 9 12 1 1 9 12 1 9 12 1 9 12 1 1 100 1 8 1 10 12 1 10 12 1 9 12 1 1 8 1 10 7 12 1 1 10 7 12 1 1 1 10 12 1 1 10 12 1 1 10 12 1 10 12 1 1 10 12 1 1 9 7 12 1 1 1 10 12 1 1 10 12 10 7 12 1 1 10 12 1 1 10 12 1 10 12 1 10 12 1 10 7 12 1 1 1 10 12 1 1 10 7 1 10 7 12 1 1 1 10 100 12 1 1 10 12 1 1 10 12 1 1 10 12 1 10 7 12 1 1 1 10 12 1 10 8 1 10 12 1 10 12 1 7 1 8 1 8 1 8 1 10 12 1 10 12 1 1 10 12 1 1 10 10 12 1 1 10 12 1 11 7 1 10 12 1 9 12 1 1 10 12 1 1 10 12 1 10 12 1 1 10 12 1 1 11 7 12 1 1 1 11 12 1 9 12 1 1 10 12 1 10 12 1 10 12 1 10 12 1 10 12 1 10 12 1 9 12 1 1 10 7 12 1 1 1 10 7 12 1 1 10 12 1 1 10 7 12 1 1 1 10 7 12 1 1 1 10 7 12 1 1 1 11 7 12 1 1 1 10 7 12 1 1 1 7 1 100 1 100 1 10 12 1 10 12 1 1 10 12 1 100 1 8 1 10 12 1 10 10 12 1 1 10 12 1 1 10 12 1 1 10 12 1 1 8 1 10 12 1 1 1 1 1 1 1 1 1 1 1 1 1 1 1 1 1 1 1 1 1 1 1 1 1 1 1 1 1 1 1 1 1 1 1 1 1 1 1 1 1 1 1 1 1 1 1 1 1 1 1 1 1 100 1 100 1 100 1 1 1 1 1 1 1 1 1 1 1 1 1 1 1 1 1 1 1 1 1 1 1 1 1 1 1 1 1 1
ciInstanceKlass java/lang/reflect/Field 1 1 457 9 7 12 1 1 1 10 12 1 1 10 100 12 1 1 1 10 100 12 1 1 9 12 1 1 10 12 1 1 10 12 1 1 10 100 12 1 1 10 7 12 1 1 1 9 12 1 1 9 12 1 9 12 1 9 12 1 1 9 12 1 1 9 12 1 9 12 1 1 9 12 1 1 100 1 8 1 10 12 1 10 12 1 9 12 1 1 9 12 1 10 12 1 10 100 12 1 1 10 12 1 1 10 12 1 1 10 12 1 10 12 1 1 9 100 12 1 1 1 10 100 12 1 1 1 100 1 10 12 1 1 10 12 1 1 10 12 1 1 10 12 1 10 12 1 10 7 1 10 7 12 1 1 7 1 10 8 1 10 12 1 1 10 12 1 1 8 1 10 12 10 12 1 8 1 8 1 10 11 7 1 9 12 1 10 12 1 1 10 12 1 1 11 7 12 1 1 1 10 12 1 11 12 1 1 11 12 1 1 11 12 1 1 11 12 1 1 11 12 1 1 11 12 1 1 11 12 1 1 11 12 1 1 11 12 1 1 11 12 1 1 11 12 1 1 11 12 1 1 11 12 1 1 11 12 1 1 11 12 1 1 11 12 1 1 11 12 1 1 10 12 1 10 7 12 1 1 10 12 1 10 12 1 10 12 1 9 12 1 1 10 100 12 1 1 1 10 12 1 1 10 12 1 10 7 12 1 1 10 12 1 1 11 7 1 10 12 1 7 1 10 100 12 1 1 1 10 7 12 1 1 1 9 12 1 10 7 12 1 1 1 11 7 12 1 1 1 10 12 1 1 10 12 1 1 9 100 12 1 1 10 100 12 1 1 1 10 12 1 1 7 1 1 1 1 1 1 1 1 1 1 1 1 1 1 1 1 1 1 1 1 1 1 1 1 1 1 1 1 1 1 1 1 1 1 1 1 1 1 1 100 1 1 1 1 1 1 1 1 1 1 1 1 1 1 1 1 1 1 1 1 1 1 1 1 1 1 1 1 1 1 1 1 7 1 1 1 1 1 1 1 1 1 100 1 1
ciInstanceKlass java/lang/reflect/Parameter 0 0 243 10 7 12 1 1 1 9 7 12 1 1 1 9 12 1 1 9 12 1 1 9 12 1 10 12 1 1 10 12 1 1 10 7 12 1 1 1 7 1 10 10 12 1 1 11 7 12 1 1 1 10 12 1 10 100 12 1 1 1 10 12 1 1 10 12 1 10 12 1 8 1 8 1 10 7 12 1 1 1 10 12 1 10 12 9 100 12 1 1 1 10 100 12 1 1 1 10 12 1 8 1 10 12 1 9 12 1 1 10 12 1 1 9 12 1 1 10 12 1 1 10 12 1 1 10 12 1 1 10 12 1 10 10 12 1 10 100 12 1 1 1 10 12 1 1 11 7 12 1 1 10 7 12 1 1 7 1 10 100 12 1 1 1 10 12 1 1 10 12 1 1 10 12 1 1 10 12 1 1 9 12 1 100 1 10 11 12 1 1 11 12 1 1 7 1 1 1 1 1 1 1 1 1 1 1 1 1 1 1 1 1 1 1 1 1 1 1 1 1 1 1 1 1 1 1 1 1 1 1 1 1 1 1 1 1 100 1 1 1 1 1 1
ciInstanceKlass java/lang/reflect/Array 1 1 83 10 100 12 1 1 1 10 7 12 1 1 1 10 12 1 1 1 1 1 1 1 1 1 1 1 1 1 1 1 100 1 1 1 1 1 100 1 1 1 1 1 1 1 1 100 1 1 1 1 1 1 1 1 1 1 1 1 1 1 1 1 1 1 1 1 1 1 1 1 1 1 1 1 1 1 1 1 1 1 1 1 1
ciMethod java/lang/reflect/Array newInstance (Ljava/lang/Class;I)Ljava/lang/Object; 140 0 796 0 -1
ciInstanceKlass java/lang/reflect/RecordComponent 0 0 196 10 7 12 1 1 1 9 7 12 1 1 1 9 12 1 1 9 12 1 10 12 1 1 10 12 1 1 10 100 12 1 1 1 10 12 1 1 9 12 1 1 10 12 1 1 10 12 1 1 10 12 1 10 100 12 1 1 10 100 12 1 1 9 12 1 1 10 100 12 1 1 1 11 100 12 1 1 1 10 9 100 12 1 1 1 10 100 12 1 1 1 9 12 1 1 10 100 12 1 1 1 10 12 1 1 11 7 12 1 1 10 7 12 1 1 7 1 9 12 1 9 12 1 1 9 12 1 10 100 12 1 1 1 10 12 1 1 10 12 1 1 7 1 10 10 12 1 10 12 1 1 8 1 10 12 1 10 12 1 9 12 1 7 1 1 1 1 1 1 1 1 1 1 1 1 1 1 1 1 1 1 1 1 1 1 7 1 1 1 1 1 1 100 1 1
ciInstanceKlass java/lang/StringBuffer 1 1 483 10 7 12 1 1 1 10 12 1 10 12 1 10 12 1 1 9 7 12 1 1 1 10 12 1 1 10 12 1 10 12 1 1 9 12 1 1 10 12 1 10 12 1 1 10 12 1 1 10 12 1 10 12 1 1 10 12 1 10 12 1 1 10 12 1 1 10 7 12 1 1 1 10 12 1 1 10 12 1 10 12 1 10 12 1 10 12 1 10 12 1 10 12 1 10 12 1 10 12 1 10 12 1 10 12 1 10 12 1 10 12 1 10 12 1 10 12 1 1 10 12 1 10 12 1 1 10 12 1 1 10 10 12 1 1 10 12 1 10 12 1 10 12 1 10 12 1 10 12 1 10 12 1 10 12 10 12 1 10 12 1 10 12 1 10 12 1 1 10 12 1 10 12 1 10 10 12 1 1 10 12 1 10 12 1 10 12 1 10 10 100 12 1 1 1 10 10 12 1 1 9 12 1 1 10 100 12 1 1 10 100 1 8 10 100 12 1 1 1 8 10 12 1 8 1 10 12 1 10 12 1 10 100 12 1 1 1 10 100 12 1 1 1 7 1 10 12 100 1 8 1 10 10 12 1 1 10 12 1 1 10 12 1 10 12 1 10 12 1 1 10 12 1 10 12 1 10 12 1 10 12 1 10 12 1 10 12 10 12 1 10 12 1 10 12 1 10 12 1 10 12 1 10 12 1 10 12 1 10 12 1 10 12 1 10 12 1 10 12 10 12 10 12 1 10 12 1 10 12 1 10 12 10 12 1 10 12 1 10 12 1 10 12 1 10 12 1 10 12 1 10 12 1 10 12 1 10 12 1 10 12 1 10 12 1 7 1 10 12 1 9 7 12 1 1 1 9 7 1 9 12 1 1 7 1 7 1 7 1 7 1 1 1 1 5 0 1 1 1 1 1 1 1 1 1 1 1 1 1 1 1 1 1 1 1 1 1 1 1 1 1 1 1 1 1 1 1 1 1 1 1 1 1 1 1 1 1 1 1 1 1 1 1 1 1 1 1 1 1 1 1 1 1 1 1 1 1 100 1 1 1 1 1 7 1 1 1 1 1 1 1 1 1 1 1 1 1 1 1 1 1 1
staticfield java/lang/StringBuffer serialPersistentFields [Ljava/io/ObjectStreamField; 3 [Ljava/io/ObjectStreamField;
instanceKlass jdk/internal/loader/BuiltinClassLoader
ciInstanceKlass java/security/SecureClassLoader 1 1 102 10 7 12 1 1 1 7 1 10 12 1 9 7 12 1 1 1 10 12 1 10 12 1 10 12 1 1 10 12 1 1 10 12 1 7 1 10 7 1 10 12 1 7 1 10 12 1 11 7 12 1 1 1 7 1 11 12 1 10 12 1 1 1 1 1 1 1 1 1 1 1 1 1 1 1 1 1 1 1 1 1 1 1 1 1 1 1 1 1 1 1 1 1 1 1 1 100 1 1 1 1
ciInstanceKlass java/util/jar/Manifest 1 1 339 10 7 12 1 1 1 7 1 10 9 7 12 1 1 1 7 1 10 9 12 1 1 9 12 1 1 10 12 1 10 12 1 1 10 12 1 1 10 12 1 1 10 12 1 1 11 7 1 11 12 1 1 10 12 1 1 10 100 12 1 1 1 100 1 7 1 10 8 1 10 12 1 1 10 12 1 1 10 12 1 10 12 1 11 100 1 10 12 1 10 12 1 1 11 12 1 1 10 12 1 11 12 1 1 11 100 12 1 1 1 11 7 12 1 1 11 12 1 1 100 1 10 12 1 8 1 11 12 1 7 1 10 12 1 1 11 12 1 10 12 1 10 12 1 10 7 12 1 1 1 8 1 10 12 1 1 10 9 100 12 1 1 1 10 12 1 1 10 100 12 1 10 12 1 10 12 1 9 100 12 1 1 1 8 1 10 12 1 8 1 8 1 7 1 10 12 1 10 12 1 10 12 1 1 100 1 8 1 10 12 1 1 8 1 10 10 12 1 1 8 1 10 12 1 1 10 7 12 1 1 1 10 12 1 10 11 12 1 1 10 12 1 10 100 12 1 1 1 10 12 1 1 10 12 1 10 12 1 1 11 10 12 1 11 10 12 1 7 1 1 1 1 1 1 1 1 1 1 1 1 1 1 1 1 1 1 1 1 1 1 1 1 1 1 1 1 1 1 1 1 1 1 1 1 1 1 1 1 1 1 1 100 1 1 1 1 1 1 1 1 1 1 1 1 1 1 7 1 1 1 1 1 1 1 1 1 1 1
ciInstanceKlass java/io/ByteArrayInputStream 1 1 117 10 7 12 1 1 1 9 7 12 1 1 1 9 12 1 1 9 12 1 9 12 1 10 100 12 1 1 1 10 7 12 1 1 1 10 7 12 1 1 1 10 100 12 1 1 1 10 12 1 1 3 10 100 1 10 100 12 1 1 1 9 12 1 1 100 1 10 10 7 12 1 1 1 1 1 1 1 1 1 1 1 1 1 1 1 1 1 1 1 1 1 1 1 1 1 1 1 1 1 1 1 100 1 1 1 1 1 1 1 1 1 1 1 1 1 1
staticfield java/io/ByteArrayInputStream $assertionsDisabled Z 1
instanceKlass java/nio/CharBuffer
instanceKlass java/nio/IntBuffer
instanceKlass java/nio/LongBuffer
instanceKlass java/nio/ByteBuffer
ciInstanceKlass java/nio/Buffer 1 1 256 100 1 10 7 12 1 1 1 9 7 12 1 1 1 9 12 1 9 12 1 1 9 12 1 9 12 1 1 10 12 1 1 10 12 1 1 10 12 100 1 7 1 10 8 1 10 12 1 1 10 12 1 8 1 8 1 10 12 1 1 10 12 1 8 1 9 12 1 1 100 1 8 1 10 12 1 8 1 8 1 9 12 10 12 1 8 1 8 1 8 1 10 12 1 8 1 8 1 8 1 100 1 10 100 1 10 100 1 10 9 12 1 1 10 7 12 1 1 1 100 1 10 12 1 1 10 12 1 10 100 12 1 1 10 7 12 1 1 1 10 7 12 1 1 1 9 12 1 1 10 7 12 1 1 1 9 12 1 1 7 1 10 10 12 1 1 7 1 10 10 7 12 1 1 1 1 1 3 1 1 1 1 1 1 1 1 1 1 1 1 1 1 100 1 1 1 1 1 1 1 7 1 1 1 1 1 1 1 1 1 1 1 1 1 1 1 1 1 1 1 1 1 1 1 1 1 1 1 1 1 1 1 1 1 1 1 1 1 1 1 100 1 100 1 100 1 100 1 100 1 100 1 100 1 1
staticfield java/nio/Buffer UNSAFE Ljdk/internal/misc/Unsafe; jdk/internal/misc/Unsafe
staticfield java/nio/Buffer SCOPED_MEMORY_ACCESS Ljdk/internal/misc/ScopedMemoryAccess; jdk/internal/misc/ScopedMemoryAccess
staticfield java/nio/Buffer IOOBE_FORMATTER Ljava/util/function/BiFunction; jdk/internal/util/Preconditions$4
staticfield java/nio/Buffer $assertionsDisabled Z 1
ciInstanceKlass java/util/Objects 1 1 184 10 7 12 1 1 1 100 1 8 1 10 12 1 10 12 1 1 10 7 12 1 1 1 10 12 1 1 10 12 1 10 7 12 1 1 1 10 12 1 1 10 7 12 1 1 1 7 1 10 10 12 1 1 10 7 12 1 1 10 12 1 1 8 1 10 7 12 1 1 1 10 7 12 1 1 1 10 11 100 12 1 1 1 100 1 10 10 12 1 8 1 10 12 1 8 1 100 1 11 12 1 1 8 1 10 7 12 1 1 1 10 12 1 1 10 12 1 10 12 1 10 12 1 10 12 1 1 1 1 1 1 1 1 1 1 1 1 1 1 1 1 1 1 1 1 1 1 1 1 1 1 1 1 1 1 1 1 1 1 1 1 1 1 1 1 1 1 1 1 1 1 1 1 1 1 1 1 1 1 1 1 1 1
ciMethod java/util/Objects equals (Ljava/lang/Object;Ljava/lang/Object;)Z 544 0 10503 0 0
ciMethod java/util/Objects hashCode (Ljava/lang/Object;)I 516 0 3026 0 0
ciMethod java/util/Objects requireNonNull (Ljava/lang/Object;Ljava/lang/String;)Ljava/lang/Object; 530 0 17852 0 -1
ciMethod java/util/Objects requireNonNull (Ljava/lang/Object;)Ljava/lang/Object; 830 0 34987 0 -1
instanceKlass java/util/Collections$CopiesList
instanceKlass java/util/ArrayList$SubList
instanceKlass java/util/Collections$SingletonList
instanceKlass java/util/Arrays$ArrayList
instanceKlass java/util/Vector
instanceKlass java/util/Collections$EmptyList
instanceKlass java/util/ArrayList
ciInstanceKlass java/util/AbstractList 1 1 218 10 7 12 1 1 1 9 7 12 1 1 1 10 12 1 1 10 12 1 1 100 1 10 10 12 1 1 11 100 12 1 1 1 11 12 1 1 11 12 1 10 7 12 1 1 1 10 12 1 11 12 1 11 12 1 11 12 1 10 12 1 1 10 12 1 1 11 7 12 1 1 1 11 7 1 11 100 1 10 12 1 100 1 10 12 1 10 12 1 1 7 1 100 1 10 12 1 100 1 10 100 1 7 1 10 8 1 10 12 1 1 10 12 1 10 12 1 1 10 12 1 8 1 100 1 8 1 8 1 8 1 10 7 1 11 10 10 12 1 11 12 1 10 12 1 1 8 1 8 1 1 1 1 1 1 1 1 1 1 1 1 1 1 1 1 1 1 1 1 1 1 1 1 1 1 1 1 1 1 1 1 1 1 1 1 1 1 1 1 1 1 1 1 1 1 1 1 1 1 1 1 1 1 1 1 1 1 100 1 100 1 1 1 1 1 1 1
ciInstanceKlass java/util/List 1 1 251 10 100 12 1 1 1 11 100 12 1 1 1 11 100 12 1 1 1 11 12 1 1 11 100 12 1 1 11 12 1 1 11 12 1 1 10 100 12 1 1 1 7 1 7 1 10 12 1 1 100 1 10 100 12 1 1 1 11 12 1 1 11 12 1 11 12 1 100 1 10 12 1 11 12 1 1 11 12 1 1 11 12 1 10 100 12 1 1 1 9 7 12 1 1 1 7 1 10 12 10 12 1 7 1 10 12 1 1 10 12 1 10 12 1 1 11 12 1 1 100 1 1 1 1 1 1 1 1 1 1 1 1 1 1 1 1 1 1 1 1 1 1 1 1 1 1 1 1 1 1 1 1 1 1 1 1 1 1 1 1 1 1 1 1 100 1 100 1 1 1 1 1 1 1 1 1 1 1 1 1 1 1 1 1 1 1 1 1 1 1 1 1 1 1 1 1 1 1 1 1 1 1 1 1 1 1 1 1 1 1 1 1 1 1 1 1 1 1 1 1 1 1 1 1 1 1 1 1 1 1 1 1 1 1 1 1 1 1 1 1 1 1 1 100 1 1 100 1 1 1
ciInstanceKlass java/util/SequencedCollection 1 1 109 100 1 10 12 1 1 11 7 12 1 1 1 11 7 12 1 1 1 11 12 1 1 11 12 1 7 1 7 1 1 1 1 1 1 1 1 1 1 1 1 1 1 1 1 1 1 1 1 1 1 1 1 1 1 1 1 1 100 1 8 1 1 12 10 1 1 1 8 1 1 1 8 1 1 1 8 1 1 1 8 1 1 8 1 1 1 8 1 1 8 1 1 1 8 1 1 8 1 1 1 8 1 1 8 1 1 8 1
ciInstanceKlass java/util/Collection 1 1 115 11 100 12 1 1 1 100 1 11 7 12 1 1 1 10 100 12 1 1 1 11 12 1 1 11 100 12 1 1 1 11 12 1 1 11 100 12 1 1 1 11 12 1 1 10 100 12 1 1 1 11 12 1 10 7 12 1 1 1 100 1 100 1 1 1 1 1 1 1 1 1 1 1 1 1 1 1 1 1 1 1 1 1 1 1 1 1 1 1 1 1 1 1 1 1 1 1 1 1 1 1 1 1 1 1 1 1 1 1 1 1 1 1 1
ciInstanceKlass java/lang/Iterable 1 1 62 10 7 12 1 1 1 11 7 12 1 1 1 11 7 12 1 1 1 11 12 1 1 11 7 12 1 1 1 10 100 12 1 1 1 100 1 1 1 1 1 1 1 1 1 1 1 1 1 1 1 1 1 1 1 1 1 1 1 1 1 1
instanceKlass java/util/AbstractQueue
instanceKlass java/util/LinkedHashMap$LinkedValues
instanceKlass java/util/HashMap$Values
instanceKlass java/util/IdentityHashMap$Values
instanceKlass java/util/ArrayDeque
instanceKlass java/util/AbstractSet
instanceKlass java/util/ImmutableCollections$AbstractImmutableCollection
instanceKlass java/util/AbstractList
ciInstanceKlass java/util/AbstractCollection 1 1 160 10 7 12 1 1 1 10 7 12 1 1 1 10 12 1 1 11 7 12 1 1 1 11 12 1 1 10 12 1 1 10 100 12 1 1 1 10 12 1 1 10 12 1 1 10 7 12 1 1 10 7 12 1 1 1 7 1 10 7 12 1 1 1 10 100 12 1 1 1 100 1 10 11 12 1 11 7 1 10 12 1 10 12 1 10 100 12 1 1 1 11 8 1 7 1 10 10 12 1 1 8 1 10 12 1 10 12 1 1 1 1 1 1 1 1 1 1 1 1 1 1 1 1 1 1 1 1 1 1 1 1 1 1 1 1 1 1 1 1 1 1 1 1 1 1 1 1 1 1 1 1 1 1 1 1 1 1 1 1
ciInstanceKlass java/lang/AssertionStatusDirectives 0 0 24 10 100 12 1 1 1 100 1 1 1 1 1 1 1 1 1 1 1 1 1 1 1 1
instanceKlass java/io/UncheckedIOException
instanceKlass org/springframework/test/context/aot/TestContextAotException
instanceKlass org/springframework/core/NestedRuntimeException
instanceKlass ch/qos/logback/core/LogbackException
instanceKlass java/lang/IndexOutOfBoundsException
instanceKlass java/util/ConcurrentModificationException
instanceKlass java/util/NoSuchElementException
instanceKlass org/apache/logging/log4j/util/InternalException
instanceKlass org/apache/logging/log4j/LoggingException
instanceKlass org/apache/commons/logging/LogConfigurationException
instanceKlass java/lang/IllegalStateException
instanceKlass org/opentest4j/IncompleteExecutionException
instanceKlass java/lang/reflect/UndeclaredThrowableException
instanceKlass java/lang/UnsupportedOperationException
instanceKlass java/lang/SecurityException
instanceKlass org/junit/platform/commons/JUnitException
instanceKlass java/lang/IllegalArgumentException
instanceKlass java/lang/ArithmeticException
instanceKlass java/lang/NullPointerException
instanceKlass java/lang/IllegalMonitorStateException
instanceKlass java/lang/ArrayStoreException
instanceKlass java/lang/ClassCastException
ciInstanceKlass java/lang/RuntimeException 1 1 40 10 100 12 1 1 1 10 12 1 10 12 1 10 12 1 10 12 1 100 1 1 1 1 5 0 1 1 1 1 1 1 1 1 1 1 1 1 1 1
instanceKlass org/springframework/core/io/support/SpringFactoriesLoader$Factories
instanceKlass org/junit/platform/engine/support/store/NamespacedHierarchicalStore$CompositeKey
instanceKlass org/junit/jupiter/engine/extension/TimeoutDuration
instanceKlass java/lang/reflect/Executable$ParameterData
instanceKlass org/junit/platform/engine/support/hierarchical/NodeTestTaskContext
instanceKlass org/junit/platform/engine/support/store/NamespacedHierarchicalStore$EvaluatedValue
instanceKlass org/junit/jupiter/engine/discovery/DeclaredMethodSelector
instanceKlass java/util/stream/Collectors$CollectorImpl
instanceKlass jdk/jfr/internal/EventControl$NamedControl
instanceKlass java/lang/reflect/Proxy$ProxyBuilder$ProxyClassContext
instanceKlass java/nio/DirectByteBuffer$Deallocator
instanceKlass jdk/net/UnixDomainPrincipal
instanceKlass java/security/SecureClassLoader$CodeSourceKey
instanceKlass jdk/internal/reflect/ReflectionFactory$Config
instanceKlass jdk/internal/foreign/abi/UpcallLinker$CallRegs
instanceKlass jdk/internal/foreign/abi/VMStorage
ciInstanceKlass java/lang/Record 1 1 22 10 7 12 1 1 1 100 1 1 1 1 1 1 1 1 1 1 1 1 1 1
ciInstanceKlass java/lang/invoke/MethodType 1 1 780 7 1 10 7 12 1 1 1 9 12 1 1 9 12 1 1 9 12 1 1 10 7 12 1 1 1 9 7 12 1 1 8 1 10 100 12 1 1 1 9 7 1 9 7 1 10 12 1 1 7 1 10 8 1 10 12 1 1 10 12 1 10 12 1 1 7 1 8 1 10 12 1 100 1 10 10 12 1 10 12 1 1 10 12 1 1 11 7 12 1 1 1 9 12 1 11 12 1 1 7 10 12 1 1 10 12 1 1 7 1 7 1 10 7 12 1 1 1 10 12 1 10 12 1 9 12 1 1 10 7 12 1 1 10 12 1 1 10 7 12 1 1 1 10 7 12 1 1 1 10 12 1 9 12 1 1 10 12 1 1 10 12 1 1 10 12 1 1 10 12 1 1 10 12 1 1 10 12 1 10 12 1 10 12 1 1 10 12 1 8 1 8 1 10 12 1 1 9 12 1 1 100 1 10 10 12 1 1 10 12 1 10 12 1 1 10 12 1 1 10 12 1 10 12 1 10 12 1 8 1 10 12 1 1 10 7 12 1 1 1 10 12 1 10 12 1 1 10 12 1 10 12 1 10 12 1 1 10 12 1 10 12 1 9 12 1 10 12 1 10 10 12 1 1 10 12 1 9 12 1 1 10 12 1 1 11 12 1 1 10 12 1 1 10 12 1 10 12 1 100 1 8 1 8 1 8 1 10 12 1 10 12 1 10 12 1 1 10 10 12 1 11 12 1 1 11 12 1 10 100 12 1 1 1 9 12 1 10 12 1 10 12 1 1 10 12 1 1 10 12 1 10 12 1 10 100 12 1 1 1 10 12 1 1 10 12 1 10 12 1 10 12 1 10 9 12 1 1 7 1 10 12 1 10 12 1 1 9 100 12 1 1 1 10 7 12 1 1 1 10 7 12 1 1 1 10 12 1 1 10 7 12 1 1 1 10 12 1 1 8 1 10 7 12 1 1 1 11 12 1 1 9 12 1 1 10 12 1 1 10 12 1 10 12 1 1 10 12 1 1 10 100 12 1 1 100 1 10 12 1 1 11 100 12 1 1 18 12 1 1 11 12 1 1 18 12 1 11 12 1 100 1 11 100 12 1 1 10 12 1 100 1 10 12 1 10 100 12 1 1 10 12 1 1 9 12 1 1 9 100 12 1 1 1 10 7 12 1 1 1 9 12 1 10 100 12 1 1 10 12 1 100 10 12 1 1 10 12 1 7 1 10 10 12 1 1 7 1 7 1 9 12 1 1 7 1 7 1 7 1 1 1 5 0 1 1 1 1 1 1 1 3 1 3 1 3 1 1 1 1 1 1 1 1 1 1 1 1 1 1 1 1 1 1 1 1 1 1 1 1 1 1 1 1 1 1 1 1 1 1 1 1 1 1 1 1 1 1 1 1 1 1 1 1 1 1 1 1 1 1 1 1 1 1 1 1 1 1 1 1 1 1 1 1 1 1 1 1 1 1 1 1 1 1 1 1 1 1 1 1 1 1 1 1 1 1 1 1 1 1 1 1 1 1 1 1 1 1 1 1 1 1 1 1 1 1 1 1 1 1 1 1 1 1 1 1 1 1 1 1 1 1 1 1 1 1 100 1 100 1 1 1 1 1 1 1 1 1 1 1 1 1 100 1 1 1 7 1 1 1 1 1 1 1 1 1 1 1 1 1 1 1 1 1 1 1 1 1 1 16 15 10 12 16 16 15 10 12 16 15 10 100 12 1 1 1 1 1 7 1 1 7 1 1 100 1 100 1 1
staticfield java/lang/invoke/MethodType internTable Ljdk/internal/util/ReferencedKeySet; jdk/internal/util/ReferencedKeySet
staticfield java/lang/invoke/MethodType NO_PTYPES [Ljava/lang/Class; 0 [Ljava/lang/Class;
staticfield java/lang/invoke/MethodType objectOnlyTypes [Ljava/lang/invoke/MethodType; 20 [Ljava/lang/invoke/MethodType;
staticfield java/lang/invoke/MethodType METHOD_HANDLE_ARRAY [Ljava/lang/Class; 1 [Ljava/lang/Class;
staticfield java/lang/invoke/MethodType serialPersistentFields [Ljava/io/ObjectStreamField; 0 [Ljava/io/ObjectStreamField;
staticfield java/lang/invoke/MethodType $assertionsDisabled Z 1
ciMethod java/lang/invoke/MethodType equals (Ljava/lang/Object;)Z 524 0 4006 0 -1
ciMethod java/lang/invoke/MethodType hashCode ()I 776 1784 5702 0 368
ciInstanceKlass java/lang/invoke/TypeDescriptor$OfMethod 1 0 43 100 1 100 1 100 1 1 1 1 1 1 1 1 1 1 1 1 1 1 1 1 1 1 1 1 1 1 1 1 1 1 1 1 1 1 1 1 1 1 100 1 1
instanceKlass java/lang/InstantiationException
instanceKlass java/lang/reflect/InvocationTargetException
instanceKlass java/lang/IllegalAccessException
instanceKlass java/lang/NoSuchFieldException
instanceKlass java/lang/NoSuchMethodException
instanceKlass java/lang/ClassNotFoundException
ciInstanceKlass java/lang/ReflectiveOperationException 1 1 34 10 7 12 1 1 1 10 12 1 10 12 1 10 12 1 100 1 1 1 1 5 0 1 1 1 1 1 1 1 1 1 1 1
instanceKlass java/lang/invoke/DelegatingMethodHandle
instanceKlass java/lang/invoke/BoundMethodHandle
instanceKlass java/lang/invoke/DirectMethodHandle
ciInstanceKlass java/lang/invoke/MethodHandle 1 1 733 100 1 9 7 12 1 1 1 10 7 12 1 1 1 10 7 12 1 1 1 7 1 7 1 10 12 1 1 9 12 1 1 10 12 1 10 12 1 1 10 12 1 1 10 100 12 1 1 1 10 12 1 1 10 12 1 1 11 7 12 1 1 1 10 12 1 1 10 12 1 10 12 1 10 12 1 1 9 12 1 1 9 12 1 1 10 7 12 1 1 1 10 12 1 1 10 12 1 10 12 1 100 1 7 1 10 8 1 10 12 1 1 10 12 1 8 1 10 12 1 1 10 12 1 10 7 12 1 1 1 10 12 1 1 10 12 1 1 10 12 1 1 10 7 12 1 1 1 10 12 1 1 10 12 1 1 10 12 1 10 12 1 1 10 7 12 1 1 10 7 12 1 1 10 12 1 10 12 1 10 12 1 1 10 12 1 1 10 12 1 1 10 12 1 1 10 7 12 1 1 1 10 7 12 1 1 1 10 12 1 1 10 12 1 1 10 12 1 1 8 1 10 7 12 1 1 1 8 1 10 12 1 10 12 1 1 10 12 1 1 10 12 1 8 1 10 12 1 1 8 1 10 12 1 8 1 10 7 12 1 1 1 9 12 1 1 100 1 10 9 7 12 1 1 1 9 7 1 8 1 10 12 1 1 10 12 1 10 12 1 1 10 12 1 10 12 1 1 10 12 1 10 12 1 1 10 12 1 10 12 1 1 10 12 1 1 8 1 10 12 1 1 8 1 10 12 1 10 12 1 1 10 12 1 10 12 1 10 12 1 1 9 100 12 1 1 1 10 12 1 1 11 12 1 10 12 1 10 12 1 1 10 100 12 1 1 100 1 11 12 1 10 100 1 11 12 1 7 1 10 12 1 11 12 1 9 100 12 1 1 1 11 12 1 1 11 100 12 1 1 1 10 12 1 1 9 12 1 11 12 1 9 12 1 9 12 1 9 12 1 11 12 1 1 9 12 1 9 12 1 9 12 1 9 12 1 9 12 1 9 12 1 9 12 1 8 1 10 12 1 10 12 1 8 1 10 12 1 10 12 1 10 12 1 1 10 10 10 7 12 1 1 10 12 1 1 100 1 100 1 8 1 8 1 10 10 12 1 1 10 12 1 10 12 1 7 1 10 100 12 1 1 1 10 9 7 12 1 1 1 10 12 1 1 10 12 1 1 8 1 8 1 10 7 12 1 1 9 12 1 9 12 1 1 9 12 1 1 10 12 1 7 1 10 12 1 10 12 1 1 9 12 1 1 9 12 1 1 10 7 12 1 1 1 11 7 12 1 1 9 12 1 10 12 1 1 9 12 1 10 12 1 8 10 12 1 1 8 1 1 1 1 1 1 1 1 7 1 1 1 1 1 1 1 1 1 1 1 1 1 1 1 1 1 1 1 1 1 1 1 1 1 1 1 1 1 1 100 1 1 1 1 1 1 1 1 1 1 1 1 1 1 1 1 1 1 1 1 1 1 1 1 1 1 1 1 1 1 1 1 1 1 1 1 1 1 1 1 1 1 1 1 1 1 1 1 1 1 1 1 1 1 1 1 1 1 1 1 1 1 1 1 1 1 1 1 1 1 1 1 1 1 1 1 1 1 1 1 1 1 1 1 1 1 100 1 1 100 1 7 1 100 1 1 100 1 1 100 1 1 1 1
staticfield java/lang/invoke/MethodHandle FORM_OFFSET J 20
staticfield java/lang/invoke/MethodHandle UPDATE_OFFSET J 13
staticfield java/lang/invoke/MethodHandle $assertionsDisabled Z 1
ciInstanceKlass java/util/concurrent/ConcurrentHashMap 1 1 1210 7 1 7 1 3 10 12 1 1 3 7 1 10 7 12 1 1 1 7 1 10 7 12 1 1 1 100 1 11 12 1 1 11 12 1 11 12 1 1 9 12 1 1 9 12 1 1 9 12 1 10 7 12 1 1 1 7 1 10 12 1 1 10 12 1 1 10 7 12 1 1 1 4 10 12 1 9 12 1 10 12 1 1 100 1 10 5 0 10 12 1 10 12 1 1 5 0 10 12 1 1 10 12 1 9 12 1 1 10 12 1 1 9 12 1 9 12 1 1 10 12 1 1 9 12 1 10 12 1 1 9 12 1 1 10 12 1 1 100 1 10 7 1 10 12 1 10 12 1 1 10 12 1 1 10 12 1 1 10 12 1 10 12 1 1 10 12 1 1 100 1 10 12 1 1 7 1 100 1 8 1 10 12 1 10 12 1 1 10 12 1 1 11 7 12 1 1 10 12 1 1 11 12 1 1 11 7 12 1 1 1 11 7 12 1 1 1 11 12 1 7 1 11 12 1 11 12 1 10 12 1 1 10 12 1 1 9 12 1 1 10 100 12 1 1 1 9 10 12 1 1 9 12 1 10 12 1 1 5 0 9 12 1 1 7 1 10 12 1 9 12 1 1 7 1 10 12 1 9 12 1 7 1 10 7 1 10 10 12 1 1 8 1 10 12 1 10 12 1 1 11 100 1 10 12 1 10 100 12 1 1 1 8 1 10 100 12 1 1 1 8 1 10 12 1 8 1 10 12 1 10 12 1 1 10 100 12 1 1 10 12 1 10 12 1 10 12 1 9 12 1 9 10 12 1 9 12 1 1 11 7 12 1 1 1 11 7 12 1 1 1 100 1 10 12 11 100 12 1 1 10 11 7 12 1 10 12 1 100 1 10 12 1 100 1 10 10 9 7 12 1 1 1 10 12 3 10 7 12 1 1 9 12 1 10 12 1 1 9 12 1 1 9 12 1 10 12 1 1 10 100 12 1 1 9 12 1 9 7 12 1 1 10 12 1 1 10 12 1 3 9 12 1 9 12 1 10 12 1 1 7 1 9 3 9 12 1 7 1 10 12 1 9 12 1 10 12 1 9 12 1 10 12 1 9 12 1 10 100 12 1 1 1 100 10 12 1 7 1 5 0 10 100 12 1 1 100 1 10 12 1 1 10 12 1 10 12 1 100 1 10 12 1 10 100 1 100 1 10 10 12 1 10 100 1 10 12 1 10 100 1 10 12 1 10 7 1 10 12 1 1 100 1 10 12 1 10 10 12 1 100 1 10 12 1 10 10 12 1 100 1 10 12 1 10 100 1 10 12 1 10 100 1 10 12 1 10 100 1 10 12 1 10 100 1 10 12 1 10 100 1 10 12 1 10 100 1 10 12 1 10 100 1 10 12 1 10 100 1 10 10 100 1 10 10 100 1 10 10 100 1 10 12 1 10 100 1 10 12 1 10 100 1 10 12 1 10 100 1 10 12 1 10 100 1 10 12 1 10 100 1 10 10 100 1 10 10 100 1 10 10 100 1 10 12 1 10 100 1 10 12 1 10 100 1 10 12 1 10 100 1 10 12 1 10 100 1 10 12 1 10 10 12 1 10 7 12 1 1 1 10 12 1 7 1 7 1 10 12 1 9 12 1 1 9 12 1 1 10 12 1 1 8 10 12 1 1 8 8 8 8 7 10 12 1 1 10 12 1 100 1 8 1 10 7 1 7 1 7 1 1 1 5 0 1 1 3 1 3 1 1 1 1 3 1 3 1 3 1 1 1 1 1 3 1 3 1 3 1 1 1 1 1 1 1 1 1 1 1 1 1 1 1 1 1 1 1 1 1 1 1 1 1 100 1 1 1 1 1 1 1 1 1 1 1 1 1 1 1 1 1 1 1 1 1 1 1 1 1 1 1 1 1 1 1 1 1 1 1 1 1 1 1 1 1 1 1 1 1 1 1 1 1 1 1 1 1 1 1 1 1 1 1 1 1 1 1 1 1 1 1 1 1 1 1 1 1 1 1 1 1 1 1 1 1 1 1 1 100 1 1 1 1 1 1 1 1 1 1 1 7 1 1 1 1 1 1 1 1 1 1 1 1 1 1 1 1 1 1 1 1 1 1 1 1 1 1 1 1 1 1 1 1 1 1 1 1 1 1 1 1 1 1 1 1 1 1 1 1 1 1 1 1 1 1 1 1 1 1 1 1 1 1 1 1 1 1 1 1 1 1 1 1 1 1 1 1 1 1 1 1 1 1 1 1 1 1 1 1 1 1 1 1 1 1 1 1 1 1 1 1 1 1 1 1 1 1 1 1 1 1 1 1 1 1 1 1 1 1 1 1 1 1 1 1 1 1 1 1 1 1 1 1 1 1 1 1 1 1 1 1 1 1 1 1 1 1 1 1 1 1 1 1 1 1 1 1 1 1 1 1 1 1 1 1 1 1 1 1 1 1 1 1 1 1 1 1 1 1 1 1 1 1 1 1 1 1 1 1 1 1 1 1 1 1 1 1 1 1 1 1 1 1 1 1 1 1 1 1 1 1 1 1 1 1 1 1 1 1 1 1 1 1 1 100 1 100 1 100 1 100 1 100 1 100 1 100 1 100 1 100 1 1 1 1 1 1 1 1 1 1 1 1 1 1 1 1 1 1 1 1 1 1 1 1 1 1 1 1 1 1 1 1 1 1 1 1 1 1 1 1 1 1 1 1 1 1 1 1 1 1 1 1 1 1 1 1 1 1
staticfield java/util/concurrent/ConcurrentHashMap NCPU I 12
staticfield java/util/concurrent/ConcurrentHashMap serialPersistentFields [Ljava/io/ObjectStreamField; 3 [Ljava/io/ObjectStreamField;
staticfield java/util/concurrent/ConcurrentHashMap U Ljdk/internal/misc/Unsafe; jdk/internal/misc/Unsafe
staticfield java/util/concurrent/ConcurrentHashMap SIZECTL J 20
staticfield java/util/concurrent/ConcurrentHashMap TRANSFERINDEX J 32
staticfield java/util/concurrent/ConcurrentHashMap BASECOUNT J 24
staticfield java/util/concurrent/ConcurrentHashMap CELLSBUSY J 36
staticfield java/util/concurrent/ConcurrentHashMap CELLVALUE J 144
staticfield java/util/concurrent/ConcurrentHashMap ABASE I 16
staticfield java/util/concurrent/ConcurrentHashMap ASHIFT I 2
instanceKlass org/springframework/util/ConcurrentReferenceHashMap
instanceKlass java/util/Collections$SingletonMap
instanceKlass java/util/concurrent/ConcurrentSkipListMap
instanceKlass java/util/EnumMap
instanceKlass java/util/TreeMap
instanceKlass java/util/IdentityHashMap
instanceKlass java/util/WeakHashMap
instanceKlass java/util/Collections$EmptyMap
instanceKlass sun/util/PreHashedMap
instanceKlass java/util/HashMap
instanceKlass java/util/ImmutableCollections$AbstractImmutableMap
instanceKlass java/util/concurrent/ConcurrentHashMap
ciInstanceKlass java/util/AbstractMap 1 1 196 10 7 12 1 1 1 10 7 12 1 1 1 11 7 12 1 1 1 10 11 12 1 1 11 7 12 1 1 1 11 12 1 1 7 1 11 12 1 10 12 1 1 11 12 1 100 1 10 11 12 1 11 7 1 10 12 1 1 11 12 1 9 12 1 1 7 1 10 12 1 9 12 1 1 100 1 10 11 11 12 1 1 11 12 1 7 1 100 1 11 12 1 8 1 7 1 10 10 12 1 1 8 1 10 12 1 10 12 1 1 10 12 1 1 1 1 1 1 1 1 1 1 1 1 1 1 1 1 1 1 1 1 1 1 1 1 1 1 1 1 1 1 1 1 1 1 1 1 1 1 1 1 7 1 1 1 1 1 1 1 7 1 1 1 1 1 1 1 1 1 100 1 1 1 1 1 1 1 1 1 100 1 100 1 100 1 100 1 100 1 1 1 1 1 1
ciMethod java/util/concurrent/ConcurrentHashMap remove (Ljava/lang/Object;)Ljava/lang/Object; 28 0 457 0 0
ciMethod java/util/concurrent/ConcurrentHashMap get (Ljava/lang/Object;)Ljava/lang/Object; 518 2 5426 0 712
ciMethod java/util/concurrent/ConcurrentHashMap putIfAbsent (Ljava/lang/Object;Ljava/lang/Object;)Ljava/lang/Object; 1024 0 4680 0 0
ciInstanceKlass java/util/concurrent/ConcurrentMap 1 1 208 11 7 12 1 1 1 10 100 12 1 1 11 12 1 1 11 100 12 1 1 1 11 7 12 1 1 1 11 12 1 1 100 1 11 12 1 11 12 1 100 1 11 100 12 1 1 1 18 12 1 11 12 1 1 11 100 12 1 1 11 12 1 1 11 100 12 1 11 12 1 1 11 12 1 1 7 1 7 1 1 1 1 1 1 1 1 1 1 1 1 1 1 1 1 1 1 1 1 1 1 1 1 1 1 1 1 1 1 1 1 1 1 1 1 1 1 1 1 1 1 1 1 1 1 1 1 1 1 1 1 1 1 1 1 1 1 1 1 16 15 11 12 15 10 100 12 1 1 1 1 1 100 1 100 1 1 1 100 1 8 1 1 12 10 1 1 1 8 1 1 1 8 1 1 8 1 1 1 8 1 1 1 8 1 1 1 8 1 1 1 8 1 1 1 8 1 1 1 8 1 1 1 8 1 1 8 1
ciInstanceKlass jdk/internal/loader/ClassLoaders 1 1 183 10 7 12 1 1 1 10 7 12 1 1 1 10 12 1 1 10 100 12 1 1 1 9 7 12 1 1 1 9 12 1 1 9 12 1 1 7 1 11 100 12 1 1 1 100 1 11 12 1 1 11 12 1 1 10 100 12 1 1 1 10 100 12 1 1 1 100 1 100 1 10 7 12 1 1 1 9 12 1 1 10 12 1 1 7 1 10 12 1 1 10 12 1 7 1 8 1 10 7 12 1 1 1 10 12 1 1 7 1 10 12 1 10 12 1 10 12 1 8 1 10 7 12 1 1 8 1 8 1 10 12 1 7 1 10 12 1 10 12 1 10 12 1 1 1 1 1 1 1 1 1 1 1 1 1 1 1 1 1 1 1 1 7 1 1 1 1 1 1 1 1 1 1 1 1 1 1 1 1 1 1 1
staticfield jdk/internal/loader/ClassLoaders JLA Ljdk/internal/access/JavaLangAccess; java/lang/System$2
staticfield jdk/internal/loader/ClassLoaders BOOT_LOADER Ljdk/internal/loader/ClassLoaders$BootClassLoader; jdk/internal/loader/ClassLoaders$BootClassLoader
staticfield jdk/internal/loader/ClassLoaders PLATFORM_LOADER Ljdk/internal/loader/ClassLoaders$PlatformClassLoader; jdk/internal/loader/ClassLoaders$PlatformClassLoader
staticfield jdk/internal/loader/ClassLoaders APP_LOADER Ljdk/internal/loader/ClassLoaders$AppClassLoader; jdk/internal/loader/ClassLoaders$AppClassLoader
instanceKlass jdk/internal/loader/ClassLoaders$BootClassLoader
instanceKlass jdk/internal/loader/ClassLoaders$PlatformClassLoader
instanceKlass jdk/internal/loader/ClassLoaders$AppClassLoader
ciInstanceKlass jdk/internal/loader/BuiltinClassLoader 1 1 737 9 7 12 1 1 1 10 7 12 1 1 1 10 7 12 1 1 1 9 12 1 1 9 12 1 1 7 1 10 12 1 9 12 1 10 12 1 9 12 1 10 7 12 1 1 1 10 7 12 1 1 1 10 7 12 1 1 1 11 7 12 1 1 1 7 1 7 1 10 10 12 1 1 8 1 10 12 1 10 12 7 1 10 12 1 10 12 1 1 11 7 12 1 1 1 11 7 12 1 1 1 11 12 1 1 7 1 8 1 8 1 10 9 12 1 1 10 7 12 1 1 11 12 1 1 10 12 1 1 10 12 1 1 10 12 1 1 10 7 12 1 1 1 10 12 1 10 7 12 1 1 1 10 12 1 1 11 7 12 1 1 1 10 7 12 1 1 7 1 10 7 12 1 1 1 10 12 1 100 1 8 1 10 12 1 1 10 8 1 10 12 1 1 10 12 1 1 10 12 1 1 11 7 12 1 1 11 12 1 7 1 10 11 12 1 1 11 10 12 1 1 7 1 10 12 1 10 7 12 1 10 12 1 7 1 10 12 1 10 7 12 1 1 1 100 1 10 12 1 1 11 12 1 100 1 100 1 10 12 1 10 12 1 1 100 1 100 1 10 12 1 10 12 1 18 12 1 1 10 12 1 10 12 1 1 18 100 1 10 7 12 1 1 1 7 1 10 10 12 1 1 10 12 1 1 10 12 1 1 10 12 1 9 12 1 1 100 1 10 10 12 1 1 10 12 1 1 10 12 1 10 12 10 12 1 1 10 12 1 1 10 12 1 1 10 12 1 10 12 1 1 18 12 1 7 1 10 12 1 1 10 12 1 10 12 1 1 10 12 1 100 1 10 12 1 100 1 10 12 1 10 7 12 1 1 1 10 12 1 11 12 1 100 1 10 12 1 7 1 100 1 10 12 1 10 12 1 11 12 1 1 10 12 1 1 10 12 1 1 10 12 1 1 10 12 1 1 10 12 1 10 12 1 10 12 1 10 12 1 8 1 10 12 1 1 10 7 12 1 1 10 12 1 100 1 8 1 8 1 10 10 12 1 8 1 8 1 10 7 12 1 1 1 11 7 12 1 1 1 9 7 12 1 1 1 10 7 12 1 1 1 9 12 1 9 12 1 9 12 1 9 12 1 9 12 1 9 12 1 10 7 12 1 1 1 8 1 10 12 1 7 1 10 12 1 1 10 12 1 7 1 10 11 12 1 1 10 12 10 12 1 10 12 1 100 1 10 12 1 10 12 1 10 10 12 1 10 7 12 1 1 8 1 10 7 12 1 1 10 12 1 1 1 1 1 1 1 1 1 1 1 1 1 1 1 1 1 1 1 1 1 1 1 1 1 1 1 1 1 1 1 1 1 1 1 1 1 1 1 1 1 1 1 1 1 1 1 1 1 1 1 1 1 1 1 1 7 1 1 1 1 1 1 1 1 1 1 1 1 1 1 1 1 1 1 7 1 7 1 1 1 1 1 1 1 1 1 1 1 1 1 1 1 1 1 1 1 1 1 1 1 1 1 1 1 1 1 1 1 1 1 1 1 1 1 1 1 1 1 1 1 1 1 1 1 1 1 1 1 100 1 1 16 15 10 12 16 15 10 12 16 15 10 12 16 1 15 10 100 12 1 1 1 1 1 100 1 1 1 1 1 100 1 100 1 1
staticfield jdk/internal/loader/BuiltinClassLoader packageToModule Ljava/util/Map; java/util/concurrent/ConcurrentHashMap
staticfield jdk/internal/loader/BuiltinClassLoader $assertionsDisabled Z 1
ciInstanceKlass jdk/internal/loader/ClassLoaders$AppClassLoader 1 1 119 8 1 10 7 12 1 1 1 10 7 12 1 1 1 10 7 12 1 1 1 10 12 1 1 10 7 12 1 1 1 10 12 1 1 10 12 1 1 7 1 8 1 10 12 10 7 12 1 1 1 10 7 12 1 1 10 12 1 1 10 12 1 1 10 7 12 1 1 1 7 1 10 12 1 1 1 1 1 1 1 1 1 1 1 1 1 1 1 1 1 1 1 1 1 7 1 1 1 1 1 1 1 1 1 1 1 1 1 1 1 1 1 1 1 7 1 1 1
ciInstanceKlass jdk/internal/loader/ClassLoaders$PlatformClassLoader 1 1 42 8 1 10 7 12 1 1 1 10 7 12 1 1 1 7 1 10 12 1 7 1 1 1 1 1 1 1 1 1 1 1 1 1 1 7 1 1 1 100 1 1
ciInstanceKlass java/lang/ArithmeticException 1 1 26 10 100 12 1 1 1 10 12 1 100 1 1 1 1 5 0 1 1 1 1 1 1 1 1 1
ciInstanceKlass java/lang/ArrayStoreException 1 1 26 10 100 12 1 1 1 10 12 1 100 1 1 1 1 5 0 1 1 1 1 1 1 1 1 1
ciInstanceKlass java/lang/ClassCastException 1 1 26 10 100 12 1 1 1 10 12 1 100 1 1 1 1 5 0 1 1 1 1 1 1 1 1 1
ciInstanceKlass java/lang/ClassNotFoundException 1 1 96 7 1 10 7 12 1 1 1 10 12 1 10 12 1 1 10 100 12 1 1 1 8 1 10 100 12 1 1 1 10 7 12 1 1 10 100 12 1 1 1 10 100 12 1 1 1 10 12 1 1 7 1 10 12 1 9 12 1 1 1 1 1 5 0 1 1 1 1 1 1 1 1 1 1 1 1 1 1 1 1 1 1 100 1 1 1 1 1 1 1 1 1 1 1 1
staticfield java/lang/ClassNotFoundException serialPersistentFields [Ljava/io/ObjectStreamField; 1 [Ljava/io/ObjectStreamField;
instanceKlass java/lang/NumberFormatException
ciInstanceKlass java/lang/IllegalArgumentException 1 1 35 10 100 12 1 1 1 10 12 1 10 12 1 10 12 1 100 1 1 1 1 5 0 1 1 1 1 1 1 1 1 1 1 1 1
ciMethod java/lang/IllegalArgumentException <init> (Ljava/lang/String;)V 0 0 1 0 -1
ciInstanceKlass java/lang/IllegalMonitorStateException 1 1 26 10 100 12 1 1 1 10 12 1 100 1 1 1 1 5 0 1 1 1 1 1 1 1 1 1
ciInstanceKlass java/lang/BootstrapMethodError 0 0 45 10 100 12 1 1 1 10 12 1 10 12 1 10 100 12 1 1 1 10 100 12 1 1 1 1 1 1 5 0 1 1 1 1 1 1 1 1 1 1 1 100 1 1 1
instanceKlass java/lang/IncompatibleClassChangeError
instanceKlass java/lang/BootstrapMethodError
instanceKlass java/lang/NoClassDefFoundError
ciInstanceKlass java/lang/LinkageError 1 1 31 10 7 12 1 1 1 10 12 1 10 12 1 100 1 1 1 1 5 0 1 1 1 1 1 1 1 1 1 1 1
ciInstanceKlass java/lang/NullPointerException 1 1 52 10 100 12 1 1 1 10 12 1 9 100 12 1 1 1 10 12 1 1 9 12 1 1 10 12 1 1 10 12 1 1 1 1 5 0 1 1 1 1 1 1 1 1 100 1 100 1 100 1 1 1
ciInstanceKlass java/lang/NoClassDefFoundError 0 0 26 10 100 12 1 1 1 10 12 1 100 1 1 1 1 5 0 1 1 1 1 1 1 1 1 1
ciInstanceKlass java/lang/StackOverflowError 1 1 26 10 100 12 1 1 1 10 12 1 100 1 1 1 1 5 0 1 1 1 1 1 1 1 1 1
ciInstanceKlass java/lang/StackTraceElement 0 0 235 10 7 12 1 1 1 10 7 12 1 1 9 12 1 1 9 12 1 1 9 12 1 9 12 1 8 1 10 100 12 1 1 1 7 1 9 12 1 8 1 9 12 1 9 12 1 9 12 1 1 10 12 1 1 10 12 1 8 1 10 100 12 1 1 1 7 1 10 12 1 10 12 1 1 10 12 1 10 12 1 1 10 12 1 10 12 1 10 10 12 1 8 1 10 12 1 10 12 1 1 10 12 1 1 10 12 1 10 12 1 10 12 1 9 12 1 1 10 7 12 1 1 1 10 12 1 1 7 1 10 12 1 1 10 100 12 1 1 10 100 12 1 1 1 10 7 12 1 1 10 100 12 1 1 10 10 12 1 1 10 12 1 1 10 12 1 1 10 12 1 7 1 1 1 1 1 1 1 3 1 3 1 1 5 0 1 1 1 1 1 1 1 1 1 1 1 1 1 1 1 1 1 1 1 1 1 1 1 1 1 1 1 1 1 7 1 7 1 1 1 1 1 1 1 100 1 1 1 1 1 1 1 1 1
instanceKlass java/util/concurrent/locks/AbstractQueuedSynchronizer
ciInstanceKlass java/util/concurrent/locks/AbstractOwnableSynchronizer 1 1 32 10 7 12 1 1 1 9 7 12 1 1 1 100 1 1 1 1 5 0 1 1 1 1 1 1 1 1 1 1 1 1
ciInstanceKlass jdk/internal/vm/Continuation 0 0 549 9 100 12 1 1 1 9 12 1 9 12 1 100 1 7 1 10 12 1 1 8 1 10 12 1 1 10 12 1 10 12 1 1 10 12 1 9 7 12 1 1 1 11 100 12 1 1 1 10 7 1 9 12 1 1 9 12 1 1 10 8 1 10 12 1 9 12 1 1 10 11 12 1 1 100 1 10 100 12 1 1 1 10 12 1 1 10 12 1 10 12 1 1 11 12 1 1 9 12 1 1 10 12 1 1 18 12 1 1 10 7 12 1 1 1 100 1 10 12 1 11 100 12 1 1 1 10 12 1 9 12 1 10 12 1 1 100 1 8 1 10 12 1 10 12 1 1 9 12 1 1 11 12 1 1 9 12 1 1 8 1 10 11 12 1 1 11 12 1 1 10 12 1 1 10 12 1 1 9 12 1 10 12 1 10 10 12 1 8 1 10 12 1 8 1 8 1 10 7 12 1 1 1 10 7 12 1 1 1 10 12 1 9 12 1 11 12 1 7 1 10 12 1 10 12 1 1 9 12 1 1 7 1 10 12 1 1 9 12 1 1 10 12 1 10 12 1 11 7 12 1 1 10 7 1 10 12 1 8 1 9 12 1 10 12 1 1 9 12 1 1 10 7 12 1 1 8 1 8 1 8 1 8 1 10 12 1 1 10 12 1 10 12 1 10 12 1 10 12 1 1 10 12 1 1 8 1 10 12 1 1 9 12 1 1 10 12 1 1 9 12 1 8 1 10 7 12 1 1 1 10 12 1 8 1 100 1 8 1 10 9 12 1 1 8 1 10 7 12 1 1 10 100 12 1 1 8 1 8 1 10 12 10 100 12 1 1 1 10 7 1 10 7 12 1 1 1 18 11 100 12 1 1 1 18 12 1 11 12 1 1 7 1 10 7 12 1 1 10 12 1 1 8 10 12 1 1 10 100 12 1 1 1 10 100 12 1 1 10 12 1 8 1 10 12 1 7 1 7 1 10 12 1 1 1 1 1 1 1 1 1 1 1 1 1 1 1 1 1 1 1 1 1 1 1 1 1 1 1 1 1 1 1 1 1 1 1 1 1 1 1 1 1 1 1 1 1 1 1 1 1 1 1 1 1 1 1 1 1 1 1 1 1 1 1 1 1 1 1 1 1 1 1 1 1 1 1 100 1 1 16 1 15 10 12 16 15 11 7 12 1 1 1 16 1 16 1 15 10 12 16 15 10 100 12 1 1 1 1 1 1 1 1 100 1 100 1 1
ciInstanceKlass jdk/internal/misc/UnsafeConstants 1 1 34 10 100 12 1 1 1 9 7 12 1 1 1 9 12 1 9 12 1 1 9 12 1 9 12 1 1 1 1 1 1 1 1 1
staticfield jdk/internal/misc/UnsafeConstants ADDRESS_SIZE0 I 8
staticfield jdk/internal/misc/UnsafeConstants PAGE_SIZE I 4096
staticfield jdk/internal/misc/UnsafeConstants BIG_ENDIAN Z 0
staticfield jdk/internal/misc/UnsafeConstants UNALIGNED_ACCESS Z 1
staticfield jdk/internal/misc/UnsafeConstants DATA_CACHE_LINE_FLUSH_SIZE I 0
ciInstanceKlass java/lang/invoke/MethodHandleStatics 1 1 320 10 7 12 1 1 1 9 7 12 1 1 1 9 12 1 1 10 7 12 1 1 1 9 12 1 9 12 1 9 12 1 9 12 1 9 7 12 1 1 1 7 1 10 8 1 10 12 1 1 10 7 12 1 1 1 8 1 10 7 12 1 1 1 10 12 1 1 8 1 8 1 10 12 1 10 100 12 1 1 1 10 7 12 1 1 8 1 10 12 1 1 8 1 8 1 8 1 8 1 10 12 1 1 7 1 10 12 10 12 1 10 12 1 100 1 10 10 12 1 1 100 1 10 10 12 1 7 1 7 1 8 1 8 1 10 12 1 8 1 10 7 12 1 1 1 9 12 1 1 10 7 12 1 1 1 10 12 1 1 9 12 1 1 10 7 12 1 1 1 8 1 10 7 12 1 1 10 7 12 1 1 1 8 1 8 1 8 1 8 1 8 1 10 12 1 10 7 12 1 1 1 9 12 1 8 1 8 1 8 1 8 1 9 12 1 8 1 9 12 1 8 1 8 1 9 12 1 8 1 8 1 9 12 1 8 1 9 12 1 8 1 9 12 1 8 1 8 1 9 12 1 8 1 8 1 10 12 1 1 8 1 10 12 1 1 1 1 1 1 1 1 1 1 1 1 1 1 1 1 1 1 1 1 1 1 1 7 1 7 1 7 1 1 1 1 1 1 1 1 1 1 1 1 1 1 1 1 1 1 1 1 1 1 1 1 1 1 1 1
staticfield java/lang/invoke/MethodHandleStatics UNSAFE Ljdk/internal/misc/Unsafe; jdk/internal/misc/Unsafe
staticfield java/lang/invoke/MethodHandleStatics CLASSFILE_VERSION I 65
staticfield java/lang/invoke/MethodHandleStatics DEBUG_METHOD_HANDLE_NAMES Z 0
staticfield java/lang/invoke/MethodHandleStatics TRACE_INTERPRETER Z 0
staticfield java/lang/invoke/MethodHandleStatics TRACE_METHOD_LINKAGE Z 0
staticfield java/lang/invoke/MethodHandleStatics TRACE_RESOLVE Z 0
staticfield java/lang/invoke/MethodHandleStatics COMPILE_THRESHOLD I 0
staticfield java/lang/invoke/MethodHandleStatics LOG_LF_COMPILATION_FAILURE Z 0
staticfield java/lang/invoke/MethodHandleStatics DONT_INLINE_THRESHOLD I 30
staticfield java/lang/invoke/MethodHandleStatics PROFILE_LEVEL I 0
staticfield java/lang/invoke/MethodHandleStatics PROFILE_GWT Z 1
staticfield java/lang/invoke/MethodHandleStatics CUSTOMIZE_THRESHOLD I 127
staticfield java/lang/invoke/MethodHandleStatics VAR_HANDLE_GUARDS Z 1
staticfield java/lang/invoke/MethodHandleStatics MAX_ARITY I 255
staticfield java/lang/invoke/MethodHandleStatics VAR_HANDLE_IDENTITY_ADAPT Z 0
staticfield java/lang/invoke/MethodHandleStatics DUMP_CLASS_FILES Ljdk/internal/util/ClassFileDumper; jdk/internal/util/ClassFileDumper
ciInstanceKlass java/lang/Void 1 1 31 10 7 12 1 1 1 8 1 10 7 12 1 1 1 9 7 12 1 1 1 1 1 1 1 1 1 1 1 1 1
staticfield java/lang/Void TYPE Ljava/lang/Class; java/lang/Class
ciInstanceKlass java/lang/invoke/LambdaForm 1 1 1059 7 1 100 1 10 7 12 1 1 1 9 12 1 1 9 12 1 9 12 1 9 12 1 1 9 12 1 1 9 12 1 1 9 12 1 1 9 12 1 1 9 12 1 10 7 12 1 1 9 12 1 10 12 1 1 100 1 10 10 12 1 1 10 12 1 10 12 1 10 12 1 1 10 12 1 9 12 1 9 12 1 10 12 1 1 10 7 12 1 1 1 10 12 1 1 9 100 12 1 1 1 10 12 1 1 9 7 12 1 1 10 12 1 10 12 1 1 10 12 1 1 10 12 1 1 7 1 10 7 12 1 1 1 10 12 1 1 10 12 1 10 12 1 1 9 12 1 1 9 12 1 9 12 1 1 10 12 1 9 12 1 10 100 12 1 1 1 10 12 1 1 7 1 10 12 1 9 12 1 1 10 7 12 1 1 1 10 12 1 10 12 1 7 1 10 12 1 10 12 1 10 12 1 1 10 12 1 1 10 12 1 10 12 1 10 12 1 10 12 1 1 8 1 10 12 1 10 12 1 10 10 12 1 8 1 8 1 9 12 1 9 12 1 1 10 12 1 1 10 12 1 9 12 1 10 12 1 1 10 7 12 1 1 1 10 12 1 1 10 12 1 10 12 1 10 100 12 1 1 1 9 12 1 10 12 1 8 1 8 1 8 1 8 1 8 1 8 1 8 1 8 1 10 12 1 9 12 1 7 1 10 12 1 1 9 12 1 10 12 1 10 12 1 1 10 12 10 12 1 10 12 1 1 10 12 1 1 10 10 12 1 1 10 12 1 1 7 1 8 1 10 12 1 1 10 12 1 10 12 1 1 10 8 1 10 12 1 1 8 1 8 1 8 1 10 12 1 10 12 1 10 12 1 1 100 1 10 12 1 1 10 12 1 1 10 7 12 1 1 1 10 12 1 1 9 12 1 1 8 1 10 100 12 1 1 1 10 7 12 1 1 10 12 10 12 1 1 10 12 1 1 9 12 1 8 10 12 1 1 100 1 10 12 1 1 10 12 1 9 7 12 1 1 9 7 12 1 1 1 8 1 10 100 12 1 1 10 12 1 1 7 1 7 1 10 10 12 1 1 10 12 1 1 8 1 8 1 7 1 8 1 10 12 10 12 1 10 12 1 10 12 1 1 8 1 8 1 10 12 1 10 12 1 1 8 1 8 1 8 1 7 1 8 1 7 1 8 1 7 1 8 1 10 12 1 8 1 9 10 7 12 1 1 1 10 12 1 9 12 1 1 10 12 1 10 10 12 1 10 12 1 10 12 1 10 12 1 1 10 12 1 10 12 1 1 10 12 1 1 10 12 1 1 10 12 1 1 8 1 100 10 12 1 10 12 1 9 12 1 1 10 7 12 1 1 8 1 8 1 7 1 8 1 8 1 8 1 8 1 8 1 8 1 8 1 8 1 10 12 1 1 10 12 1 1 10 12 1 10 12 1 10 12 1 10 12 1 8 1 8 1 8 1 10 12 1 8 1 10 12 1 8 1 8 1 8 1 8 1 8 1 10 12 1 10 12 1 10 12 1 1 10 7 12 1 1 1 10 12 1 10 12 1 10 12 1 10 12 1 10 12 1 10 12 1 10 12 1 9 12 1 1 8 1 10 12 1 1 9 12 1 1 10 12 1 1 9 12 1 9 12 1 1 9 12 1 9 12 1 1 7 1 10 7 12 1 1 1 9 12 1 10 12 1 10 12 1 8 1 10 12 1 9 12 1 1 7 1 10 7 12 1 1 1 8 1 100 1 10 12 1 9 12 1 9 12 1 10 12 1 10 12 1 10 7 12 1 1 1 10 12 1 9 7 12 1 1 10 12 1 1 10 12 1 10 12 1 10 12 1 9 12 10 12 1 10 10 12 1 9 12 1 9 9 12 1 7 9 12 1 1 10 12 1 1 9 12 1 10 12 1 10 7 1 9 1 1 1 1 3 1 3 1 1 3 1 3 1 1 1 1 1 1 1 1 1 1 1 1 1 1 1 1 1 1 1 1 1 1 1 1 1 1 1 1 1 1 1 1 1 1 1 1 1 1 1 1 1 1 1 1 1 1 1 1 1 1 1 100 1 1 1 1 1 1 1 1 1 1 1 1 1 1 1 1 1 1 1 1 1 1 1 1 1 1 1 1 1 1 1 1 1 1 1 1 1 1 1 1 1 1 1 1 1 1 1 1 1 1 1 1 1 1 1 1 1 1 1 1 1 1 100 1 1 1 1 1 1 1 1 1 1 1 1 1 1 1 1 1 1 1 1 1 1 1 1 1 1 1 1 1 1 1 1 1 1 7 1 1 1 1 1 1 1 1 1 1 1 1 1 1 1 1 1 1 1 1 1 1 100 1 1 1 100 1 1 7 1 1 1 1 1 1 1 1 1 1 1
staticfield java/lang/invoke/LambdaForm DEFAULT_CUSTOMIZED Ljava/lang/invoke/MethodHandle; 
staticfield java/lang/invoke/LambdaForm DEFAULT_KIND Ljava/lang/invoke/LambdaForm$Kind; java/lang/invoke/LambdaForm$Kind
staticfield java/lang/invoke/LambdaForm COMPILE_THRESHOLD I 0
staticfield java/lang/invoke/LambdaForm INTERNED_ARGUMENTS [[Ljava/lang/invoke/LambdaForm$Name; 5 [[Ljava/lang/invoke/LambdaForm$Name;
staticfield java/lang/invoke/LambdaForm IMPL_NAMES Ljava/lang/invoke/MemberName$Factory; java/lang/invoke/MemberName$Factory
staticfield java/lang/invoke/LambdaForm LF_identity [Ljava/lang/invoke/LambdaForm; 6 [Ljava/lang/invoke/LambdaForm;
staticfield java/lang/invoke/LambdaForm LF_zero [Ljava/lang/invoke/LambdaForm; 6 [Ljava/lang/invoke/LambdaForm;
staticfield java/lang/invoke/LambdaForm NF_identity [Ljava/lang/invoke/LambdaForm$NamedFunction; 6 [Ljava/lang/invoke/LambdaForm$NamedFunction;
staticfield java/lang/invoke/LambdaForm NF_zero [Ljava/lang/invoke/LambdaForm$NamedFunction; 6 [Ljava/lang/invoke/LambdaForm$NamedFunction;
staticfield java/lang/invoke/LambdaForm createFormsLock Ljava/lang/Object; java/lang/Object
staticfield java/lang/invoke/LambdaForm DEBUG_NAME_COUNTERS Ljava/util/HashMap; 
staticfield java/lang/invoke/LambdaForm DEBUG_NAMES Ljava/util/HashMap; 
staticfield java/lang/invoke/LambdaForm TRACE_INTERPRETER Z 0
staticfield java/lang/invoke/LambdaForm $assertionsDisabled Z 1
ciInstanceKlass java/lang/invoke/MethodTypeForm 1 1 275 9 7 12 1 1 1 9 12 1 9 12 1 1 10 7 12 1 1 1 7 1 10 12 1 1 9 12 1 7 1 10 7 12 1 1 10 7 12 1 1 1 10 7 12 1 1 1 10 12 1 1 10 12 1 9 7 12 1 1 1 10 7 12 1 1 10 12 1 1 8 1 10 100 12 1 1 1 9 12 1 1 9 12 1 10 12 1 1 10 12 1 1 9 12 1 1 100 1 10 10 12 1 1 10 12 1 1 10 12 1 10 12 1 1 10 12 1 10 7 12 1 1 10 12 1 1 10 12 1 9 7 1 7 1 10 8 1 10 12 1 1 10 12 1 10 12 1 1 10 12 1 1 1 1 1 1 3 1 3 1 3 1 3 1 1 1 1 1 1 3 1 3 1 3 1 3 1 3 1 3 1 3 1 3 1 3 1 3 1 3 1 3 1 3 1 3 1 3 1 3 1 3 1 3 1 3 1 3 1 3 1 3 1 3 1 1 1 1 1 1 1 1 1 1 1 1 1 1 1 1 1 1 1 1 1 1 1 1 1 1 1 1 1 1 1 1 1 1 1 1 1 1 1 1 1 1 1 1 1 1 1 1 1 1 1 1 1 1 1 1 1 1 1 1
staticfield java/lang/invoke/MethodTypeForm $assertionsDisabled Z 1
ciInstanceKlass java/lang/invoke/LambdaForm$Name 1 1 355 7 1 10 7 12 1 1 1 9 7 12 1 1 1 9 12 1 1 9 12 1 1 9 12 1 1 9 12 1 1 9 12 1 1 10 12 1 1 100 1 10 10 12 1 1 100 1 7 1 7 1 10 12 1 10 12 1 10 12 1 9 100 12 1 1 10 12 1 10 12 1 1 9 12 1 10 12 1 7 10 7 12 1 1 1 10 12 1 9 12 1 1 10 12 1 1 10 12 1 1 10 12 1 1 10 12 1 1 10 12 1 10 12 1 1 10 12 1 10 12 1 1 10 7 12 1 1 1 7 1 8 1 10 12 1 10 12 1 10 12 1 1 10 12 1 1 8 1 10 7 12 1 1 1 7 1 10 8 1 8 1 10 12 1 1 10 7 12 1 1 1 10 12 1 8 1 10 12 1 1 10 12 1 10 12 1 10 12 1 8 1 10 12 1 10 10 12 1 8 1 10 12 1 10 10 12 1 8 1 8 1 8 1 7 1 8 1 10 12 1 1 8 1 8 1 8 1 10 12 1 10 12 1 10 12 1 1 10 12 1 8 1 8 1 8 1 8 1 10 12 1 7 1 7 1 7 1 10 12 1 1 10 12 1 10 12 1 10 12 1 10 12 1 10 12 1 1 1 1 1 1 1 1 1 1 1 1 1 1 1 1 7 1 1 1 1 1 1 1 1 1 1 1 1 1 1 1 1 1 1 1 1 1 1 1 1 1 1 1 1 1 1 1 1 1 1 1 1 1 1 1 1 1 1 1 1 1 1 1 1 1 1 1 1 1 1 1 1 1 1 1 100 1 1
staticfield java/lang/invoke/LambdaForm$Name EMPTY_ARGS [Ljava/lang/Object; 0 [Ljava/lang/Object;
staticfield java/lang/invoke/LambdaForm$Name $assertionsDisabled Z 1
ciInstanceKlass java/lang/invoke/MemberName 1 1 724 7 1 7 1 100 1 9 12 1 1 10 7 12 1 1 1 9 12 1 1 10 12 1 1 10 12 1 1 10 12 1 1 10 12 1 10 12 1 1 10 7 12 1 1 1 10 12 1 9 7 12 1 1 10 12 1 7 1 7 1 10 12 1 8 1 10 12 1 1 10 12 1 10 12 1 1 10 12 1 9 12 1 1 8 1 10 100 12 1 1 1 7 1 10 10 12 1 1 7 1 7 1 10 12 1 9 12 1 1 100 1 8 1 10 12 1 10 12 1 10 12 1 10 12 1 10 12 1 1 10 12 1 10 12 1 10 12 1 1 8 1 8 1 10 12 1 8 1 9 12 1 1 3 10 12 1 10 12 1 10 12 1 10 10 7 12 1 1 1 10 12 1 10 12 1 10 12 1 10 12 1 7 1 8 10 12 1 1 10 12 1 1 8 1 9 7 1 8 9 7 1 10 12 1 1 10 12 1 10 12 1 8 1 10 12 1 1 10 12 1 10 12 1 10 12 1 10 12 1 1 7 1 10 12 1 1 10 12 1 8 1 10 12 1 10 12 1 8 1 10 12 1 1 10 12 1 1 7 1 10 12 1 1 10 12 8 1 8 1 7 1 10 12 1 10 100 12 1 1 1 100 1 10 12 10 12 1 10 12 1 10 12 1 10 12 1 10 10 12 1 10 12 1 10 12 1 3 10 12 1 3 10 12 1 3 3 3 3 3 3 10 12 1 3 9 12 1 10 12 1 1 3 10 12 1 10 10 7 12 1 1 1 10 12 1 1 10 7 12 1 1 10 10 12 1 10 12 1 1 10 12 1 10 10 12 1 1 10 12 1 10 12 1 10 12 1 7 1 10 10 10 12 100 1 10 10 10 12 1 1 10 12 1 1 10 10 12 1 8 10 7 1 10 12 1 10 7 1 10 12 1 10 12 1 10 12 1 10 10 12 1 10 12 1 1 10 12 1 1 10 12 1 10 12 1 10 12 1 100 1 10 12 1 1 100 1 8 1 10 7 1 10 12 1 10 12 10 12 1 1 10 12 1 10 12 1 8 1 8 1 8 1 8 1 10 12 1 10 12 1 10 7 12 1 1 1 8 1 8 1 10 12 1 8 1 10 10 10 12 1 10 12 1 8 1 8 1 10 10 12 1 8 1 10 100 12 1 1 1 8 1 100 1 10 12 1 10 12 1 1 10 12 1 8 1 8 1 8 1 8 1 100 1 10 8 1 8 1 8 1 8 1 10 12 1 100 1 100 1 100 1 10 100 1 10 7 1 10 7 12 1 1 1 9 7 12 1 1 1 7 1 7 1 1 1 1 1 1 1 3 1 3 1 3 1 3 1 3 1 3 1 1 1 1 1 1 1 1 3 1 3 1 1 1 1 1 1 1 1 1 1 1 1 1 1 1 1 1 1 1 1 1 1 1 1 1 1 1 1 1 1 1 1 1 1 1 1 1 1 1 1 1 1 1 1 1 1 1 1 1 1 1 1 1 1 1 1 1 1 1 1 1 1 1 1 1 1 1 1 1 1 1 1 1 1 1 1 1 1 1 1 1 1 1 1 1 1 1 1 1 1 1 1 1 1 1 1 7 1 1 1 1 1 1 1 1 1 1 1 1 1 1 1
staticfield java/lang/invoke/MemberName $assertionsDisabled Z 1
instanceKlass java/lang/invoke/VarHandleReferences$Array
instanceKlass java/lang/invoke/VarHandleLongs$Array
instanceKlass java/lang/invoke/VarHandleByteArrayAsDoubles$ByteArrayViewVarHandle
instanceKlass java/lang/invoke/VarHandleByteArrayAsLongs$ByteArrayViewVarHandle
instanceKlass java/lang/invoke/VarHandleByteArrayAsFloats$ByteArrayViewVarHandle
instanceKlass java/lang/invoke/VarHandleByteArrayAsInts$ByteArrayViewVarHandle
instanceKlass java/lang/invoke/VarHandleByteArrayAsChars$ByteArrayViewVarHandle
instanceKlass java/lang/invoke/VarHandleByteArrayAsShorts$ByteArrayViewVarHandle
instanceKlass java/lang/invoke/VarHandleReferences$FieldInstanceReadOnly
instanceKlass java/lang/invoke/VarHandleInts$FieldInstanceReadOnly
ciInstanceKlass java/lang/invoke/VarHandle 1 1 474 10 7 12 1 1 1 10 7 12 1 1 9 12 1 1 9 12 1 1 100 1 10 8 1 10 12 1 1 10 7 12 1 1 1 10 12 1 1 10 7 12 1 1 1 9 100 12 1 1 1 10 12 1 1 10 7 12 1 1 1 10 12 1 1 9 12 1 10 12 1 9 12 1 1 10 100 12 1 1 10 12 1 9 100 12 1 1 1 9 12 1 1 10 12 1 1 100 1 7 1 10 8 1 10 12 1 1 10 12 1 8 1 10 12 1 10 12 1 9 12 1 1 9 12 1 10 12 1 10 12 1 1 10 12 1 10 10 100 12 1 1 1 10 12 1 1 10 12 1 1 10 7 12 1 1 1 10 100 12 1 1 1 10 100 12 1 1 1 9 12 1 1 9 10 12 1 10 12 1 1 10 12 1 1 10 12 1 10 7 12 1 1 1 9 12 1 1 10 12 1 1 9 12 1 10 12 1 10 12 1 10 7 12 1 1 100 1 10 9 7 12 1 1 1 9 12 1 1 10 7 12 1 1 1 10 12 1 10 12 1 10 12 1 10 12 1 10 12 1 10 12 1 1 8 10 12 1 1 7 1 10 12 1 1 7 1 1 1 1 1 1 1 1 1 1 1 1 1 1 1 1 1 1 1 1 1 1 1 1 1 1 1 1 1 1 1 1 1 1 1 1 1 1 1 1 1 1 1 1 1 1 1 1 1 1 1 1 1 1 1 1 1 1 1 1 1 1 1 1 1 1 1 1 100 1 1 1 1 1 1 1 1 100 1 1 1 1 1 1 1 1 1 1 1 1 100 1 100 1 1 100 1 100 1 100 1 100 1 100 1 100 1 100 1 100 1 100 1 100 1 100 1 100 1 100 1 100 1 100 1 100 1 100 1 100 1 100 1 100 1 100 1 100 1 100 1 100 1 100 1 100 1 100 1 100 1 100 1 100 1 100 1 100 1 100 1 100 1 100 1 1 1 1 1 1 100 1 1 1 100 1 1 100 1 100 1 100 1 100 1 100 1 100 1 1 1 1 100 1 100 1 100 1 100 1 100 1 100 1 100 1 100 1
staticfield java/lang/invoke/VarHandle VFORM_OFFSET J 16
staticfield java/lang/invoke/VarHandle $assertionsDisabled Z 1
instanceKlass jdk/internal/reflect/FieldAccessorImpl
instanceKlass jdk/internal/reflect/ConstructorAccessorImpl
instanceKlass jdk/internal/reflect/MethodAccessorImpl
ciInstanceKlass jdk/internal/reflect/MagicAccessorImpl 1 1 16 10 7 12 1 1 1 100 1 1 1 1 1 1 1 1
instanceKlass jdk/internal/reflect/DirectMethodHandleAccessor
ciInstanceKlass jdk/internal/reflect/MethodAccessorImpl 1 1 38 10 7 12 1 1 1 10 100 12 1 1 1 100 1 1 1 1 1 1 1 100 1 100 1 1 1 1 1 1 1 1 1 1 1 1 1 1
ciInstanceKlass jdk/internal/reflect/MethodAccessor 1 0 17 100 1 100 1 1 1 1 100 1 100 1 1 1 1 1 1
instanceKlass jdk/internal/reflect/DirectConstructorHandleAccessor$NativeAccessor
instanceKlass jdk/internal/reflect/DirectConstructorHandleAccessor
instanceKlass jdk/internal/reflect/NativeConstructorAccessorImpl
ciInstanceKlass jdk/internal/reflect/ConstructorAccessorImpl 1 1 27 10 7 12 1 1 1 100 1 100 1 1 1 1 1 1 1 1 1 100 1 100 1 100 1 1 1
ciInstanceKlass jdk/internal/reflect/ConstructorAccessor 1 0 16 100 1 100 1 1 1 1 100 1 100 1 100 1 1 1
ciInstanceKlass jdk/internal/reflect/DelegatingClassLoader 0 0 18 10 100 12 1 1 1 100 1 1 1 1 1 1 1 1 1 1
ciInstanceKlass jdk/internal/reflect/CallerSensitive 0 0 17 100 1 100 1 100 1 1 1 1 1 1 1 1 1 1 1
ciInstanceKlass jdk/internal/reflect/NativeConstructorAccessorImpl 0 0 125 10 7 12 1 1 1 9 7 12 1 1 1 100 1 10 12 1 9 12 1 1 9 12 1 1 10 100 12 1 1 1 10 7 12 1 1 1 10 7 12 1 1 1 9 12 1 9 12 1 1 9 12 1 1 10 7 12 1 1 1 100 1 10 10 12 1 1 10 12 1 10 12 1 1 10 12 1 7 1 10 12 1 1 10 12 1 1 8 10 12 1 1 1 1 1 1 1 1 1 1 1 1 1 1 1 1 1 1 1 1 1 1 100 1 100 1 100 1 1 1 1 1 1 1
ciInstanceKlass jdk/internal/reflect/ConstantPool 1 1 142 10 7 12 1 1 1 9 7 12 1 1 1 10 12 1 1 10 12 1 1 10 12 1 10 12 1 1 10 12 1 1 10 12 1 10 12 1 1 10 12 1 10 12 1 1 10 12 1 10 12 1 10 12 1 10 12 1 1 10 12 1 1 10 12 1 1 10 12 1 1 10 12 1 10 12 1 1 10 100 12 1 1 1 8 11 7 12 1 1 1 10 7 12 1 1 1 1 1 1 1 1 1 1 1 1 1 1 1 1 1 1 1 1 1 1 1 1 1 1 1 1 1 1 1 1 1 1 1 1 1 1 1 1 1 1 1 1 1 1 1 1
ciInstanceKlass jdk/internal/reflect/UnsafeStaticFieldAccessorImpl 0 0 47 10 7 12 1 1 1 9 7 12 1 1 1 10 7 12 1 1 1 9 12 1 1 8 11 100 12 1 1 1 10 100 12 1 1 1 1 1 1 1 1 1 1 1 1 1 1
ciInstanceKlass jdk/internal/reflect/FieldAccessor 0 0 48 100 1 100 1 1 1 1 100 1 1 1 1 1 1 1 1 1 1 1 1 1 1 1 1 1 1 1 100 1 1 1 1 1 1 1 1 1 1 1 1 1 1 1 1 1 1 1
instanceKlass jdk/internal/reflect/UnsafeFieldAccessorImpl
ciInstanceKlass jdk/internal/reflect/FieldAccessorImpl 0 0 269 10 7 12 1 1 1 9 7 12 1 1 1 10 7 12 1 1 1 10 7 12 1 1 10 7 12 1 1 1 10 12 1 1 7 1 10 10 12 1 1 10 12 1 1 8 1 10 10 12 1 100 1 8 1 10 12 1 8 1 10 12 1 8 1 10 12 1 100 1 10 12 1 1 10 8 1 10 12 1 1 8 1 10 7 12 1 1 8 1 10 7 12 1 1 8 1 10 7 12 1 1 8 1 10 7 12 1 1 8 1 10 7 12 1 1 8 1 10 7 12 1 1 8 1 10 7 12 1 1 8 1 10 7 12 1 1 10 12 1 1 8 1 10 12 1 1 10 100 12 1 1 1 8 1 10 12 1 8 1 8 1 8 1 8 1 10 7 12 1 1 1 8 1 8 1 8 1 10 12 7 1 1 1 1 1 1 1 1 1 1 1 1 1 1 1 1 1 1 1 1 1 1 1 1 1 1 1 1 1 1 1 1 1 1 1 1 1 1 1 1 1 1 1 1 1 1 1 1 1 1 1 1 1 1 1 1 1 1 1 1 1 1 1 1 1 1 1 1 1 1 1 1 1 1 1 1 1 1 1 1 1 1 1 1 1 1 1 1
instanceKlass jdk/internal/reflect/UnsafeStaticFieldAccessorImpl
ciInstanceKlass jdk/internal/reflect/UnsafeFieldAccessorImpl 0 0 62 10 100 12 1 1 1 10 100 12 1 1 1 10 100 12 1 1 1 9 100 12 1 1 10 12 1 9 12 1 1 10 100 12 1 1 1 9 12 1 1 10 12 1 10 12 1 1 1 1 1 1 1 1 1 1 1 1 1 1 1 1
instanceKlass java/lang/invoke/VolatileCallSite
instanceKlass java/lang/invoke/MutableCallSite
instanceKlass java/lang/invoke/ConstantCallSite
ciInstanceKlass java/lang/invoke/CallSite 1 1 296 10 7 12 1 1 1 10 7 12 1 1 1 9 12 1 1 10 7 12 1 1 1 10 12 1 7 1 10 12 1 1 10 12 1 1 9 100 12 1 1 1 10 7 12 1 1 10 12 1 1 100 1 7 1 10 10 7 12 1 1 1 10 12 1 1 8 1 10 12 1 10 12 1 1 10 12 1 10 12 1 1 10 12 1 1 10 10 100 12 1 1 10 12 1 1 9 12 1 9 100 12 1 1 1 8 1 10 7 12 1 1 1 10 12 1 1 7 1 10 12 1 1 9 12 1 8 1 100 1 10 12 1 10 12 1 100 1 8 1 10 10 12 1 10 12 1 1 100 1 10 12 1 1 10 12 1 10 12 1 10 12 1 1 10 12 1 1 9 12 1 1 8 10 12 1 1 9 12 1 1 100 1 10 10 12 1 10 7 12 1 1 1 10 12 1 1 10 12 1 1 10 12 1 10 7 12 1 1 1 7 1 8 1 10 10 12 10 12 1 1 7 1 7 1 7 1 8 1 10 12 1 10 7 12 1 1 1 1 1 1 1 1 1 1 1 1 1 1 1 1 1 1 1 1 1 1 1 1 1 1 1 1 1 1 1 1 1 1 1 1 1 1 1 1 1 1 1 1 1 1 1 1 1 1 1 1 1 1 1 7 1 7 1 1 1
staticfield java/lang/invoke/CallSite $assertionsDisabled Z 1
ciInstanceKlass java/lang/invoke/ConstantCallSite 1 1 65 10 7 12 1 1 1 9 7 12 1 1 1 9 12 1 1 10 7 12 1 1 1 10 12 1 100 1 10 12 9 12 1 1 100 1 10 10 12 1 1 10 12 1 1 1 1 1 1 1 1 1 1 1 1 1 100 1 1 1 1 1 1 1 1
staticfield java/lang/invoke/ConstantCallSite UNSAFE Ljdk/internal/misc/Unsafe; jdk/internal/misc/Unsafe
instanceKlass java/lang/invoke/DirectMethodHandle$Special
instanceKlass java/lang/invoke/DirectMethodHandle$Interface
instanceKlass java/lang/invoke/DirectMethodHandle$Accessor
instanceKlass java/lang/invoke/DirectMethodHandle$Constructor
ciInstanceKlass java/lang/invoke/DirectMethodHandle 1 1 923 7 1 7 1 100 1 7 1 7 1 10 7 12 1 1 1 10 7 12 1 1 1 7 1 10 12 1 10 12 1 1 10 7 12 1 1 10 12 1 1 10 12 1 10 12 1 7 1 10 12 1 1 10 12 1 1 10 12 1 10 12 1 1 10 7 12 1 1 1 10 12 1 9 12 1 1 100 1 10 9 12 1 1 9 12 1 10 12 1 10 12 1 10 12 1 1 10 12 1 10 12 1 10 12 1 10 7 12 1 1 1 10 12 1 10 12 1 1 8 1 10 12 1 1 7 1 10 12 1 7 1 10 10 12 1 10 12 1 10 12 1 10 7 12 1 1 1 10 12 1 1 100 1 10 12 1 10 12 1 7 1 10 12 1 10 12 1 1 10 12 1 1 10 12 1 8 10 7 12 1 1 1 10 12 1 10 12 1 10 12 1 1 10 12 1 9 7 12 1 1 1 7 1 10 12 1 10 7 12 1 1 1 10 12 1 10 12 1 1 9 12 1 1 7 1 10 8 1 10 12 1 1 10 12 1 1 8 1 10 12 1 10 12 1 10 10 12 1 10 12 1 10 12 1 10 12 1 10 12 1 1 10 12 1 10 12 1 1 10 12 1 10 12 1 1 10 10 7 12 1 1 1 10 12 1 10 12 1 1 10 12 1 10 12 1 1 8 1 9 7 12 1 1 1 8 1 9 12 1 9 12 1 8 1 9 12 1 9 12 1 8 1 9 12 1 9 12 1 8 1 10 12 1 10 12 1 1 9 12 1 1 7 1 10 12 1 1 7 1 10 7 12 1 1 1 10 12 1 1 10 12 1 10 12 1 1 7 1 10 12 1 1 10 12 1 10 12 1 1 7 1 10 12 1 1 10 12 1 10 7 12 1 1 1 10 12 1 10 12 1 1 10 12 1 9 12 1 1 10 7 1 9 12 9 12 1 10 7 12 1 1 1 10 12 1 7 1 7 1 7 1 9 12 1 1 10 7 12 1 1 1 10 12 10 12 1 7 1 10 12 1 10 12 1 1 8 1 9 12 1 9 12 1 10 12 1 1 9 12 1 1 10 7 12 1 1 1 9 12 1 1 9 12 1 1 10 12 1 10 12 1 10 12 1 10 12 1 1 10 12 1 9 12 1 10 12 1 10 12 1 10 12 1 10 12 1 1 10 12 1 1 9 12 1 1 10 12 1 1 9 7 12 1 1 1 9 12 1 9 12 1 9 12 1 9 12 1 9 12 1 9 12 1 9 12 1 9 12 1 9 12 1 9 12 1 9 12 1 9 12 1 9 12 1 9 12 1 9 12 1 9 12 1 9 12 1 9 12 1 9 12 1 9 12 1 9 12 1 9 12 1 9 12 1 9 12 1 9 12 1 9 12 1 9 12 1 9 12 1 9 12 1 9 12 1 9 12 1 9 12 1 9 12 1 9 12 1 9 12 1 9 12 1 8 1 9 12 1 1 9 12 1 1 10 12 1 10 12 1 1 9 7 1 10 12 1 9 12 1 1 10 12 10 12 1 10 12 1 10 12 1 10 12 1 10 8 1 8 1 8 1 8 1 10 12 1 1 9 12 1 1 10 12 1 10 100 12 1 1 1 8 9 12 1 1 10 12 1 1 8 1 8 8 9 12 1 8 1 8 8 8 8 8 1 8 10 12 1 7 1 10 12 1 8 1 8 1 10 12 1 10 12 1 10 12 1 10 12 1 1 7 1 1 1 1 3 1 3 1 3 1 3 1 3 1 3 1 3 1 3 1 3 1 3 1 1 1 1 1 1 1 1 1 1 3 1 3 1 1 1 1 3 1 1 1 1 1 1 1 1 1 1 1 1 1 1 1 1 1 1 1 1 1 1 1 1 1 1 1 1 1 1 1 1 1 1 1 1 1 1 1 1 1 1 1 1 1 1 1 1 1 1 1 1 1 1 1 1 1 100 1 1 1 1 1 1 1 1 1 100 1 1 1 1 1 1 1 1 1 1 1 1 1 1 1 1 1 1 1 1 1 1 1 1 1 1 1 1 1 1 1 1 1 1 1 1 1 1 1 1 1 1 1 1 1 1 1 1 1 1 1 1
staticfield java/lang/invoke/DirectMethodHandle IMPL_NAMES Ljava/lang/invoke/MemberName$Factory; java/lang/invoke/MemberName$Factory
staticfield java/lang/invoke/DirectMethodHandle FT_UNCHECKED_REF I 8
staticfield java/lang/invoke/DirectMethodHandle ACCESSOR_FORMS [Ljava/lang/invoke/LambdaForm; 132 [Ljava/lang/invoke/LambdaForm;
staticfield java/lang/invoke/DirectMethodHandle ALL_WRAPPERS [Lsun/invoke/util/Wrapper; 10 [Lsun/invoke/util/Wrapper;
staticfield java/lang/invoke/DirectMethodHandle NFS [Ljava/lang/invoke/LambdaForm$NamedFunction; 12 [Ljava/lang/invoke/LambdaForm$NamedFunction;
staticfield java/lang/invoke/DirectMethodHandle OBJ_OBJ_TYPE Ljava/lang/invoke/MethodType; java/lang/invoke/MethodType
staticfield java/lang/invoke/DirectMethodHandle LONG_OBJ_TYPE Ljava/lang/invoke/MethodType; java/lang/invoke/MethodType
staticfield java/lang/invoke/DirectMethodHandle $assertionsDisabled Z 1
ciInstanceKlass java/lang/invoke/MutableCallSite 0 0 63 10 100 12 1 1 1 10 12 1 9 100 12 1 1 1 10 12 1 10 12 1 1 9 12 1 1 10 100 12 1 1 1 10 100 12 1 1 1 10 12 1 1 1 1 1 1 1 1 1 1 1 1 1 1 1 1 1 1 100 1 1 1
ciInstanceKlass java/lang/invoke/VolatileCallSite 0 0 37 10 100 12 1 1 1 10 12 1 10 100 12 1 1 1 10 12 1 10 12 1 1 1 1 1 1 1 1 1 1 1 1 1 1 1 1
ciInstanceKlass java/lang/invoke/ResolvedMethodName 1 1 16 10 100 12 1 1 1 100 1 1 1 1 1 1 1 1
ciInstanceKlass java/lang/invoke/MethodHandleNatives 1 1 685 100 1 10 7 12 1 1 1 9 7 12 1 1 1 10 12 1 1 100 1 10 10 12 1 1 10 12 1 10 12 1 8 1 8 1 8 1 8 1 8 1 8 1 8 1 8 1 8 1 8 1 10 12 1 1 7 1 10 7 12 1 1 1 10 7 12 1 1 1 7 1 10 10 12 1 1 8 1 10 12 1 8 1 10 12 1 1 8 1 10 12 1 1 9 7 12 1 1 1 8 1 10 100 12 1 1 1 7 1 10 12 100 1 100 1 8 1 7 1 10 10 12 1 7 1 9 7 12 1 1 10 12 1 1 10 12 1 10 7 12 1 1 1 10 12 1 1 9 12 1 8 1 10 12 1 1 10 12 1 8 1 10 12 1 1 7 1 10 12 1 10 7 12 1 1 1 10 12 1 10 12 1 1 10 12 1 1 8 1 10 12 1 1 8 1 10 12 1 8 1 8 1 8 1 7 1 10 12 1 8 1 10 7 12 1 1 1 10 12 1 1 10 7 12 1 1 10 10 12 1 1 10 12 1 10 100 12 1 1 1 100 1 8 1 10 100 12 1 1 1 7 1 8 1 10 12 1 8 1 8 1 8 1 8 1 8 1 10 12 1 1 10 12 1 1 10 12 1 10 12 1 1 10 12 1 1 7 1 10 12 1 7 1 7 1 10 12 1 10 12 1 8 1 8 1 10 10 12 1 1 10 12 1 1 8 1 10 7 12 1 1 8 1 8 1 10 12 1 1 10 7 12 1 1 1 100 1 10 12 1 1 7 1 9 12 1 1 10 7 12 1 1 1 10 10 12 1 9 12 1 10 12 1 9 12 1 9 12 1 10 12 1 1 10 12 1 10 12 1 1 7 1 7 1 10 12 1 1 10 12 1 10 12 1 1 10 7 12 1 1 1 10 12 1 8 1 10 12 1 10 12 1 10 12 1 1 10 12 1 10 7 12 1 1 1 10 12 1 1 100 1 8 1 10 9 7 12 1 1 1 10 12 1 1 10 12 1 1 7 1 10 12 1 1 10 12 1 1 100 1 100 1 10 10 100 1 100 1 10 100 1 10 10 12 1 1 10 7 1 10 12 1 10 12 1 1 10 12 1 1 10 12 1 1 10 12 1 10 12 1 1 10 8 1 10 12 1 10 12 1 10 12 1 10 12 1 10 12 1 1 10 12 1 10 12 1 10 12 1 10 10 7 12 1 1 10 12 1 1 1 1 1 1 1 1 1 1 1 1 1 7 1 1 1 1 1 1 1 1 1 1 1 1 1 1 1 1 1 1 1 1 1 1 1 1 1 1 1 1 1 1 1 1 1 1 1 1 1 1 1 1 1 1 1 1 1 1 1 1 1 1 1 1 1 1 1 1 1 1 1 1 1 1 1 100 1 1 1 1 1 1 1 1 1 1 1 1 1 1 1 1 1 1 1 1 1 1 1 1 1 1 1 1 1 1 1 1 1 100 1 1 1 1 1 1 1 1 1 1 1 1 1 1 1 1 1 1 1 1 1 1 1 1 1 1 1 1 1 1 1 1 100 1 1
staticfield java/lang/invoke/MethodHandleNatives $assertionsDisabled Z 1
ciInstanceKlass jdk/internal/foreign/abi/NativeEntryPoint 0 0 194 10 7 12 1 1 1 9 7 12 1 1 1 9 12 1 1 100 1 8 1 10 12 1 10 12 1 1 100 1 10 100 12 1 1 1 10 12 1 9 12 1 1 18 12 1 1 10 100 12 1 1 1 10 7 12 1 1 1 9 7 12 1 1 1 7 1 10 8 1 10 12 1 1 10 12 1 10 12 1 1 8 1 10 12 1 1 7 1 8 1 10 12 1 10 12 1 1 10 12 1 9 12 1 1 18 12 1 1 10 100 12 1 1 1 10 12 1 1 10 12 1 10 100 12 1 1 1 10 1 1 1 1 1 1 1 1 1 1 1 1 1 1 1 1 1 1 1 1 1 1 1 1 1 1 1 1 1 1 1 1 1 1 1 1 1 16 1 15 10 12 16 1 16 15 10 12 15 10 100 12 1 1 1 1 1 100 1 1 100 1 100 1 1
ciInstanceKlass jdk/internal/foreign/abi/ABIDescriptor 0 0 55 10 100 12 1 1 1 9 100 12 1 1 1 9 12 1 1 9 12 1 9 12 1 9 12 1 1 9 12 1 9 12 1 1 9 12 1 9 12 1 9 12 1 9 12 1 1 1 1 1 1 1 1 1 1
ciInstanceKlass jdk/internal/foreign/abi/VMStorage 0 0 91 10 7 12 1 1 1 9 7 12 1 1 1 9 12 1 1 9 12 1 1 9 12 1 1 7 1 10 8 1 10 12 1 1 10 12 1 10 12 1 1 10 12 1 18 12 1 18 12 1 1 18 12 1 1 1 1 1 1 1 1 1 1 1 1 1 1 1 1 1 1 1 8 1 15 15 15 15 15 10 100 12 1 1 1 1 100 1 100 1 1
ciInstanceKlass jdk/internal/foreign/abi/UpcallLinker$CallRegs 0 0 66 10 7 12 1 1 1 9 7 12 1 1 1 9 12 1 18 12 1 1 18 12 1 1 18 12 1 1 1 1 1 1 1 1 1 1 1 1 1 1 1 1 1 1 100 1 1 1 8 1 15 15 15 10 100 12 1 1 1 1 1 100 1 100 1 1
ciInstanceKlass java/lang/StackWalker 1 1 271 9 7 12 1 1 1 7 1 10 7 12 1 1 1 10 12 1 1 10 7 12 1 1 1 10 12 1 1 10 12 1 11 7 12 1 1 1 10 12 1 1 10 12 1 1 10 12 1 1 100 1 8 1 10 12 1 10 12 1 10 12 1 10 7 12 1 1 9 12 1 1 9 12 1 1 9 12 1 1 9 12 1 1 10 12 1 1 9 12 1 1 9 12 1 1 9 12 1 1 10 7 12 1 1 1 11 12 1 1 100 1 8 1 10 10 7 12 1 1 9 12 1 1 10 12 1 1 10 7 12 1 1 1 10 7 12 1 1 1 18 12 1 1 100 1 8 1 10 8 1 10 12 1 1 10 100 12 1 1 1 10 12 1 1 9 7 12 1 1 11 100 12 1 1 1 10 12 1 1 1 1 1 1 1 1 1 1 1 1 1 1 1 1 1 1 1 1 1 1 1 1 1 1 1 1 1 1 1 1 1 1 1 1 1 1 1 1 1 1 1 1 1 1 1 1 1 1 1 1 1 1 1 1 1 1 1 1 1 1 1 1 1 1 7 1 1 16 15 10 12 16 1 15 10 100 12 1 1 1 1 1 1 1 1 1 100 1 100 1 1
staticfield java/lang/StackWalker DEFAULT_EMPTY_OPTION Ljava/util/EnumSet; java/util/RegularEnumSet
staticfield java/lang/StackWalker DEFAULT_WALKER Ljava/lang/StackWalker; java/lang/StackWalker
ciInstanceKlass java/lang/StackWalker$StackFrame 1 1 41 100 1 10 12 1 1 100 1 100 1 1 1 1 1 1 1 1 1 1 1 1 1 1 1 1 1 1 1 1 1 1 1 1 1 1 1 100 1 1 1
instanceKlass java/lang/LiveStackFrameInfo
ciInstanceKlass java/lang/StackFrameInfo 1 1 142 10 7 12 1 1 1 9 7 12 1 1 1 9 7 1 9 12 1 1 11 7 12 1 1 1 9 12 1 1 11 12 1 1 10 12 1 1 10 7 12 1 1 1 10 12 1 11 12 1 11 12 1 1 11 12 1 10 12 1 1 9 12 1 1 10 12 1 1 10 7 12 1 1 10 12 1 1 11 12 1 1 9 12 1 1 10 7 1 10 12 1 9 12 1 1 10 12 1 1 100 1 8 1 10 12 1 10 7 12 1 1 1 7 1 1 1 1 1 1 1 1 1 1 1 1 1 1 1 1 1 1 7 1 1 7 1 1 1 1 1 1
staticfield java/lang/StackFrameInfo JLIA Ljdk/internal/access/JavaLangInvokeAccess; java/lang/invoke/MethodHandleImpl$1
ciInstanceKlass java/lang/LiveStackFrameInfo 0 0 97 10 7 12 1 1 1 9 7 12 1 1 1 9 12 1 9 12 1 9 12 1 9 12 1 1 7 1 10 12 1 1 10 12 1 8 1 10 12 1 1 8 1 8 1 8 1 10 100 1 10 12 1 100 1 10 12 1 7 1 7 1 1 1 3 1 3 1 1 1 1 1 1 1 1 1 1 1 1 1 1 1 1 1 1 1 1 1 1 1 1 1 1 1 100 1 1
ciInstanceKlass java/lang/LiveStackFrame 0 0 135 100 1 10 100 12 1 1 1 11 7 12 1 1 1 11 12 1 10 7 12 1 1 1 100 1 8 1 10 12 1 1 10 7 12 1 1 1 9 100 12 1 1 1 10 7 12 1 1 1 10 7 12 1 1 1 11 12 1 10 12 1 7 1 7 1 1 1 1 1 1 1 1 1 1 1 1 1 1 1 1 1 1 1 1 1 1 1 1 1 1 1 1 100 1 1 1 1 1 1 1 100 1 8 1 1 12 10 1 1 1 8 1 1 1 8 1 1 1 8 1 1 1 8 1 1 8 1 1 1 8 1 1 8 1
instanceKlass java/lang/StackStreamFactory$StackFrameTraverser
ciInstanceKlass java/lang/StackStreamFactory$AbstractStackWalker 1 1 375 7 1 7 1 3 10 7 12 1 1 1 10 7 12 1 1 10 7 12 1 1 1 9 12 1 1 10 12 1 1 9 12 1 1 9 12 1 1 9 12 1 1 9 12 1 10 7 12 1 1 1 10 12 1 1 10 7 12 1 1 9 12 1 1 9 12 1 1 10 12 1 1 9 7 12 1 1 1 10 12 1 1 10 12 1 9 12 1 1 10 7 12 1 1 1 10 12 1 1 9 12 1 1 9 7 12 1 1 1 7 1 10 8 1 10 12 1 1 10 12 1 8 1 10 12 1 1 10 100 12 1 1 1 100 1 8 1 10 12 1 8 1 10 12 10 7 12 1 1 9 12 1 8 1 5 0 8 1 8 1 9 12 1 1 10 12 1 1 18 12 1 1 10 7 12 1 1 1 10 12 1 1 10 12 1 10 12 1 9 12 1 10 12 1 10 12 1 10 12 1 10 12 1 10 12 1 10 12 1 1 8 1 10 12 1 10 12 1 10 12 1 10 12 1 1 8 1 10 12 1 1 10 12 1 1 10 12 1 1 10 12 1 10 12 1 10 100 12 1 1 1 10 12 1 10 12 1 9 12 1 8 1 10 12 1 10 12 1 10 12 1 1 10 12 1 10 12 1 10 12 1 1 10 12 1 10 12 1 10 12 1 10 12 1 10 12 1 10 12 1 1 10 12 1 1 10 12 1 8 1 1 1 1 1 1 1 1 1 1 1 1 1 7 1 1 1 1 1 1 1 7 1 1 1 1 7 1 1 1 1 1 1 1 1 1 1 1 1 1 1 1 1 1 1 1 16 15 15 10 100 12 1 1 1 1 1 1 1 1 100 1 100 1 1
ciInstanceKlass jdk/internal/module/Modules 1 1 504 10 7 12 1 1 1 9 7 12 1 1 1 11 7 12 1 1 1 11 12 1 1 11 12 1 1 11 12 1 1 11 12 1 11 12 1 11 12 1 11 12 1 11 12 1 1 10 7 12 1 1 1 10 100 12 1 1 1 18 12 1 1 10 7 12 1 1 1 7 1 10 7 12 1 1 1 10 100 12 1 1 1 10 100 12 1 1 10 12 1 1 11 12 1 9 12 1 1 11 100 12 1 1 1 10 12 1 1 10 10 12 1 10 9 12 1 1 10 7 12 1 1 10 12 1 1 10 100 12 1 1 100 1 11 100 12 1 1 1 10 100 12 1 1 1 11 100 12 1 1 10 12 1 1 10 100 12 1 1 10 100 12 1 1 1 10 12 1 1 10 12 1 1 11 12 1 1 18 12 1 1 11 100 12 1 1 10 100 12 1 1 1 11 100 12 1 1 1 7 1 11 12 1 1 11 7 12 1 1 1 11 12 1 1 10 12 1 1 10 100 12 1 1 18 12 1 1 11 12 1 1 18 12 1 1 11 12 1 1 10 12 1 18 18 10 12 1 1 9 12 1 1 11 7 12 1 1 1 100 1 10 11 12 1 11 12 1 1 11 12 1 1 10 100 1 10 12 1 1 10 100 12 1 1 10 12 1 1 11 12 10 12 1 1 7 1 10 18 12 1 10 12 1 1 7 1 8 1 10 12 1 10 100 12 1 1 18 12 1 11 11 12 10 12 1 10 10 100 1 18 12 1 10 10 10 7 12 1 1 10 7 12 1 1 1 10 12 1 1 1 1 1 1 1 1 1 1 1 1 1 1 1 1 1 1 1 1 1 1 1 1 1 1 1 1 1 1 1 1 1 100 1 1 1 1 1 1 1 1 1 1 1 1 1 1 1 1 1 1 1 1 1 1 1 1 1 1 1 1 1 1 1 1 1 1 1 7 1 1 1 1 1 1 1 1 1 1 1 1 1 1 1 1 1 1 1 1 1 1 1 16 15 10 12 1 16 16 15 10 12 1 16 1 16 1 15 10 12 1 16 1 16 1 15 10 12 16 1 15 10 16 1 15 10 12 16 1 15 10 12 16 15 10 12 16 15 10 12 15 10 100 12 1 1 1 1 1 1 100 1 100 1 1
staticfield jdk/internal/module/Modules JLA Ljdk/internal/access/JavaLangAccess; java/lang/System$2
staticfield jdk/internal/module/Modules JLMA Ljdk/internal/access/JavaLangModuleAccess; java/lang/module/ModuleDescriptor$1
staticfield jdk/internal/module/Modules $assertionsDisabled Z 1
ciInstanceKlass java/util/ArrayList 1 1 509 10 7 12 1 1 1 7 1 9 7 12 1 1 1 9 12 1 100 1 7 1 10 8 1 10 12 1 1 10 12 1 10 12 1 1 10 12 1 9 12 1 11 7 12 1 1 1 9 12 1 1 11 12 1 1 7 10 7 12 1 1 1 9 12 1 10 12 1 10 12 1 1 10 7 12 1 1 1 10 7 12 1 1 1 10 12 1 1 10 12 1 1 10 12 1 1 10 12 1 10 12 1 1 100 1 7 1 10 12 1 10 10 7 12 1 1 1 10 7 12 1 1 10 12 1 100 1 10 10 12 10 12 1 1 10 12 1 1 10 12 1 10 12 10 12 1 1 7 1 10 12 1 1 10 12 1 1 10 12 1 100 1 10 11 12 1 1 11 7 12 1 1 1 11 12 1 10 12 1 10 12 1 10 12 1 1 100 1 10 12 1 1 10 10 12 1 1 10 12 1 8 1 8 1 8 1 8 1 10 12 1 1 10 12 1 1 11 12 1 7 1 10 100 12 1 1 10 12 1 10 12 1 1 10 100 12 1 1 10 12 1 10 100 12 1 1 1 11 100 12 1 1 1 10 12 1 100 1 8 1 10 100 1 10 12 1 7 1 10 12 1 10 12 1 1 7 1 10 12 1 10 12 1 1 11 7 12 1 1 7 1 10 12 1 10 12 1 1 11 100 12 1 1 10 12 1 1 10 12 1 1 10 12 1 1 10 12 1 1 11 100 12 1 1 10 12 1 1 7 1 7 1 7 1 1 1 1 5 0 1 3 1 1 1 1 1 1 1 1 1 1 1 1 1 1 1 1 1 1 1 1 1 1 1 1 1 1 1 1 1 1 1 1 1 1 1 1 1 1 1 1 1 1 1 1 1 1 1 1 1 1 1 1 1 1 1 1 1 1 1 1 1 1 1 1 1 1 1 1 1 1 1 1 1 1 1 1 1 1 1 1 1 1 1 1 1 1 1 1 1 1 1 1 1 1 1 1 1 1 1 1 1 1 1 1 100 1 1 1 1 7 1 1 1 1 1 1 1 1 1 1 1 1 1 1 1 1 1 1 1 1 1 1 1 1 1 1 1 1 1 100 1 1 1 1 1 1 1 1 1 1 1 1 1 1 1 1 1 1 100 1 100 1 1 1 1 1 1
staticfield java/util/ArrayList EMPTY_ELEMENTDATA [Ljava/lang/Object; 0 [Ljava/lang/Object;
staticfield java/util/ArrayList DEFAULTCAPACITY_EMPTY_ELEMENTDATA [Ljava/lang/Object; 0 [Ljava/lang/Object;
ciInstanceKlass java/util/RandomAccess 1 0 7 100 1 100 1 1 1
instanceKlass org/springframework/util/ConcurrentReferenceHashMap$KeySet
instanceKlass java/util/IdentityHashMap$EntrySet
instanceKlass java/lang/ProcessEnvironment$CheckedEntrySet
instanceKlass java/util/TreeMap$EntrySet
instanceKlass java/util/EnumSet
instanceKlass java/util/LinkedHashMap$LinkedEntrySet
instanceKlass java/util/Collections$SingletonSet
instanceKlass java/util/LinkedHashMap$LinkedKeySet
instanceKlass java/util/concurrent/ConcurrentSkipListSet
instanceKlass jdk/internal/util/ReferencedKeySet
instanceKlass java/util/TreeMap$KeySet
instanceKlass java/util/TreeSet
instanceKlass java/util/IdentityHashMap$KeySet
instanceKlass java/util/HashMap$KeySet
instanceKlass java/util/AbstractMap$1
instanceKlass java/util/WeakHashMap$KeySet
instanceKlass java/util/Collections$SetFromMap
instanceKlass java/util/HashSet
instanceKlass java/util/ImmutableCollections$MapN$1
instanceKlass java/util/Collections$EmptySet
instanceKlass java/util/HashMap$EntrySet
ciInstanceKlass java/util/AbstractSet 1 1 96 10 7 12 1 1 1 7 1 7 1 11 12 1 1 10 7 1 10 12 1 1 100 1 100 1 10 12 1 1 11 100 12 1 1 1 11 12 1 1 10 100 12 1 1 10 100 12 1 1 1 11 10 12 1 1 11 12 1 11 12 1 1 1 1 1 1 1 1 1 1 1 1 1 1 1 1 100 1 1 1 1 1 1 1 1 1 1 1 1 1 1 1 1 1 1
ciInstanceKlass java/lang/module/ModuleDescriptor 1 1 516 10 7 12 1 1 1 9 7 12 1 1 1 100 1 10 9 12 1 1 9 12 1 1 9 12 1 11 7 12 1 1 1 9 12 1 1 9 7 12 1 1 1 11 12 1 1 9 12 1 9 12 1 9 12 1 11 12 1 1 18 12 1 1 11 100 12 1 1 1 11 12 1 11 12 1 1 11 12 1 1 9 12 1 9 12 1 9 12 1 9 12 1 9 12 1 9 12 1 9 12 1 9 12 1 1 11 12 1 1 11 7 12 1 1 1 11 12 1 1 10 12 1 9 100 12 1 1 1 10 100 12 1 1 1 10 7 12 1 1 1 10 100 12 1 1 1 10 12 1 7 1 10 10 12 10 12 1 1 8 1 10 12 1 10 10 7 12 1 1 1 10 12 1 1 10 12 1 10 12 1 1 10 7 12 1 1 10 12 1 10 12 1 11 10 100 12 1 1 10 12 1 10 12 1 1 11 10 12 1 10 12 1 8 1 8 1 10 12 1 11 12 1 8 1 8 1 8 1 8 1 8 1 8 1 7 1 10 12 1 100 1 8 1 10 12 1 7 1 10 12 1 11 12 11 12 1 10 12 1 1 100 1 10 100 12 1 1 1 10 100 12 1 1 1 10 12 1 10 12 1 1 8 1 10 12 1 1 18 11 12 1 11 12 1 1 8 1 10 100 12 1 1 1 11 12 1 1 11 7 1 7 1 10 7 1 11 12 11 12 1 1 10 100 12 1 1 1 10 12 1 10 12 1 10 12 1 10 9 100 12 1 1 1 10 12 1 1 10 7 12 1 1 7 1 10 10 7 12 1 1 1 1 1 1 1 1 1 1 1 1 1 1 1 1 1 1 1 1 1 1 1 1 1 1 1 1 1 1 1 1 1 1 1 1 1 1 1 1 1 1 1 1 1 1 1 1 1 1 1 1 1 1 1 1 1 1 1 1 1 100 1 1 1 1 1 1 1 1 1 1 1 1 1 1 1 1 1 1 1 1 1 1 1 1 1 1 1 1 1 1 1 1 1 1 1 1 1 1 1 1 1 1 1 1 1 1 1 1 1 100 1 100 1 100 1 100 1 100 1 100 1 100 1 1 16 15 10 16 1 15 10 12 16 15 10 100 12 1 1 1 1 1 1 1 1 1 1 1 1 1 100 1 100 1 1
staticfield java/lang/module/ModuleDescriptor $assertionsDisabled Z 1
ciInstanceKlass java/lang/annotation/Annotation 1 0 17 100 1 100 1 1 1 1 1 1 1 1 1 1 1 1 1
ciMethod java/util/Map putIfAbsent (Ljava/lang/Object;Ljava/lang/Object;)Ljava/lang/Object; 60 0 30 0 -1
ciInstanceKlass sun/invoke/util/Wrapper 1 1 535 7 1 9 12 1 1 9 12 1 9 12 1 9 12 1 9 12 1 9 12 1 9 12 1 9 12 1 9 12 1 9 12 1 9 12 1 1 10 7 12 1 1 10 7 12 1 1 1 10 12 1 1 9 12 1 1 9 12 1 9 12 1 1 10 7 12 1 1 9 12 1 1 9 12 1 1 9 12 1 1 9 12 1 9 12 1 7 1 10 12 1 10 12 1 1 7 1 10 7 12 1 1 10 12 1 8 1 10 7 12 1 1 1 10 12 1 1 10 100 12 1 1 1 10 12 1 7 1 10 12 1 1 10 12 1 10 12 1 10 12 1 1 10 12 1 9 12 1 1 10 12 1 10 12 1 100 1 10 10 12 1 1 10 12 1 1 10 12 1 1 9 7 12 1 1 1 10 12 1 10 7 12 1 1 10 7 12 1 1 10 7 12 1 1 9 12 1 9 12 1 10 12 1 1 9 12 1 9 9 9 9 9 9 7 1 9 7 1 9 7 1 8 1 10 12 1 1 9 12 1 10 12 1 1 10 12 1 10 12 1 1 10 12 1 1 7 1 10 8 1 8 1 10 7 12 1 1 10 12 1 1 10 12 1 1 7 1 8 1 10 12 1 10 12 1 10 12 1 10 12 1 10 12 1 10 12 1 10 12 1 10 12 1 1 10 12 1 1 10 12 1 10 12 1 10 12 1 1 10 7 12 1 1 10 12 1 1 10 12 1 1 10 12 1 10 12 1 1 10 12 1 10 12 1 1 10 12 1 1 10 12 1 8 1 10 10 12 1 10 12 1 100 1 10 10 100 12 1 1 1 10 12 1 10 12 1 1 10 12 1 1 10 12 1 8 8 1 8 1 10 12 1 1 10 12 1 8 8 1 8 1 10 12 1 8 8 1 8 1 8 8 1 8 1 8 8 1 8 1 8 8 1 8 1 8 8 1 8 1 10 12 1 8 8 1 8 1 8 8 1 10 12 1 8 8 1 8 1 10 12 1 10 12 1 1 1 3 1 1 1 1 1 1 1 1 1 1 1 1 1 1 1 1 1 1 1 1 1 1 1 1 1 1 1 1 1 1 1 1 1 1 1 1 1 1 1 1 1 1 1 1 1 1 1 1 1 1 1 1 1 1 1 1 1 1 1 1 1 1 1 1 1 1 1 1 1 1 1 1 1 1 1 1 1 1 1 1 1 1 1 1 1 1 1
staticfield sun/invoke/util/Wrapper BOOLEAN Lsun/invoke/util/Wrapper; sun/invoke/util/Wrapper
staticfield sun/invoke/util/Wrapper BYTE Lsun/invoke/util/Wrapper; sun/invoke/util/Wrapper
staticfield sun/invoke/util/Wrapper SHORT Lsun/invoke/util/Wrapper; sun/invoke/util/Wrapper
staticfield sun/invoke/util/Wrapper CHAR Lsun/invoke/util/Wrapper; sun/invoke/util/Wrapper
staticfield sun/invoke/util/Wrapper INT Lsun/invoke/util/Wrapper; sun/invoke/util/Wrapper
staticfield sun/invoke/util/Wrapper LONG Lsun/invoke/util/Wrapper; sun/invoke/util/Wrapper
staticfield sun/invoke/util/Wrapper FLOAT Lsun/invoke/util/Wrapper; sun/invoke/util/Wrapper
staticfield sun/invoke/util/Wrapper DOUBLE Lsun/invoke/util/Wrapper; sun/invoke/util/Wrapper
staticfield sun/invoke/util/Wrapper OBJECT Lsun/invoke/util/Wrapper; sun/invoke/util/Wrapper
staticfield sun/invoke/util/Wrapper VOID Lsun/invoke/util/Wrapper; sun/invoke/util/Wrapper
staticfield sun/invoke/util/Wrapper DOUBLE_ZERO Ljava/lang/Object; java/lang/Double
staticfield sun/invoke/util/Wrapper FLOAT_ZERO Ljava/lang/Object; java/lang/Float
staticfield sun/invoke/util/Wrapper FROM_CHAR [Lsun/invoke/util/Wrapper; 16 [Lsun/invoke/util/Wrapper;
staticfield sun/invoke/util/Wrapper $VALUES [Lsun/invoke/util/Wrapper; 10 [Lsun/invoke/util/Wrapper;
staticfield sun/invoke/util/Wrapper $assertionsDisabled Z 1
ciMethod sun/invoke/util/Wrapper forPrimitiveType (Ljava/lang/Class;)Lsun/invoke/util/Wrapper; 76 0 1067 0 0
ciMethod sun/invoke/util/Wrapper newIllegalArgumentException (Ljava/lang/String;)Ljava/lang/RuntimeException; 0 0 1 0 -1
ciMethod sun/invoke/util/Wrapper isSubwordOrInt ()Z 174 0 539 0 0
ciMethod sun/invoke/util/Wrapper asPrimitiveType (Ljava/lang/Class;)Ljava/lang/Class; 0 0 4 0 -1
ciMethod sun/invoke/util/Wrapper asWrapperType (Ljava/lang/Class;)Ljava/lang/Class; 0 0 1 0 -1
ciMethod sun/invoke/util/Wrapper isDoubleWord ()Z 768 0 359 0 0
ciMethod sun/invoke/util/Wrapper isNumeric ()Z 174 0 540 0 -1
ciMethod sun/invoke/util/Wrapper isIntegral ()Z 174 0 539 0 -1
ciMethod sun/invoke/util/Wrapper isSingleWord ()Z 152 0 464 0 -1
ciInstanceKlass jdk/internal/util/ReferencedKeySet 1 1 118 10 7 12 1 1 1 9 7 12 1 1 1 10 12 1 1 10 7 12 1 1 10 12 1 10 12 1 10 12 1 1 11 100 12 1 1 1 10 12 1 1 10 12 1 1 10 12 1 1 10 12 1 1 10 12 1 1 10 12 1 10 12 1 7 1 11 12 1 10 12 1 1 10 12 1 1 1 1 1 1 1 1 1 1 1 1 1 1 1 1 1 1 1 1 1 1 1 1 1 1 1 1 1 1 1 1 100 1 1 1 1 1 1 1 1 1 1
ciMethod jdk/internal/util/ReferencedKeySet get (Ljava/lang/Object;)Ljava/lang/Object; 518 0 5379 0 0
ciMethod jdk/internal/util/ReferencedKeySet intern (Ljava/lang/Object;)Ljava/lang/Object; 262 0 1971 0 0
instanceKlass java/util/concurrent/ConcurrentHashMap$ForwardingNode
instanceKlass java/util/concurrent/ConcurrentHashMap$ReservationNode
ciInstanceKlass java/util/concurrent/ConcurrentHashMap$Node 1 1 97 10 7 12 1 1 1 9 7 12 1 1 1 9 12 1 1 9 12 1 10 12 1 9 12 1 1 10 12 1 1 10 100 12 1 1 1 100 1 10 100 1 11 12 1 1 11 12 1 10 12 1 1 1 1 1 1 1 1 1 1 1 1 1 1 1 1 1 1 1 1 1 1 1 1 1 1 1 1 1 1 1 1 1 1 1 1 1 1 1 100 1 1 1 100 1 1
ciMethod java/util/concurrent/ConcurrentHashMap$Node find (ILjava/lang/Object;)Ljava/util/concurrent/ConcurrentHashMap$Node; 0 0 1 0 -1
ciMethod java/util/concurrent/ConcurrentHashMap$Node <init> (ILjava/lang/Object;Ljava/lang/Object;)V 984 0 5388 0 -1
ciInstanceKlass java/util/concurrent/ConcurrentHashMap$ReservationNode 1 1 34 100 1 10 7 12 1 1 1 100 1 1 1 1 1 1 1 1 1 1 1 1 1 1 1 1 1 1 1 1 1 1 1 1
ciInstanceKlass java/util/concurrent/ConcurrentHashMap$ForwardingNode 1 1 71 100 1 10 7 12 1 1 1 9 7 12 1 1 1 10 12 1 1 9 12 1 1 9 12 1 1 10 100 12 1 1 1 10 12 1 1 9 12 1 1 1 1 1 1 1 1 1 1 1 1 1 1 1 1 1 1 1 1 1 1 1 100 1 1 1 1 1 1 1 1
ciInstanceKlass java/lang/ref/NativeReferenceQueue$Lock 1 1 21 10 7 12 1 1 1 100 1 1 1 1 1 1 1 1 1 7 1 1 1
ciInstanceKlass java/lang/ref/ReferenceQueue$Null 1 1 29 10 7 12 1 1 1 100 1 1 1 1 1 1 1 1 1 1 1 1 1 1 1 1 1 1 1 1 1
ciMethod java/lang/ref/ReferenceQueue poll ()Ljava/lang/ref/Reference; 512 0 1689 0 -1
ciInstanceKlass jdk/internal/loader/ClassLoaderValue 1 1 44 10 7 12 1 1 1 10 100 12 1 1 1 10 100 12 1 1 1 10 100 12 1 1 1 1 1 1 1 1 1 1 1 1 1 1 1 1 1 1 1 1 1 1
ciInstanceKlass jdk/internal/util/ReferenceKey 1 0 21 100 1 100 1 1 1 1 1 1 1 1 1 1 1 100 1 100 1 100 1
ciMethod jdk/internal/util/ReferenceKey get ()Ljava/lang/Object; 0 0 1 0 -1
ciMethod jdk/internal/util/ReferenceKey unused ()V 0 0 1 0 -1
ciInstanceKlass jdk/internal/util/StrongReferenceKey 1 1 82 10 7 12 1 1 1 9 7 12 1 1 1 7 1 11 12 1 1 10 10 7 12 1 1 1 10 12 1 1 7 1 10 10 12 1 1 10 7 12 1 1 1 10 12 1 1 8 1 10 7 12 1 1 1 10 12 1 10 12 1 1 1 1 1 1 1 1 1 1 1 1 1 1 1 1 1 1 1 1 1 1
ciMethod jdk/internal/util/StrongReferenceKey equals (Ljava/lang/Object;)Z 512 0 3408 0 0
ciMethod jdk/internal/util/StrongReferenceKey hashCode ()I 816 0 6970 0 800
ciMethod jdk/internal/util/StrongReferenceKey <init> (Ljava/lang/Object;)V 724 0 9321 0 0
ciMethod jdk/internal/util/StrongReferenceKey get ()Ljava/lang/Object; 262 0 131 0 0
ciInstanceKlass jdk/internal/util/WeakReferenceKey 1 1 92 10 7 12 1 1 1 10 7 12 1 1 1 9 7 12 1 1 1 10 12 1 1 7 1 11 12 1 1 10 10 12 1 1 7 1 10 12 10 7 12 1 1 1 10 7 12 1 1 1 10 12 1 1 8 1 10 7 12 1 1 10 12 1 10 12 1 1 1 1 1 1 1 1 1 1 1 1 1 1 1 1 1 1 1 1 1 1 1 1 1 1
ciMethod jdk/internal/util/WeakReferenceKey <init> (Ljava/lang/Object;Ljava/lang/ref/ReferenceQueue;)V 512 0 1974 0 0
ciInstanceKlass jdk/internal/util/ReferencedKeyMap 1 1 357 10 7 12 1 1 1 9 7 12 1 1 1 9 12 1 1 9 12 1 1 10 12 1 1 11 7 12 1 1 1 7 1 10 7 12 1 1 1 11 7 12 1 1 1 7 1 10 10 12 1 100 1 10 12 1 7 1 10 7 1 10 12 1 10 12 1 11 12 1 1 11 12 1 1 8 1 10 7 12 1 1 1 10 12 1 1 11 12 1 1 8 1 11 12 1 10 12 1 1 11 12 10 12 1 11 12 1 1 11 100 12 1 1 11 12 1 11 12 1 1 11 100 12 1 1 1 11 7 12 1 1 11 12 1 100 1 11 12 1 11 12 1 10 11 12 1 11 12 1 11 12 1 1 18 12 1 1 11 100 12 1 1 18 12 1 1 11 12 1 1 10 12 1 10 100 12 1 1 1 11 12 1 1 11 12 1 1 18 12 1 11 12 1 11 12 1 11 12 1 1 11 12 18 8 1 8 1 8 1 10 12 1 1 7 1 10 12 1 1 10 12 1 1 10 12 1 11 100 12 1 10 11 7 1 10 10 12 1 1 8 1 10 12 1 10 12 1 1 100 1 10 12 1 1 1 1 1 1 1 1 1 1 1 1 1 1 1 1 1 1 1 1 1 1 1 1 1 1 1 1 1 1 1 1 1 1 1 1 1 1 1 1 1 1 1 1 1 1 1 1 1 1 1 1 1 1 1 1 1 1 1 1 1 1 1 1 1 1 1 1 1 1 16 15 16 1 16 15 10 12 1 15 10 12 16 15 10 12 16 15 10 100 12 1 1 1 1 1 7 1 1 100 1 100 1 1
ciMethod jdk/internal/util/ReferencedKeyMap get (Ljava/lang/Object;)Ljava/lang/Object; 532 0 7350 0 0
ciMethod jdk/internal/util/ReferencedKeyMap intern (Ljdk/internal/util/ReferencedKeyMap;Ljava/lang/Object;)Ljava/lang/Object; 262 0 1974 0 0
ciMethod jdk/internal/util/ReferencedKeyMap removeStaleReferences ()V 512 0 11292 0 0
ciMethod jdk/internal/util/ReferencedKeyMap lookupKey (Ljava/lang/Object;)Ljdk/internal/util/ReferenceKey; 724 0 9321 0 0
ciMethod jdk/internal/util/ReferencedKeyMap getNoCheckStale (Ljava/lang/Object;)Ljava/lang/Object; 536 0 7350 0 0
ciMethod jdk/internal/util/ReferencedKeyMap entryKey (Ljava/lang/Object;)Ljdk/internal/util/ReferenceKey; 512 0 1974 0 0
ciMethod jdk/internal/util/ReferencedKeyMap existingKey (Ljdk/internal/util/ReferencedKeyMap;Ljava/lang/Object;)Ljava/lang/Object; 262 0 1974 0 0
ciMethod jdk/internal/util/ReferencedKeyMap internKey (Ljdk/internal/util/ReferencedKeyMap;Ljava/lang/Object;)Ljava/lang/Object; 262 0 1974 0 0
ciMethod java/lang/invoke/MethodTypeForm canonicalizeAll ([Ljava/lang/Class;I)[Ljava/lang/Class; 514 1060 1981 0 0
ciMethod java/lang/invoke/MethodTypeForm canonicalize (Ljava/lang/invoke/MethodType;I)Ljava/lang/invoke/MethodType; 262 0 1971 0 0
ciMethod java/lang/invoke/MethodTypeForm canonicalize (Ljava/lang/Class;I)Ljava/lang/Class; 772 0 5513 0 168
ciMethod java/lang/invoke/MethodTypeForm findForm (Ljava/lang/invoke/MethodType;)Ljava/lang/invoke/MethodTypeForm; 262 0 1971 0 0
ciMethod java/lang/invoke/MethodTypeForm <init> (Ljava/lang/invoke/MethodType;)V 58 142 246 0 0
ciMethod java/lang/invoke/MethodHandleStatics newIllegalArgumentException (Ljava/lang/String;)Ljava/lang/RuntimeException; 0 0 1 0 0
ciMethod java/util/concurrent/ConcurrentHashMap setTabAt ([Ljava/util/concurrent/ConcurrentHashMap$Node;ILjava/util/concurrent/ConcurrentHashMap$Node;)V 536 0 6000 0 -1
ciMethod java/util/concurrent/ConcurrentHashMap replaceNode (Ljava/lang/Object;Ljava/lang/Object;Ljava/lang/Object;)Ljava/lang/Object; 70 24 499 0 0
ciMethod java/util/concurrent/ConcurrentHashMap addCount (JI)V 1024 0 5153 0 -1
ciMethod java/util/concurrent/ConcurrentHashMap treeifyBin ([Ljava/util/concurrent/ConcurrentHashMap$Node;I)V 0 0 1 0 -1
ciMethod java/util/concurrent/ConcurrentHashMap helpTransfer ([Ljava/util/concurrent/ConcurrentHashMap$Node;Ljava/util/concurrent/ConcurrentHashMap$Node;)[Ljava/util/concurrent/ConcurrentHashMap$Node; 0 0 1 0 -1
ciMethod java/util/concurrent/ConcurrentHashMap casTabAt ([Ljava/util/concurrent/ConcurrentHashMap$Node;ILjava/util/concurrent/ConcurrentHashMap$Node;Ljava/util/concurrent/ConcurrentHashMap$Node;)Z 924 0 1543 0 -1
ciMethod java/util/concurrent/ConcurrentHashMap initTable ()[Ljava/util/concurrent/ConcurrentHashMap$Node; 18 0 87 0 -1
ciMethod java/util/concurrent/ConcurrentHashMap putVal (Ljava/lang/Object;Ljava/lang/Object;Z)Ljava/lang/Object; 680 22 5075 0 -1
ciMethod java/util/concurrent/ConcurrentHashMap tabAt ([Ljava/util/concurrent/ConcurrentHashMap$Node;I)Ljava/util/concurrent/ConcurrentHashMap$Node; 532 0 5497 0 96
ciMethod java/util/concurrent/ConcurrentHashMap spread (I)I 672 0 11028 0 96
ciMethod java/lang/invoke/MethodType checkPtypes ([Ljava/lang/Class;)I 438 734 2968 0 0
ciMethod java/lang/invoke/MethodType makeImpl (Ljava/lang/Class;[Ljava/lang/Class;Z)Ljava/lang/invoke/MethodType; 518 0 5379 0 0
ciMethod java/lang/invoke/MethodType isAllObject ([Ljava/lang/Class;I)Z 196 378 1134 0 0
ciMethod java/lang/invoke/MethodType checkSlotCount (I)V 768 0 5781 0 0
ciMethod java/lang/invoke/MethodType ptypes ()[Ljava/lang/Class; 288 0 144 0 0
ciMethod java/lang/invoke/MethodType genericMethodType (IZ)Ljava/lang/invoke/MethodType; 292 0 1754 0 0
ciMethod java/lang/invoke/MethodType methodType (Ljava/lang/Class;[Ljava/lang/Class;Z)Ljava/lang/invoke/MethodType; 526 0 5352 0 0
ciMethod java/lang/invoke/MethodType form ()Ljava/lang/invoke/MethodTypeForm; 256 0 128 0 0
ciMethod java/lang/invoke/MethodType <init> (Ljava/lang/Class;[Ljava/lang/Class;)V 518 0 5387 0 0
ciMethod java/lang/invoke/MethodType returnType ()Ljava/lang/Class; 258 0 129 0 0
ciMethod java/lang/RuntimeException <init> (Ljava/lang/String;)V 0 0 1 0 -1
ciMethod java/lang/ref/ReferenceQueue headIsNull ()Z 514 0 12065 0 0
ciMethod java/lang/ref/ReferenceQueue poll0 ()Ljava/lang/ref/Reference; 4 0 451 0 0
ciMethod java/util/Arrays fill ([Ljava/lang/Object;Ljava/lang/Object;)V 18 72 10 0 -1
ciMethod java/util/Arrays copyOf ([Ljava/lang/Object;I)[Ljava/lang/Object; 110 0 3891 0 0
ciMethod java/util/Arrays copyOf ([Ljava/lang/Object;ILjava/lang/Class;)[Ljava/lang/Object; 332 0 4643 0 -1
ciMethod java/lang/Math min (II)I 514 0 21839 0 -1
ciMethod jdk/internal/misc/Unsafe getReferenceAcquire (Ljava/lang/Object;J)Ljava/lang/Object; 584 0 5497 0 -1
ciMethod jdk/internal/misc/VM addFinalRefCount (I)V 0 0 1 0 -1
ciMethod java/lang/String valueOf (Ljava/lang/Object;)Ljava/lang/String; 100 0 89 0 -1
ciMethod java/lang/Exception <init> (Ljava/lang/String;)V 90 0 45 0 -1
ciMethod java/lang/Throwable <init> (Ljava/lang/String;)V 198 0 94 0 -1
ciMethod java/lang/StringBuilder append (I)Ljava/lang/StringBuilder; 6 0 3876 0 -1
ciMethod java/lang/StringBuilder append (Ljava/lang/String;)Ljava/lang/StringBuilder; 10 0 20165 0 -1
ciMethod java/lang/StringBuilder append (Ljava/lang/Object;)Ljava/lang/StringBuilder; 100 0 50 0 -1
ciMethod java/lang/StringBuilder <init> ()V 8 0 7059 0 -1
ciMethod java/lang/Class getComponentType ()Ljava/lang/Class; 156 0 1039 0 -1
ciMethod java/util/Map get (Ljava/lang/Object;)Ljava/lang/Object; 0 0 1 0 -1
ciMethod java/util/Map remove (Ljava/lang/Object;)Ljava/lang/Object; 0 0 1 0 -1
ciMethod java/lang/Object getClass ()Ljava/lang/Class; 256 0 128 0 -1
ciMethod java/lang/Object <init> ()V 1024 0 129927 0 80
ciInstanceKlass jdk/internal/loader/AbstractClassLoaderValue$Sub 1 1 76 9 7 12 1 1 1 10 7 12 1 1 1 9 12 1 1 10 7 12 1 1 1 10 12 1 1 10 12 1 1 10 12 1 1 10 7 1 10 12 1 10 12 1 1 10 12 1 1 1 1 1 1 1 1 1 1 1 1 1 1 1 1 1 1 1 1 1 1 1 1 1 1 1 1 1
instanceKlass java/util/concurrent/CancellationException
ciInstanceKlass java/lang/IllegalStateException 0 0 35 10 100 12 1 1 1 10 12 1 10 12 1 10 12 1 100 1 1 1 1 5 0 1 1 1 1 1 1 1 1 1 1 1 1
ciMethodData java/lang/Object <init> ()V 2 129415 orig 80 0 0 0 0 0 0 0 0 0 0 0 0 0 0 0 0 0 0 0 0 0 0 0 0 0 0 0 0 0 0 0 0 0 0 0 0 0 0 0 0 0 0 0 0 0 0 0 0 0 0 0 0 0 0 0 0 0 0 0 0 0 0 0 0 0 0 0 0 0 0 0 0 0 0 0 0 0 0 0 0 data 4 0x0 0x9 0x1 0x0 oops 0 methods 0
ciMethodData java/lang/StringBuilder append (Ljava/lang/String;)Ljava/lang/StringBuilder; 2 20756 orig 80 1 0 0 0 0 0 0 0 0 0 0 0 215 2 0 0 0 0 0 0 0 0 0 0 0 0 0 0 0 0 0 0 0 0 0 0 0 0 0 0 0 0 0 0 0 0 0 0 0 0 0 0 0 0 0 0 0 0 0 0 0 0 0 0 0 0 0 0 0 0 0 0 0 0 0 0 0 0 0 0 data 9 0x20002 0x5114 0x0 0x0 0x0 0x9 0x2 0xffffffffffffffff 0x0 oops 0 methods 0
ciMethodData java/lang/IllegalArgumentException <init> (Ljava/lang/String;)V 1 0 orig 80 0 0 0 0 0 0 0 0 0 0 0 0 215 2 0 0 0 0 0 0 0 0 0 0 0 0 0 0 0 0 0 0 0 0 0 0 0 0 0 0 0 0 0 0 0 0 0 0 0 0 0 0 0 0 0 0 0 0 0 0 0 0 0 0 0 0 0 0 0 0 0 0 0 0 0 0 0 0 0 0 data 8 0x20002 0x0 0x0 0x0 0x9 0x2 0x1c 0x0 oops 0 methods 0
ciMethodData java/util/Objects equals (Ljava/lang/Object;Ljava/lang/Object;)Z 2 10232 orig 80 0 0 0 0 0 0 0 0 0 0 0 0 215 2 0 0 0 0 0 0 0 0 0 0 0 0 0 0 0 0 0 0 0 0 0 0 0 0 0 0 0 0 0 0 0 0 0 0 0 0 0 0 0 0 0 0 0 0 0 0 0 0 0 0 0 0 0 0 0 0 0 0 0 0 0 0 0 0 0 0 data 32 0x20007 0x16bb 0x98 0x113d 0x60007 0x0 0x90 0x113d 0xb0005 0xecc 0x0 0x2d77442e128 0x1d4 0x2d77458ea38 0x9d 0xe0007 0x167 0x38 0xfd6 0x120003 0x2691 0x18 0x0 0x0 0x0 0x0 0x0 0x0 0x9 0x2 0x0 0x0 oops 2 11 java/lang/String 13 java/lang/module/ModuleDescriptor methods 0
ciMethodData java/util/Objects requireNonNull (Ljava/lang/Object;)Ljava/lang/Object; 2 34576 orig 80 0 0 0 0 0 0 0 0 0 0 0 0 215 2 0 0 0 0 0 0 0 0 0 0 0 0 0 0 0 0 0 0 0 0 0 0 0 0 0 0 0 0 0 0 0 0 0 0 0 0 0 0 0 0 0 0 0 0 0 0 0 0 0 0 0 0 0 0 0 0 0 0 0 0 0 0 0 0 0 0 data 15 0x10007 0x8710 0x30 0x0 0x80002 0x0 0x0 0x0 0x0 0x0 0x0 0x0 0x9 0x1 0x0 oops 0 methods 0
ciMethodData java/util/concurrent/ConcurrentHashMap tabAt ([Ljava/util/concurrent/ConcurrentHashMap$Node;I)Ljava/util/concurrent/ConcurrentHashMap$Node; 2 5231 orig 80 0 0 0 0 0 0 0 0 0 0 0 0 215 2 0 0 0 0 0 0 0 0 0 0 0 0 0 0 0 0 0 0 0 0 0 0 0 0 0 0 0 0 0 0 0 0 0 0 0 0 0 0 0 0 0 0 0 0 0 0 0 0 0 0 0 0 0 0 0 0 0 0 0 0 0 0 0 0 0 0 data 27 0xf000b 0x146f 0x0 0x0 0x0 0x0 0x0 0x2 0x1 0x2d774bae658 0x120104 0x0 0x0 0x2d774bae5a8 0x7c6 0x2d774af84e0 0x240 0x0 0x0 0x0 0x0 0x0 0x0 0x9 0x2 0x0 0x0 oops 3 9 [Ljava/util/concurrent/ConcurrentHashMap$Node; 13 java/util/concurrent/ConcurrentHashMap$Node 15 java/util/concurrent/ConcurrentHashMap$ForwardingNode methods 0
ciMethodData java/util/concurrent/ConcurrentHashMap spread (I)I 2 10700 orig 80 0 0 0 0 0 0 0 0 0 0 0 0 215 2 0 0 0 0 0 0 0 0 0 0 0 0 0 0 0 0 0 0 0 0 0 0 0 0 0 0 0 0 0 0 0 0 0 0 0 0 0 0 0 0 0 0 0 0 0 0 0 0 0 0 0 0 0 0 0 0 0 0 0 0 0 0 0 0 0 0 data 5 0x0 0x0 0x9 0x1 0x0 oops 0 methods 0
ciMethodData java/util/concurrent/ConcurrentHashMap putVal (Ljava/lang/Object;Ljava/lang/Object;Z)Ljava/lang/Object; 2 4890 orig 80 0 0 0 0 0 0 0 0 0 0 0 0 215 2 0 0 0 0 0 0 0 0 0 0 0 0 0 0 0 0 0 0 0 0 0 0 0 0 0 0 0 0 0 0 0 0 0 0 0 0 0 0 0 0 0 0 0 0 0 0 0 0 0 0 0 0 0 0 0 0 0 0 0 0 0 0 0 0 0 0 data 250 0x10007 0x0 0x40 0x131a 0x50007 0x131a 0x30 0x0 0xc0002 0x0 0x110005 0x890 0x0 0x2d77442e128 0xa87 0x2d7748b5090 0x3 0x140002 0x131a 0x240007 0x41 0x40 0x131a 0x2d0007 0x131a 0x70 0x0 0x310005 0x41 0x0 0x0 0x0 0x0 0x0 0x360003 0x41 0x5f8 0x450002 0x131a 0x4b0007 0x7f3 0x78 0xb27 0x5b0002 0xb27 0x5e0002 0xb27 0x610007 0x0 0x590 0xb27 0x640003 0xb27 0x588 0x700007 0x7f3 0x70 0x0 0x780005 0x0 0x0 0x0 0x0 0x0 0x0 0x7d0003 0x0 0x500 0x810007 0x52 0xf8 0x7a1 0x880007 0x648 0xd8 0x159 0x940007 0x0 0x98 0x159 0x990007 0x0 0x98 0x159 0x9f0005 0x0 0x0 0x2d77442e128 0x159 0x0 0x0 0xa20007 0x0 0x40 0x159 0xad0007 0x0 0x20 0x159 0xc00002 0x69a 0xc50007 0x0 0x330 0x69a 0xca0007 0x0 0x188 0x69a 0xdb0007 0x888 0xf0 0x72 0xe70007 0x0 0x98 0x72 0xec0007 0x0 0xb0 0x72 0xf20005 0x0 0x0 0x2d77442e128 0x72 0x0 0x0 0xf50007 0x0 0x58 0x72 0x1000007 0x72 0x98 0x0 0x1090003 0x0 0x78 0x1180007 0x260 0x48 0x628 0x1250002 0x628 0x12b0003 0x628 0x30 0x1310003 0x260 0xfffffffffffffec8 0x1340003 0x69a 0x1a0 0x1390004 0x0 0x0 0x0 0x0 0x0 0x0 0x13c0007 0x0 0xe8 0x0 0x1440004 0x0 0x0 0x0 0x0 0x0 0x0 0x14b0005 0x0 0x0 0x0 0x0 0x0 0x0 0x1510007 0x0 0x40 0x0 0x15c0007 0x0 0x20 0x0 0x1650003 0x0 0x80 0x16a0004 0x0 0x0 0x0 0x0 0x0 0x0 0x16d0007 0x0 0x30 0x0 0x1760002 0x0 0x17d0003 0x69a 0x18 0x18a0007 0x0 0x98 0x69a 0x1910007 0x69a 0x58 0x0 0x1990005 0x0 0x0 0x0 0x0 0x0 0x0 0x19e0007 0x628 0x38 0x72 0x1a40003 0x41 0xfffffffffffff990 0x1ab0005 0x114f 0x0 0x0 0x0 0x0 0x0 0x0 0x0 0x0 0x0 0x0 0x0 0x0 0x0 0x0 0x9 0x4 0x0 0x0 0x0 0x0 oops 4 13 java/lang/String 15 jdk/internal/loader/ClassLoaderValue 87 java/lang/String 124 java/lang/String methods 0
ciMethodData java/util/concurrent/ConcurrentHashMap putIfAbsent (Ljava/lang/Object;Ljava/lang/Object;)Ljava/lang/Object; 2 4170 orig 80 0 0 0 0 0 0 0 0 0 0 0 0 0 0 0 0 0 0 0 0 0 0 0 0 0 0 0 0 0 0 0 0 0 0 0 0 0 0 0 0 0 0 0 0 0 0 0 0 0 0 0 0 0 0 0 0 0 0 0 0 0 0 0 0 0 0 0 0 0 0 0 0 0 0 0 0 0 0 0 0 data 18 0x40005 0x104b 0x0 0x0 0x0 0x0 0x0 0x0 0x0 0x0 0x0 0x0 0x0 0x9 0x3 0xffffffffffffffff 0xffffffffffffffff 0xffffffffffffffff oops 0 methods 0
ciMethodData java/util/Objects requireNonNull (Ljava/lang/Object;Ljava/lang/String;)Ljava/lang/Object; 2 17587 orig 80 0 0 0 0 0 0 0 0 0 0 0 0 215 2 0 0 0 0 0 0 0 0 0 0 0 0 0 0 0 0 0 0 0 0 0 0 0 0 0 0 0 0 0 0 0 0 0 0 0 0 0 0 0 0 0 0 0 0 0 0 0 0 0 0 0 0 0 0 0 0 0 0 0 0 0 0 0 0 0 0 data 16 0x10007 0x44b3 0x30 0x0 0x90002 0x0 0x0 0x0 0x0 0x0 0x0 0x0 0x9 0x2 0x0 0x0 oops 0 methods 0
ciMethodData java/util/concurrent/ConcurrentHashMap get (Ljava/lang/Object;)Ljava/lang/Object; 2 5167 orig 80 0 0 0 0 0 0 0 0 0 0 0 0 215 2 0 0 0 0 0 0 0 0 0 0 0 0 0 0 0 0 0 0 0 0 0 0 0 0 0 0 0 0 0 0 0 0 0 0 0 0 0 0 0 0 0 0 0 0 0 0 0 0 0 0 0 0 0 0 0 0 0 0 0 0 0 0 0 0 0 0 data 101 0x10005 0x606 0x0 0x2d774bd1ba8 0x894 0x2d77442e128 0x595 0x40002 0x142f 0xf0007 0x31 0x290 0x13fe 0x170007 0x0 0x270 0x13fe 0x220002 0x13fe 0x270007 0x5ed 0x240 0xe11 0x330007 0x4ba 0xb8 0x957 0x3e0007 0x2b1 0x98 0x6a6 0x430007 0x0 0x108 0x6a6 0x490005 0x209 0x0 0x2d774bd1ba8 0x349 0x2d77442e128 0x154 0x4c0007 0x0 0xb0 0x6a6 0x560007 0x4ba 0x90 0x0 0x5d0005 0x0 0x0 0x0 0x0 0x0 0x0 0x630007 0x0 0x38 0x0 0x6b0003 0x0 0x18 0x760007 0x268 0xd8 0x3bd 0x7f0007 0x16b 0xffffffffffffffe0 0x252 0x8a0007 0x7c 0x98 0x1d6 0x8f0007 0x0 0xffffffffffffffa0 0x1d6 0x950005 0x12f 0x0 0x2d77442e128 0x42 0x2d774bd1ba8 0x65 0x980007 0x0 0xffffffffffffff48 0x1d6 0x0 0x0 0x0 0x0 0x0 0x0 0x9 0x2 0x0 0x0 oops 6 3 jdk/internal/util/StrongReferenceKey 5 java/lang/String 38 jdk/internal/util/StrongReferenceKey 40 java/lang/String 83 java/lang/String 85 jdk/internal/util/StrongReferenceKey methods 0
ciMethodData java/lang/ref/ReferenceQueue headIsNull ()Z 2 11808 orig 80 0 0 0 0 0 0 0 0 0 0 0 0 215 2 0 0 0 0 0 0 0 0 0 0 0 0 0 0 0 0 0 0 0 0 0 0 0 0 0 1 0 0 0 0 0 0 0 0 0 0 0 0 0 0 0 0 0 0 0 0 0 0 0 0 0 0 0 0 0 0 0 0 0 0 0 0 0 0 0 0 data 16 0x8000000600040007 0x1c1 0x38 0x2c60 0x80003 0x2c60 0x18 0x0 0x0 0x0 0x0 0x0 0x0 0x9 0x1 0x0 oops 0 methods 0
ciMethodData jdk/internal/util/ReferencedKeyMap removeStaleReferences ()V 2 11036 orig 80 0 0 0 0 0 0 0 0 0 0 0 0 215 2 0 0 0 0 0 0 0 0 0 0 0 0 0 0 0 0 0 0 0 0 0 0 0 0 0 0 0 0 0 0 0 0 0 0 0 0 0 0 0 0 0 0 0 0 0 0 0 0 0 0 0 0 0 0 0 0 0 0 0 0 0 0 0 0 0 0 data 33 0x40005 0x0 0x0 0x2d7744bc900 0x2cd7 0x0 0x0 0x90007 0x1bb 0x38 0x2b1c 0xc0003 0x2b1c 0x68 0x140005 0x0 0x0 0x2d774431928 0x1bb 0x0 0x0 0x1a0003 0x1bb 0xffffffffffffff58 0x0 0x0 0x0 0x0 0x0 0x0 0x9 0x1 0x0 oops 2 3 java/lang/ref/NativeReferenceQueue 17 java/util/concurrent/ConcurrentHashMap methods 0
ciMethodData java/lang/ref/NativeReferenceQueue poll ()Ljava/lang/ref/Reference; 2 10120 orig 80 1 0 0 0 0 0 0 0 0 0 0 0 215 2 0 0 0 0 0 0 0 0 0 0 0 0 0 0 0 0 0 0 0 0 0 0 0 0 0 0 0 0 0 0 0 0 0 0 0 0 0 0 0 0 0 0 0 0 0 0 0 0 0 0 0 0 0 0 0 0 0 0 0 0 0 0 0 0 0 0 data 27 0x10005 0x2788 0x0 0x0 0x0 0x0 0x0 0x40007 0x1bb 0x20 0x25ce 0x110005 0x1bb 0x0 0x0 0x0 0x0 0x0 0x0 0x0 0x0 0x0 0x0 0x0 0x9 0x1 0x0 oops 0 methods 0
ciMethodData java/lang/ref/ReferenceQueue poll0 ()Ljava/lang/ref/Reference; 1 449 orig 80 0 0 0 0 0 0 0 0 0 0 0 0 215 2 0 0 0 0 0 0 0 0 0 0 0 0 0 0 0 0 0 0 0 0 0 0 0 0 0 0 0 0 0 0 0 0 0 0 0 0 0 0 0 0 0 0 0 0 0 0 0 0 0 0 0 0 0 0 0 0 0 0 0 0 0 0 0 0 0 0 data 33 0x60007 0x0 0xc0 0x1c1 0x180007 0x1bf 0x38 0x2 0x1c0003 0x2 0x18 0x330004 0xfffffffffffffe3f 0x0 0x2d7744b9bb0 0x1bb 0x0 0x0 0x360007 0x1c1 0x30 0x0 0x3a0002 0x0 0x0 0x0 0x0 0x0 0x0 0x0 0x9 0x1 0xe oops 1 14 jdk/internal/util/WeakReferenceKey methods 0
ciMethodData java/lang/ref/Reference <init> (Ljava/lang/Object;Ljava/lang/ref/ReferenceQueue;)V 2 3319 orig 80 0 0 0 0 0 0 0 0 0 0 0 0 215 2 0 0 0 0 0 0 0 0 0 0 0 0 0 0 0 0 0 0 0 0 0 0 0 0 0 0 0 0 0 0 0 0 0 0 0 0 0 0 0 0 0 0 0 0 0 0 0 0 0 0 0 0 0 0 0 0 0 0 0 0 0 0 0 0 0 0 data 20 0x10002 0xcf7 0xb0007 0xb36 0x38 0x1c1 0x110003 0x1c1 0x18 0x0 0x0 0x0 0x0 0x0 0x0 0x9 0x3 0x6 0x0 0x0 oops 0 methods 0
ciMethodData java/util/Objects hashCode (Ljava/lang/Object;)I 2 2768 orig 80 0 0 0 0 0 0 0 0 0 0 0 0 215 2 0 0 0 0 0 0 0 0 0 0 0 0 0 0 0 0 0 0 0 0 0 0 0 0 0 0 0 0 0 0 0 0 0 0 0 0 0 0 0 0 0 0 0 0 0 0 0 0 0 0 0 0 0 0 0 0 0 0 0 0 0 0 0 0 0 0 data 23 0x10007 0x0 0x70 0xad0 0x50005 0x1a 0x0 0x2d7744309b8 0x75d 0x2d77442e1b8 0x359 0x80003 0xad0 0x18 0x0 0x0 0x0 0x0 0x0 0x0 0x9 0x1 0x0 oops 2 7 java/lang/invoke/MethodType 9 java/lang/Class methods 0
ciMethodData jdk/internal/util/ReferencedKeyMap get (Ljava/lang/Object;)Ljava/lang/Object; 2 7084 orig 80 0 0 0 0 0 0 0 0 0 0 0 0 215 2 0 0 0 0 0 0 0 0 0 0 0 0 0 0 0 0 0 0 0 0 0 0 0 0 0 0 0 0 0 0 0 0 0 0 0 0 0 0 0 0 0 0 0 0 0 0 0 0 0 0 0 0 0 0 0 0 0 0 0 0 0 0 0 0 0 0 data 24 0x10005 0x1bac 0x0 0x0 0x0 0x0 0x0 0x60005 0x1bac 0x0 0x0 0x0 0x0 0x0 0x0 0x0 0x0 0x0 0x0 0x0 0x9 0x2 0x0 0x0 oops 0 methods 0
ciMethodData jdk/internal/util/ReferencedKeyMap getNoCheckStale (Ljava/lang/Object;)Ljava/lang/Object; 2 7082 orig 80 0 0 0 0 0 0 0 0 0 0 0 0 215 2 0 0 0 0 0 0 0 0 0 0 0 0 0 0 0 0 0 0 0 0 0 0 0 0 0 0 0 0 0 0 0 0 0 0 0 0 0 0 0 0 0 0 0 0 0 0 0 0 0 0 0 0 0 0 0 0 0 0 0 0 0 0 0 0 0 0 data 26 0x30002 0x1baa 0xd0005 0x1baa 0x0 0x0 0x0 0x0 0x0 0x100005 0x0 0x0 0x2d774431928 0x1baa 0x0 0x0 0x0 0x0 0x0 0x0 0x0 0x0 0x9 0x2 0x0 0x0 oops 1 12 java/util/concurrent/ConcurrentHashMap methods 0
ciMethodData jdk/internal/util/ReferencedKeyMap lookupKey (Ljava/lang/Object;)Ljdk/internal/util/ReferenceKey; 2 8959 orig 80 0 0 0 0 0 0 0 0 0 0 0 0 215 2 0 0 0 0 0 0 0 0 0 0 0 0 0 0 0 0 0 0 0 0 0 0 0 0 0 0 0 0 0 0 0 0 0 0 0 0 0 0 0 0 0 0 0 0 0 0 0 0 0 0 0 0 0 0 0 0 0 0 0 0 0 0 0 0 0 0 data 8 0x50002 0x22ff 0x0 0x0 0x9 0x2 0x0 0x0 oops 0 methods 0
ciMethodData jdk/internal/util/StrongReferenceKey <init> (Ljava/lang/Object;)V 2 8959 orig 80 0 0 0 0 0 0 0 0 0 0 0 0 215 2 0 0 0 0 0 0 0 0 0 0 0 0 0 0 0 0 0 0 0 0 0 0 0 0 0 0 0 0 0 0 0 0 0 0 0 0 0 0 0 0 0 0 0 0 0 0 0 0 0 0 0 0 0 0 0 0 0 0 0 0 0 0 0 0 0 0 data 10 0x10002 0x22ff 0x0 0x0 0x0 0x0 0x9 0x2 0x0 0x0 oops 0 methods 0
ciMethodData java/lang/invoke/MethodType hashCode ()I 2 5314 orig 80 0 0 0 0 0 0 0 0 0 0 0 0 215 2 0 0 0 0 0 0 0 0 0 0 0 0 0 0 0 0 0 0 0 0 0 0 0 0 0 0 0 0 0 0 0 0 0 0 0 0 0 0 0 0 0 0 0 0 0 0 0 0 0 0 0 0 0 0 0 0 0 0 0 0 0 0 0 0 0 0 data 30 0x60005 0x0 0x0 0x2d77442e1b8 0x14c2 0x0 0x0 0x190007 0x14c2 0x70 0x2037 0x280005 0x0 0x0 0x2d77442e1b8 0x2037 0x0 0x0 0x300003 0x2037 0xffffffffffffffa8 0x0 0x0 0x0 0x0 0x0 0x0 0x9 0x1 0x0 oops 2 3 java/lang/Class 14 java/lang/Class methods 0
ciMethodData jdk/internal/util/StrongReferenceKey hashCode ()I 2 6562 orig 80 0 0 0 0 0 0 0 0 0 0 0 0 215 2 0 0 0 0 0 0 0 0 0 0 0 0 0 0 0 0 0 0 0 0 0 0 0 0 0 0 0 0 0 0 0 0 0 0 0 0 0 0 0 0 0 0 0 0 0 0 0 0 0 0 0 0 0 0 0 0 0 0 0 0 0 0 0 0 0 0 data 23 0x10005 0x19a2 0x0 0x0 0x0 0x0 0x0 0x40005 0x0 0x0 0x2d7744309b8 0x1448 0x2d774bd1ba8 0x55a 0x0 0x0 0x0 0x0 0x0 0x0 0x9 0x1 0x0 oops 2 10 java/lang/invoke/MethodType 12 jdk/internal/util/StrongReferenceKey methods 0
ciMethodData java/lang/invoke/MethodType checkSlotCount (I)V 2 5397 orig 80 0 0 0 0 0 0 0 0 0 0 0 0 215 2 0 0 0 0 0 0 0 0 0 0 0 0 0 0 0 0 0 0 0 0 0 0 0 0 0 0 0 0 0 0 0 0 0 0 0 0 0 0 0 0 0 0 0 0 0 0 0 0 0 0 0 0 0 0 0 0 0 0 0 0 0 0 0 0 0 0 data 38 0x60007 0x1515 0xe8 0x0 0xd0002 0x0 0x120005 0x0 0x0 0x0 0x0 0x0 0x0 0x160005 0x0 0x0 0x0 0x0 0x0 0x0 0x190005 0x0 0x0 0x0 0x0 0x0 0x0 0x1c0002 0x0 0x0 0x0 0x0 0x0 0x0 0x0 0x9 0x1 0x0 oops 0 methods 0
ciMethodData java/lang/invoke/MethodHandleStatics newIllegalArgumentException (Ljava/lang/String;)Ljava/lang/RuntimeException; 1 0 orig 80 0 0 0 0 0 0 0 0 0 0 0 0 215 2 0 0 0 0 0 0 0 0 0 0 0 0 0 0 0 0 0 0 0 0 0 0 0 0 0 0 0 0 0 0 0 0 0 0 0 0 0 0 0 0 0 0 0 0 0 0 0 0 0 0 0 0 0 0 0 0 0 0 0 0 0 0 0 0 0 0 data 8 0x50002 0x0 0x0 0x0 0x0 0x9 0x1 0x0 oops 0 methods 0
ciMethodData java/lang/invoke/MethodTypeForm canonicalize (Ljava/lang/Class;I)Ljava/lang/Class; 2 5127 orig 80 0 0 0 0 0 0 0 0 0 0 0 0 215 2 0 0 0 0 0 0 0 0 0 0 0 0 0 0 0 0 0 0 0 0 0 0 0 0 0 0 0 0 0 0 0 0 0 0 0 0 0 0 0 0 0 0 0 0 0 0 0 0 0 0 0 0 0 0 0 0 0 0 0 0 0 0 0 0 0 0 data 51 0x30007 0x107b 0x38 0x38c 0x60003 0x38c 0x128 0xa0005 0x107b 0x0 0x0 0x0 0x0 0x0 0xd0007 0x4cb 0xa8 0xbb0 0x110008 0x6 0x0 0x70 0xbb0 0x70 0x0 0x40 0x2d0002 0x0 0x330007 0x0 0x20 0x0 0x3b0003 0x0 0x48 0x400007 0x4cb 0x30 0x0 0x440002 0x0 0x0 0x0 0x0 0x0 0x0 0x0 0x9 0x2 0x0 0x0 oops 0 methods 0
ciMethodData sun/invoke/util/Wrapper forPrimitiveType (Ljava/lang/Class;)Lsun/invoke/util/Wrapper; 2 1034 orig 80 0 0 0 0 0 0 0 0 0 0 0 0 215 2 0 0 0 0 0 0 0 0 0 0 0 0 0 0 0 0 0 0 0 0 0 0 0 0 0 0 0 0 0 0 0 0 0 0 0 0 0 0 0 0 0 0 0 0 0 0 0 0 0 0 0 0 0 0 0 0 0 0 0 0 0 0 0 0 0 0 data 76 0x40007 0x280 0x20 0x18a 0xf0007 0xf6 0x20 0x18a 0x1a0007 0xcb 0x20 0x2b 0x250007 0xbc 0x20 0xf 0x300007 0xb7 0x20 0x5 0x3b0007 0x7d 0x20 0x3a 0x460007 0x58 0x20 0x25 0x510007 0x33 0x20 0x25 0x5c0007 0x0 0x20 0x33 0x670002 0x0 0x6c0005 0x0 0x0 0x0 0x0 0x0 0x0 0x700005 0x0 0x0 0x0 0x0 0x0 0x0 0x730005 0x0 0x0 0x0 0x0 0x0 0x0 0x760002 0x0 0x0 0x0 0x0 0x0 0x0 0x0 0x0 0x0 0x0 0x0 0x0 0x0 0x9 0x1 0xffffffffffffffff oops 0 methods 0
ciMethodData java/lang/invoke/MethodType makeImpl (Ljava/lang/Class;[Ljava/lang/Class;Z)Ljava/lang/invoke/MethodType; 2 5120 orig 80 0 0 0 0 0 0 0 0 0 0 0 0 215 2 0 0 0 0 0 0 0 0 0 0 0 0 0 0 0 0 0 0 0 0 0 0 0 0 0 0 0 0 0 0 0 0 0 0 0 0 0 0 0 0 0 0 0 0 0 0 0 0 0 0 0 0 0 0 0 0 0 0 0 0 0 0 0 0 0 0 data 75 0x20007 0xed3 0x20 0x52d 0x110002 0x1400 0x190005 0x1400 0x0 0x0 0x0 0x0 0x0 0x1c0104 0x0 0x0 0x2d7744309b8 0xcd0 0x0 0x0 0x230007 0x730 0x20 0xcd0 0x2a0002 0x730 0x2f0007 0x8 0x48 0x728 0x330002 0x728 0x3a0003 0x728 0x80 0x400002 0x8 0x430004 0x0 0x0 0x2d774bfb7a8 0x8 0x0 0x0 0x480002 0x8 0x520002 0x8 0x5b0002 0x730 0x660005 0x730 0x0 0x0 0x0 0x0 0x0 0x690004 0x0 0x0 0x2d7744309b8 0x730 0x0 0x0 0x0 0x0 0x0 0x0 0x0 0x0 0x9 0x3 0x0 0x0 0x0 oops 3 16 java/lang/invoke/MethodType 40 [Ljava/lang/Class; 60 java/lang/invoke/MethodType methods 0
ciMethodData java/lang/invoke/MethodType <init> (Ljava/lang/Class;[Ljava/lang/Class;)V 2 5128 orig 80 0 0 0 0 0 0 0 0 0 0 0 0 215 2 0 0 0 0 0 0 0 0 0 0 0 0 0 0 0 0 0 0 0 0 0 0 0 0 0 0 0 0 0 0 0 0 0 0 0 0 0 0 0 0 0 0 0 0 0 0 0 0 0 0 0 0 0 0 0 0 0 0 0 0 0 0 0 0 0 0 data 11 0x10002 0x1408 0x0 0x0 0x0 0x0 0x9 0x3 0x6 0x0 0x0 oops 0 methods 0
ciMethodData jdk/internal/util/ReferencedKeySet get (Ljava/lang/Object;)Ljava/lang/Object; 2 5120 orig 80 0 0 0 0 0 0 0 0 0 0 0 0 215 2 0 0 0 0 0 0 0 0 0 0 0 0 0 0 0 0 0 0 0 0 0 0 0 0 0 0 0 0 0 0 0 0 0 0 0 0 0 0 0 0 0 0 0 0 0 0 0 0 0 0 0 0 0 0 0 0 0 0 0 0 0 0 0 0 0 0 data 38 0x50005 0x1400 0x0 0x0 0x0 0x0 0x0 0x80104 0x0 0x0 0x2d7744b9bb0 0xcd0 0x0 0x0 0xd0007 0xcd0 0x38 0x730 0x110003 0x730 0x50 0x150005 0x0 0x0 0x2d7744b9bb0 0xcd0 0x0 0x0 0x0 0x0 0x0 0x0 0x0 0x0 0x9 0x2 0x0 0x0 oops 2 10 jdk/internal/util/WeakReferenceKey 24 jdk/internal/util/WeakReferenceKey methods 0
ciMethodData java/lang/invoke/MethodType checkPtypes ([Ljava/lang/Class;)I 2 2749 orig 80 0 0 0 0 0 0 0 0 0 0 0 0 215 2 0 0 0 0 0 0 0 0 0 0 0 0 0 0 0 0 0 0 0 0 0 0 0 0 0 0 0 0 0 0 0 0 0 0 0 0 0 0 0 0 0 0 0 0 0 0 0 0 0 0 0 0 0 0 0 0 0 0 0 0 0 0 0 0 0 0 data 34 0xd0007 0xabd 0xb8 0x10f9 0x180002 0x10f9 0x210007 0x10f9 0x30 0x0 0x260002 0x0 0x2f0007 0x21 0x40 0x10d8 0x370007 0x1030 0x20 0xa8 0x400003 0x10f9 0xffffffffffffff60 0x470002 0xabd 0x0 0x0 0x0 0x0 0x0 0x0 0x9 0x1 0x0 oops 0 methods 0
ciMethodData java/util/Arrays copyOf ([Ljava/lang/Object;I)[Ljava/lang/Object; 2 3837 orig 80 0 0 0 0 0 0 0 0 0 0 0 0 215 2 0 0 0 0 0 0 0 0 0 0 0 0 0 0 0 0 0 0 0 0 0 0 0 0 0 0 0 0 0 0 0 0 0 0 0 0 0 0 0 0 0 0 0 0 0 0 0 0 0 0 0 0 0 0 0 0 0 0 0 0 0 0 0 0 0 0 data 19 0x30005 0xefd 0x0 0x0 0x0 0x0 0x0 0x60002 0xefd 0x0 0x0 0x0 0x0 0x0 0x0 0x9 0x2 0xffffffffffffffff 0x0 oops 0 methods 0
ciMethodData java/util/Arrays copyOf ([Ljava/lang/Object;ILjava/lang/Class;)[Ljava/lang/Object; 2 4481 orig 80 0 0 0 0 0 0 0 0 0 0 0 0 215 2 0 0 0 0 0 0 0 0 0 0 0 0 0 0 0 0 0 0 0 0 0 0 0 0 0 0 0 0 0 0 0 0 0 0 0 0 0 0 0 0 0 0 0 0 0 0 0 0 0 0 0 0 0 0 0 0 0 0 0 0 0 0 0 0 0 0 data 38 0x30007 0x119 0x38 0x1068 0xa0003 0x1068 0x98 0xe0005 0x119 0x0 0x0 0x0 0x0 0x0 0x120002 0x119 0x150004 0x0 0x0 0x2d7748b8438 0xee 0x2d774bfb7a8 0x2a 0x200002 0x1181 0x230002 0x1181 0x0 0x0 0x0 0x0 0x0 0x0 0x9 0x3 0xffffffffffffffff 0x0 0xffffffffffffffff oops 2 19 [Ljava/lang/invoke/LambdaForm$Name; 21 [Ljava/lang/Class; methods 0
ciMethodData java/lang/invoke/MethodTypeForm findForm (Ljava/lang/invoke/MethodType;)Ljava/lang/invoke/MethodTypeForm; 2 1840 orig 80 0 0 0 0 0 0 0 0 0 0 0 0 215 2 0 0 0 0 0 0 0 0 0 0 0 0 0 0 0 0 0 0 0 0 0 0 0 0 0 0 0 0 0 0 0 0 0 0 0 0 0 0 0 0 0 0 0 0 0 0 0 0 0 0 0 0 0 0 0 0 0 0 0 0 0 0 0 0 0 0 data 24 0x20002 0x730 0x70007 0x657 0x30 0xd9 0xf0002 0xd9 0x140005 0x657 0x0 0x0 0x0 0x0 0x0 0x0 0x0 0x0 0x0 0x0 0x0 0x9 0x1 0x0 oops 0 methods 0
ciMethodData java/lang/invoke/MethodTypeForm canonicalize (Ljava/lang/invoke/MethodType;I)Ljava/lang/invoke/MethodType; 2 1840 orig 80 0 0 0 0 0 0 0 0 0 0 0 0 215 2 0 0 0 0 0 0 0 0 0 0 0 0 0 0 0 0 0 0 0 0 0 0 0 0 0 0 0 0 0 0 0 0 0 0 0 0 0 0 0 0 0 0 0 0 0 0 0 0 0 0 0 0 0 0 0 0 0 0 0 0 0 0 0 0 0 0 data 46 0x10005 0x730 0x0 0x0 0x0 0x0 0x0 0x70002 0x730 0xc0005 0x730 0x0 0x0 0x0 0x0 0x0 0x140002 0x730 0x1a0007 0x508 0x40 0x228 0x1f0007 0x14f 0x20 0xd9 0x260007 0x448 0x20 0x20f 0x2e0007 0x508 0x20 0x14f 0x370002 0x657 0x0 0x0 0x0 0x0 0x0 0x0 0x9 0x2 0x0 0x0 oops 0 methods 0
ciMethodData java/lang/invoke/MethodTypeForm <init> (Ljava/lang/invoke/MethodType;)V 1 217 orig 80 0 0 0 0 0 0 0 0 0 0 0 0 215 2 0 0 0 0 0 0 0 0 0 0 0 0 0 0 0 0 0 0 0 0 0 0 0 0 0 0 0 0 0 0 0 0 0 0 0 0 0 0 0 0 0 0 0 0 0 0 0 0 0 0 0 0 0 0 0 0 0 0 0 0 0 0 0 0 0 0 data 154 0x10002 0xd9 0xa0005 0xd9 0x0 0x0 0x0 0x0 0x0 0x260007 0xd9 0x200 0x2fa 0x340007 0x19c 0x1c8 0x15e 0x400002 0x15e 0x470005 0x15e 0x0 0x0 0x0 0x0 0x0 0x4a0007 0xf0 0x20 0x6e 0x560005 0x15e 0x0 0x0 0x0 0x0 0x0 0x590007 0x84 0x108 0xda 0x610007 0xa7 0xe8 0x33 0x680007 0xe 0x90 0x25 0x6d0005 0x0 0x0 0x2d774bfb7a8 0x25 0x0 0x0 0x700004 0x0 0x0 0x2d774bfb7a8 0x25 0x0 0x0 0x7c0004 0x0 0x0 0x2d77442e1b8 0x33 0x0 0x0 0x800003 0x2fa 0xfffffffffffffe18 0x890005 0xd9 0x0 0x0 0x0 0x0 0x0 0x960007 0x34 0xa8 0xa5 0xa20002 0xa5 0xa90005 0xa5 0x0 0x0 0x0 0x0 0x0 0xac0007 0x5a 0x40 0x4b 0xb40007 0x2b 0x20 0x20 0xc00007 0x25 0x88 0xb4 0xc70007 0x15 0x68 0x9f 0xd30007 0x9f 0x30 0x0 0xd80002 0x0 0xf90003 0x9f 0xb0 0x1020002 0x3a 0x10c0005 0x3a 0x0 0x0 0x0 0x0 0x0 0x1140007 0x3a 0x50 0x0 0x11a0007 0x0 0x30 0x0 0x1210002 0x0 0x0 0x0 0x0 0x0 0x0 0x0 0x0 0x0 0x0 0x0 0x0 0x0 0x0 0x9 0x2 0x0 0x0 oops 3 52 [Ljava/lang/Class; 59 [Ljava/lang/Class; 66 java/lang/Class methods 0
ciMethodData jdk/internal/util/ReferencedKeySet intern (Ljava/lang/Object;)Ljava/lang/Object; 2 1843 orig 80 0 0 0 0 0 0 0 0 0 0 0 0 215 2 0 0 0 0 0 0 0 0 0 0 0 0 0 0 0 0 0 0 0 0 0 0 0 0 0 0 0 0 0 0 0 0 0 0 0 0 0 0 0 0 0 0 0 0 0 0 0 0 0 0 0 0 0 0 0 0 0 0 0 0 0 0 0 0 0 0 data 12 0x50002 0x733 0x0 0x0 0x0 0x0 0x0 0x0 0x9 0x2 0x0 0x0 oops 0 methods 0
ciMethodData jdk/internal/util/ReferencedKeyMap intern (Ljdk/internal/util/ReferencedKeyMap;Ljava/lang/Object;)Ljava/lang/Object; 2 1843 orig 80 0 0 0 0 0 0 0 0 0 0 0 0 215 2 0 0 0 0 0 0 0 0 0 0 0 0 0 0 0 0 0 0 0 0 0 0 0 0 0 0 0 0 0 0 0 0 0 0 0 0 0 0 0 0 0 0 0 0 0 0 0 0 0 0 0 0 0 0 0 0 0 0 0 0 0 0 0 0 0 0 data 18 0x20002 0x733 0x70007 0x733 0x20 0x0 0xe0002 0x733 0x0 0x0 0x0 0x0 0x0 0x0 0x9 0x2 0x0 0x0 oops 0 methods 0
ciMethodData jdk/internal/util/ReferencedKeyMap existingKey (Ljdk/internal/util/ReferencedKeyMap;Ljava/lang/Object;)Ljava/lang/Object; 2 1843 orig 80 0 0 0 0 0 0 0 0 0 0 0 0 215 2 0 0 0 0 0 0 0 0 0 0 0 0 0 0 0 0 0 0 0 0 0 0 0 0 0 0 0 0 0 0 0 0 0 0 0 0 0 0 0 0 0 0 0 0 0 0 0 0 0 0 0 0 0 0 0 0 0 0 0 0 0 0 0 0 0 0 data 52 0x10005 0x733 0x0 0x0 0x0 0x0 0x0 0x70005 0x733 0x0 0x0 0x0 0x0 0x0 0xa0005 0x733 0x0 0x0 0x0 0x0 0x0 0xd0104 0x0 0x0 0x0 0x0 0x0 0x0 0x120007 0x733 0x70 0x0 0x160005 0x0 0x0 0x0 0x0 0x0 0x0 0x1b0003 0x0 0x18 0x0 0x0 0x0 0x0 0x0 0x0 0x9 0x2 0x0 0x0 oops 0 methods 0
ciMethodData jdk/internal/util/ReferencedKeyMap internKey (Ljdk/internal/util/ReferencedKeyMap;Ljava/lang/Object;)Ljava/lang/Object; 2 1843 orig 80 0 0 0 0 0 0 0 0 0 0 0 0 215 2 0 0 0 0 0 0 0 0 0 0 0 0 0 0 0 0 0 0 0 0 0 0 0 0 0 0 0 0 0 0 0 0 0 0 0 0 0 0 0 0 0 0 0 0 0 0 0 0 0 0 0 0 0 0 0 0 0 0 0 0 0 0 0 0 0 0 data 64 0x20005 0x733 0x0 0x0 0x0 0x0 0x0 0x70005 0x733 0x0 0x0 0x0 0x0 0x0 0x100005 0x0 0x0 0x2d774431928 0x733 0x0 0x0 0x150104 0x0 0x0 0x0 0x0 0x0 0x0 0x1c0007 0x0 0x20 0x733 0x230005 0x0 0x0 0x0 0x0 0x0 0x0 0x2a0007 0x0 0x58 0x0 0x2e0005 0x0 0x0 0x0 0x0 0x0 0x0 0x340007 0x0 0xfffffffffffffea8 0x0 0x0 0x0 0x0 0x0 0x0 0x0 0x9 0x2 0x0 0x0 oops 1 17 java/util/concurrent/ConcurrentHashMap methods 0
ciMethodData java/lang/invoke/MethodType methodType (Ljava/lang/Class;[Ljava/lang/Class;Z)Ljava/lang/invoke/MethodType; 2 5089 orig 80 0 0 0 0 0 0 0 0 0 0 0 0 215 2 0 0 0 0 0 0 0 0 0 0 0 0 0 0 0 0 0 0 0 0 0 0 0 0 0 0 0 0 0 0 0 0 0 0 0 0 0 0 0 0 0 0 0 0 0 0 0 0 0 0 0 0 0 0 0 0 0 0 0 0 0 0 0 0 0 0 data 41 0x30007 0xeb0 0xe0 0x531 0xc0007 0x40a 0x30 0x127 0x110002 0x127 0x170002 0x40a 0x1a0007 0x4f 0x80 0x3bb 0x260007 0x45 0x30 0x376 0x2d0002 0x376 0x350007 0x45 0x30 0x0 0x3a0002 0x0 0x410002 0xf44 0x0 0x0 0x0 0x0 0x0 0x0 0x9 0x3 0x0 0x0 0x0 oops 0 methods 0
ciMethodData java/lang/invoke/MethodType genericMethodType (IZ)Ljava/lang/invoke/MethodType; 2 1641 orig 80 0 0 0 0 0 0 0 0 0 0 0 0 215 2 0 0 0 0 0 0 0 0 0 0 0 0 0 0 0 0 0 0 0 0 0 0 0 0 0 0 0 0 0 0 0 0 0 0 0 0 0 0 0 0 0 0 0 0 0 0 0 0 0 0 0 0 0 0 0 0 0 0 0 0 0 0 0 0 0 0 data 53 0x10002 0x669 0x50007 0x0 0x38 0x669 0x90003 0x669 0x18 0x1b0007 0x0 0x40 0x669 0x260007 0x1 0x20 0x668 0x370002 0x1 0x3b0007 0x1 0x58 0x0 0x430004 0x0 0x0 0x0 0x0 0x0 0x0 0x490002 0x1 0x530007 0x0 0x58 0x1 0x5c0004 0x0 0x0 0x2d7744309b8 0x1 0x0 0x0 0x0 0x0 0x0 0x0 0x0 0x0 0x9 0x2 0x0 0x0 oops 1 39 java/lang/invoke/MethodType methods 0
ciMethodData java/lang/invoke/MethodType isAllObject ([Ljava/lang/Class;I)Z 2 1036 orig 80 0 0 0 0 0 0 0 0 0 0 0 0 215 2 0 0 0 0 0 0 0 0 0 0 0 0 0 0 0 0 0 0 0 0 0 0 0 0 0 0 0 0 0 0 0 0 0 0 0 0 0 0 0 0 0 0 0 0 0 0 0 0 0 0 0 0 0 0 0 0 0 0 0 0 0 0 0 0 0 0 data 21 0x40007 0x3bd 0x58 0x390 0xc0007 0x341 0x20 0x4f 0x140003 0x341 0xffffffffffffffc0 0x0 0x0 0x0 0x0 0x0 0x0 0x9 0x2 0x0 0x0 oops 0 methods 0
ciMethodData java/lang/Class getComponentType ()Ljava/lang/Class; 1 961 orig 80 0 0 0 0 0 0 0 0 0 0 0 0 215 2 0 0 0 0 0 0 0 0 0 0 0 0 0 0 0 0 0 0 0 0 0 0 0 0 0 0 0 0 0 0 0 0 0 0 0 0 0 0 0 0 0 0 0 0 0 0 0 0 0 0 0 0 0 0 0 0 0 0 0 0 0 0 0 0 0 0 data 20 0x10005 0x3c1 0x0 0x0 0x0 0x0 0x0 0x40007 0x0 0x20 0x3c1 0x0 0x0 0x0 0x0 0x0 0x0 0x9 0x1 0xffffffffffffffff oops 0 methods 0
ciMethodData java/lang/ref/WeakReference <init> (Ljava/lang/Object;Ljava/lang/ref/ReferenceQueue;)V 2 2262 orig 80 0 0 0 0 0 0 0 0 0 0 0 0 215 2 0 0 0 0 0 0 0 0 0 0 0 0 0 0 0 0 0 0 0 0 0 0 0 0 0 0 0 0 0 0 0 0 0 0 0 0 0 0 0 0 0 0 0 0 0 0 0 0 0 0 0 0 0 0 0 0 0 0 0 0 0 0 0 0 0 0 data 9 0x30002 0x8d6 0x0 0x0 0x9 0x3 0x6 0x0 0x0 oops 0 methods 0
ciMethodData jdk/internal/util/StrongReferenceKey equals (Ljava/lang/Object;)Z 2 3152 orig 80 0 0 0 0 0 0 0 0 0 0 0 0 215 2 0 0 0 0 0 0 0 0 0 0 0 0 0 0 0 0 0 0 0 0 0 0 0 0 0 0 0 0 0 0 0 0 0 0 0 0 0 0 0 0 0 0 0 0 0 0 0 0 0 0 0 0 0 0 0 0 0 0 0 0 0 0 0 0 0 0 data 44 0x10004 0x0 0x0 0x2d7744b9bb0 0xc50 0x0 0x0 0x40007 0x0 0x90 0xc50 0x80004 0x0 0x0 0x2d7744b9bb0 0xc50 0x0 0x0 0xd0005 0x0 0x0 0x2d7744b9bb0 0xc50 0x0 0x0 0x140005 0xc50 0x0 0x0 0x0 0x0 0x0 0x180002 0xc50 0x0 0x0 0x0 0x0 0x0 0x0 0x9 0x2 0x0 0x0 oops 3 3 jdk/internal/util/WeakReferenceKey 14 jdk/internal/util/WeakReferenceKey 21 jdk/internal/util/WeakReferenceKey methods 0
ciMethodData java/lang/invoke/MethodTypeForm canonicalizeAll ([Ljava/lang/Class;I)[Ljava/lang/Class; 2 1724 orig 80 0 0 0 0 0 0 0 0 0 0 0 0 215 2 0 0 0 0 0 0 0 0 0 0 0 0 0 0 0 0 0 0 0 0 0 0 0 0 0 0 0 0 0 0 0 0 0 0 0 0 0 0 0 0 0 0 0 0 0 0 0 0 0 0 0 0 0 0 0 0 0 0 0 0 0 0 0 0 0 0 data 52 0xb0007 0x6bc 0x150 0xc62 0x130002 0xc62 0x1a0007 0x4e6 0x108 0x77c 0x220007 0x0 0xe8 0x77c 0x260007 0x2b8 0x90 0x4c4 0x2a0005 0x0 0x0 0x2d774bfb7a8 0x4c4 0x0 0x0 0x2d0004 0x0 0x0 0x2d774bfb7a8 0x4c4 0x0 0x0 0x360004 0x0 0x0 0x2d77442e1b8 0x77c 0x0 0x0 0x3a0003 0xc62 0xfffffffffffffec8 0x0 0x0 0x0 0x0 0x0 0x0 0x9 0x2 0x0 0x0 oops 3 21 [Ljava/lang/Class; 28 [Ljava/lang/Class; 35 java/lang/Class methods 0
ciMethodData jdk/internal/util/ReferencedKeyMap entryKey (Ljava/lang/Object;)Ljdk/internal/util/ReferenceKey; 2 1718 orig 80 0 0 0 0 0 0 0 0 0 0 0 0 215 2 0 0 0 0 0 0 0 0 0 0 0 0 0 0 0 0 0 0 0 0 0 0 0 0 0 0 0 0 0 0 0 0 0 0 0 0 0 0 0 0 0 0 0 0 0 0 0 0 0 0 0 0 0 0 0 0 0 0 0 0 0 0 0 0 0 0 data 16 0x40007 0x6b6 0x30 0x0 0x100002 0x0 0x1d0002 0x6b6 0x0 0x0 0x0 0x0 0x9 0x2 0x0 0x0 oops 0 methods 0
ciMethodData jdk/internal/util/WeakReferenceKey <init> (Ljava/lang/Object;Ljava/lang/ref/ReferenceQueue;)V 2 1718 orig 80 0 0 0 0 0 0 0 0 0 0 0 0 215 2 0 0 0 0 0 0 0 0 0 0 0 0 0 0 0 0 0 0 0 0 0 0 0 0 0 0 0 0 0 0 0 0 0 0 0 0 0 0 0 0 0 0 0 0 0 0 0 0 0 0 0 0 0 0 0 0 0 0 0 0 0 0 0 0 0 0 data 15 0x30002 0x6b6 0x80002 0x6b6 0x0 0x0 0x0 0x0 0x0 0x0 0x9 0x3 0x1e 0x0 0x0 oops 0 methods 0
ciMethodData java/lang/StringBuilder append (Ljava/lang/Object;)Ljava/lang/StringBuilder; 1 0 orig 80 0 0 0 0 0 0 0 0 0 0 0 0 215 2 0 0 0 0 0 0 0 0 0 0 0 0 0 0 0 0 0 0 0 0 0 0 0 0 0 0 0 0 0 0 0 0 0 0 0 0 0 0 0 0 0 0 0 0 0 0 0 0 0 0 0 0 0 0 0 0 0 0 0 0 0 0 0 0 0 0 data 19 0x20002 0x0 0x50005 0x0 0x0 0x0 0x0 0x0 0x0 0x0 0x0 0x0 0x0 0x0 0x0 0x9 0x2 0xffffffffffffffff 0xffffffffffffffff oops 0 methods 0
ciMethodData java/lang/String valueOf (Ljava/lang/Object;)Ljava/lang/String; 1 39 orig 80 0 0 0 0 0 0 0 0 0 0 0 0 215 2 0 0 0 0 0 0 0 0 0 0 0 0 0 0 0 0 0 0 0 0 0 0 0 0 0 0 0 0 0 0 0 0 0 0 0 0 0 0 0 0 0 0 0 0 0 0 0 0 0 0 0 0 0 0 0 0 0 0 0 0 0 0 0 0 0 0 data 23 0x10007 0x27 0x38 0x0 0x70003 0x0 0x50 0xb0005 0x0 0x0 0x2d77442e128 0x27 0x0 0x0 0x0 0x0 0x0 0x0 0x0 0x0 0x9 0x1 0xffffffffffffffff oops 1 10 java/lang/String methods 0
ciMethodData sun/invoke/util/Wrapper isSubwordOrInt ()Z 1 453 orig 80 0 0 0 0 0 0 0 0 0 0 0 0 215 2 0 0 0 0 0 0 0 0 0 0 0 0 0 0 0 0 0 0 0 0 0 0 0 0 0 0 0 0 0 0 0 0 0 0 0 0 0 0 0 0 0 0 0 0 0 0 0 0 0 0 0 0 0 0 0 0 0 0 0 0 0 0 0 0 0 0 data 34 0x10005 0x1c5 0x0 0x0 0x0 0x0 0x0 0x40007 0x40 0x90 0x185 0x80005 0x185 0x0 0x0 0x0 0x0 0x0 0xb0007 0x9a 0x38 0xeb 0xf0003 0xeb 0x18 0x0 0x0 0x0 0x0 0x0 0x0 0x9 0x1 0x0 oops 0 methods 0
ciMethodData sun/invoke/util/Wrapper isIntegral ()Z 1 453 orig 80 0 0 0 0 0 0 0 0 0 0 0 0 215 2 0 0 0 0 0 0 0 0 0 0 0 0 0 0 0 0 0 0 0 0 0 0 0 0 0 0 0 0 0 0 0 0 0 0 0 0 0 0 0 0 0 0 0 0 0 0 0 0 0 0 0 0 0 0 0 0 0 0 0 0 0 0 0 0 0 0 data 27 0x10005 0x1c5 0x0 0x0 0x0 0x0 0x0 0x40007 0xe 0x58 0x1b7 0xe0007 0x32 0x38 0x185 0x120003 0x185 0x18 0x0 0x0 0x0 0x0 0x0 0x0 0x9 0x1 0x0 oops 0 methods 0
ciMethodData sun/invoke/util/Wrapper isNumeric ()Z 1 453 orig 80 0 0 0 0 0 0 0 0 0 0 0 0 215 2 0 0 0 0 0 0 0 0 0 0 0 0 0 0 0 0 0 0 0 0 0 0 0 0 0 0 0 0 0 0 0 0 0 0 0 0 0 0 0 0 0 0 0 0 0 0 0 0 0 0 0 0 0 0 0 0 0 0 0 0 0 0 0 0 0 0 data 13 0x70007 0xe 0x38 0x1b7 0xb0003 0x1b7 0x18 0x0 0x0 0x0 0x9 0x1 0x0 oops 0 methods 0
ciMethodData sun/invoke/util/Wrapper isSingleWord ()Z 1 389 orig 80 0 0 0 0 0 0 0 0 0 0 0 0 215 2 0 0 0 0 0 0 0 0 0 0 0 0 0 0 0 0 0 0 0 0 0 0 0 0 0 0 0 0 0 0 0 0 0 0 0 0 0 0 0 0 0 0 0 0 0 0 0 0 0 0 0 0 0 0 0 0 0 0 0 0 0 0 0 0 0 0 data 13 0x60007 0x9a 0x38 0xeb 0xa0003 0xeb 0x18 0x0 0x0 0x0 0x9 0x1 0x0 oops 0 methods 0
ciMethodData java/util/concurrent/ConcurrentHashMap replaceNode (Ljava/lang/Object;Ljava/lang/Object;Ljava/lang/Object;)Ljava/lang/Object; 1 464 orig 80 0 0 0 0 0 0 0 0 0 0 0 0 215 2 0 0 0 0 0 0 0 0 0 0 0 0 0 0 0 0 0 0 0 0 0 0 0 0 0 0 0 0 0 0 0 0 0 0 0 0 0 0 0 0 0 0 0 0 0 0 0 0 0 0 0 0 0 0 0 0 0 0 0 0 0 0 0 0 0 0 data 258 0x10005 0x1bc 0x0 0x2d774bcdcb8 0xb 0x2d77442e128 0x9 0x40002 0x1d0 0x110007 0x0 0x758 0x1d0 0x1a0007 0x0 0x738 0x1d0 0x290002 0x1d0 0x2f0007 0x1d0 0x38 0x0 0x320003 0x0 0x6e8 0x3e0007 0x1d0 0x70 0x0 0x460005 0x0 0x0 0x0 0x0 0x0 0x0 0x4b0003 0x0 0x660 0x5e0002 0x1d0 0x630007 0x0 0x588 0x1d0 0x680007 0x0 0x278 0x1d0 0x7c0007 0x89 0x208 0x1d0 0x880007 0x1d0 0x98 0x0 0x8d0007 0x0 0x1c8 0x0 0x930005 0x0 0x0 0x0 0x0 0x0 0x0 0x960007 0x0 0x170 0x0 0xa10007 0x1bb 0xb8 0x15 0xa70007 0x15 0x98 0x0 0xac0007 0x0 0x148 0x0 0xb20005 0x0 0x0 0x0 0x0 0x0 0x0 0xb50007 0x0 0xf0 0x0 0xbd0007 0x1be 0x38 0x12 0xc60003 0x12 0xb0 0xcb0007 0x155 0x38 0x69 0xd80003 0x69 0x78 0xe40002 0x155 0xe70003 0x155 0x50 0xf60007 0x89 0xfffffffffffffdf8 0x0 0xf90003 0x0 0x18 0xfc0003 0x1d0 0x308 0x1010004 0x0 0x0 0x0 0x0 0x0 0x0 0x1040007 0x0 0x250 0x0 0x10c0004 0x0 0x0 0x0 0x0 0x0 0x0 0x1190007 0x0 0x1e0 0x0 0x1220005 0x0 0x0 0x0 0x0 0x0 0x0 0x1280007 0x0 0x188 0x0 0x1330007 0x0 0xb8 0x0 0x1390007 0x0 0x98 0x0 0x13e0007 0x0 0x128 0x0 0x1440005 0x0 0x0 0x0 0x0 0x0 0x0 0x1470007 0x0 0xd0 0x0 0x14f0007 0x0 0x38 0x0 0x1580003 0x0 0x90 0x15f0005 0x0 0x0 0x0 0x0 0x0 0x0 0x1620007 0x0 0x40 0x0 0x16e0002 0x0 0x1710002 0x0 0x1740003 0x0 0x80 0x1790004 0x0 0x0 0x0 0x0 0x0 0x0 0x17c0007 0x0 0x30 0x0 0x1850002 0x0 0x18c0003 0x1d0 0x18 0x1990007 0x0 0x98 0x1d0 0x19e0007 0x0 0x90 0x1d0 0x1a20007 0x12 0x58 0x1be 0x1aa0005 0x1be 0x0 0x0 0x0 0x0 0x0 0x1b00003 0x0 0xfffffffffffff8c0 0x0 0x0 0x0 0x0 0x0 0x0 0x0 0x0 0x9 0x4 0x0 0x0 0x0 0x0 oops 2 3 jdk/internal/loader/AbstractClassLoaderValue$Sub 5 java/lang/String methods 0
ciMethodData java/util/concurrent/ConcurrentHashMap remove (Ljava/lang/Object;)Ljava/lang/Object; 1 443 orig 80 0 0 0 0 0 0 0 0 0 0 0 0 215 2 0 0 0 0 0 0 0 0 0 0 0 0 0 0 0 0 0 0 0 0 0 0 0 0 0 0 0 0 0 0 0 0 0 0 0 0 0 0 0 0 0 0 0 0 0 0 0 0 0 0 0 0 0 0 0 0 0 0 0 0 0 0 0 0 0 0 data 17 0x40005 0x1bb 0x0 0x0 0x0 0x0 0x0 0x0 0x0 0x0 0x0 0x0 0x0 0x9 0x2 0x0 0x0 oops 0 methods 0
compile java/lang/invoke/MethodType makeImpl (Ljava/lang/Class;[Ljava/lang/Class;Z)Ljava/lang/invoke/MethodType; -1 4 inline 181 0 -1 0 java/lang/invoke/MethodType makeImpl (Ljava/lang/Class;[Ljava/lang/Class;Z)Ljava/lang/invoke/MethodType; 1 17 0 java/lang/invoke/MethodType <init> (Ljava/lang/Class;[Ljava/lang/Class;)V 2 1 0 java/lang/Object <init> ()V 1 25 0 jdk/internal/util/ReferencedKeySet get (Ljava/lang/Object;)Ljava/lang/Object; 2 5 0 jdk/internal/util/ReferencedKeyMap get (Ljava/lang/Object;)Ljava/lang/Object; 3 1 0 jdk/internal/util/ReferencedKeyMap removeStaleReferences ()V 4 4 0 java/lang/ref/NativeReferenceQueue poll ()Ljava/lang/ref/Reference; 5 1 0 java/lang/ref/ReferenceQueue headIsNull ()Z 4 20 0 java/util/concurrent/ConcurrentHashMap remove (Ljava/lang/Object;)Ljava/lang/Object; 3 6 0 jdk/internal/util/ReferencedKeyMap getNoCheckStale (Ljava/lang/Object;)Ljava/lang/Object; 4 3 0 java/util/Objects requireNonNull (Ljava/lang/Object;Ljava/lang/String;)Ljava/lang/Object; 4 13 0 jdk/internal/util/ReferencedKeyMap lookupKey (Ljava/lang/Object;)Ljdk/internal/util/ReferenceKey; 5 5 0 jdk/internal/util/StrongReferenceKey <init> (Ljava/lang/Object;)V 6 1 0 java/lang/Object <init> ()V 4 16 0 java/util/concurrent/ConcurrentHashMap get (Ljava/lang/Object;)Ljava/lang/Object; 5 1 0 jdk/internal/util/StrongReferenceKey hashCode ()I 6 1 0 jdk/internal/util/StrongReferenceKey get ()Ljava/lang/Object; 6 4 0 java/lang/invoke/MethodType hashCode ()I 5 4 0 java/util/concurrent/ConcurrentHashMap spread (I)I 5 34 0 java/util/concurrent/ConcurrentHashMap tabAt ([Ljava/util/concurrent/ConcurrentHashMap$Node;I)Ljava/util/concurrent/ConcurrentHashMap$Node; 5 73 0 jdk/internal/util/StrongReferenceKey equals (Ljava/lang/Object;)Z 6 20 0 jdk/internal/util/StrongReferenceKey get ()Ljava/lang/Object; 6 24 0 java/util/Objects equals (Ljava/lang/Object;Ljava/lang/Object;)Z 5 149 0 jdk/internal/util/StrongReferenceKey equals (Ljava/lang/Object;)Z 6 20 0 jdk/internal/util/StrongReferenceKey get ()Ljava/lang/Object; 6 24 0 java/util/Objects equals (Ljava/lang/Object;Ljava/lang/Object;)Z 1 42 0 java/util/Objects requireNonNull (Ljava/lang/Object;)Ljava/lang/Object; 1 51 0 java/lang/invoke/MethodType checkPtypes ([Ljava/lang/Class;)I 2 24 0 java/util/Objects requireNonNull (Ljava/lang/Object;)Ljava/lang/Object; 2 71 0 java/lang/invoke/MethodType checkSlotCount (I)V 1 82 0 java/lang/invoke/MethodType <init> (Ljava/lang/Class;[Ljava/lang/Class;)V 2 1 0 java/lang/Object <init> ()V 1 91 0 java/lang/invoke/MethodTypeForm findForm (Ljava/lang/invoke/MethodType;)Ljava/lang/invoke/MethodTypeForm; 2 2 0 java/lang/invoke/MethodTypeForm canonicalize (Ljava/lang/invoke/MethodType;I)Ljava/lang/invoke/MethodType; 3 1 0 java/lang/invoke/MethodType ptypes ()[Ljava/lang/Class; 3 7 0 java/lang/invoke/MethodTypeForm canonicalizeAll ([Ljava/lang/Class;I)[Ljava/lang/Class; 4 19 0 java/lang/invoke/MethodTypeForm canonicalize (Ljava/lang/Class;I)Ljava/lang/Class; 3 12 0 java/lang/invoke/MethodType returnType ()Ljava/lang/Class; 3 20 0 java/lang/invoke/MethodTypeForm canonicalize (Ljava/lang/Class;I)Ljava/lang/Class; 3 55 0 java/lang/invoke/MethodType methodType (Ljava/lang/Class;[Ljava/lang/Class;Z)Ljava/lang/invoke/MethodType; 4 23 0 java/lang/invoke/MethodType isAllObject ([Ljava/lang/Class;I)Z 4 65 0 java/lang/invoke/MethodType makeImpl (Ljava/lang/Class;[Ljava/lang/Class;Z)Ljava/lang/invoke/MethodType; 5 17 0 java/lang/invoke/MethodType <init> (Ljava/lang/Class;[Ljava/lang/Class;)V 6 1 0 java/lang/Object <init> ()V 5 25 0 jdk/internal/util/ReferencedKeySet get (Ljava/lang/Object;)Ljava/lang/Object; 6 5 0 jdk/internal/util/ReferencedKeyMap get (Ljava/lang/Object;)Ljava/lang/Object; 7 1 0 jdk/internal/util/ReferencedKeyMap removeStaleReferences ()V 8 4 0 java/lang/ref/NativeReferenceQueue poll ()Ljava/lang/ref/Reference; 9 1 0 java/lang/ref/ReferenceQueue headIsNull ()Z 8 20 0 java/util/concurrent/ConcurrentHashMap remove (Ljava/lang/Object;)Ljava/lang/Object; 7 6 0 jdk/internal/util/ReferencedKeyMap getNoCheckStale (Ljava/lang/Object;)Ljava/lang/Object; 8 3 0 java/util/Objects requireNonNull (Ljava/lang/Object;Ljava/lang/String;)Ljava/lang/Object; 8 13 0 jdk/internal/util/ReferencedKeyMap lookupKey (Ljava/lang/Object;)Ljdk/internal/util/ReferenceKey; 9 5 0 jdk/internal/util/StrongReferenceKey <init> (Ljava/lang/Object;)V 10 1 0 java/lang/Object <init> ()V 8 16 0 java/util/concurrent/ConcurrentHashMap get (Ljava/lang/Object;)Ljava/lang/Object; 9 1 0 jdk/internal/util/StrongReferenceKey hashCode ()I 10 1 0 jdk/internal/util/StrongReferenceKey get ()Ljava/lang/Object; 10 4 0 java/lang/invoke/MethodType hashCode ()I 9 4 0 java/util/concurrent/ConcurrentHashMap spread (I)I 9 34 0 java/util/concurrent/ConcurrentHashMap tabAt ([Ljava/util/concurrent/ConcurrentHashMap$Node;I)Ljava/util/concurrent/ConcurrentHashMap$Node; 9 73 0 jdk/internal/util/StrongReferenceKey equals (Ljava/lang/Object;)Z 10 20 0 jdk/internal/util/StrongReferenceKey get ()Ljava/lang/Object; 10 24 0 java/util/Objects equals (Ljava/lang/Object;Ljava/lang/Object;)Z 9 149 0 jdk/internal/util/StrongReferenceKey equals (Ljava/lang/Object;)Z 10 20 0 jdk/internal/util/StrongReferenceKey get ()Ljava/lang/Object; 10 24 0 java/util/Objects equals (Ljava/lang/Object;Ljava/lang/Object;)Z 5 42 0 java/util/Objects requireNonNull (Ljava/lang/Object;)Ljava/lang/Object; 5 51 0 java/lang/invoke/MethodType checkPtypes ([Ljava/lang/Class;)I 6 24 0 java/util/Objects requireNonNull (Ljava/lang/Object;)Ljava/lang/Object; 6 71 0 java/lang/invoke/MethodType checkSlotCount (I)V 5 91 0 java/lang/invoke/MethodTypeForm findForm (Ljava/lang/invoke/MethodType;)Ljava/lang/invoke/MethodTypeForm; 6 2 0 java/lang/invoke/MethodTypeForm canonicalize (Ljava/lang/invoke/MethodType;I)Ljava/lang/invoke/MethodType; 7 1 0 java/lang/invoke/MethodType ptypes ()[Ljava/lang/Class; 7 7 0 java/lang/invoke/MethodTypeForm canonicalizeAll ([Ljava/lang/Class;I)[Ljava/lang/Class; 8 19 0 java/lang/invoke/MethodTypeForm canonicalize (Ljava/lang/Class;I)Ljava/lang/Class; 7 12 0 java/lang/invoke/MethodType returnType ()Ljava/lang/Class; 7 20 0 java/lang/invoke/MethodTypeForm canonicalize (Ljava/lang/Class;I)Ljava/lang/Class; 7 55 0 java/lang/invoke/MethodType methodType (Ljava/lang/Class;[Ljava/lang/Class;Z)Ljava/lang/invoke/MethodType; 8 23 0 java/lang/invoke/MethodType isAllObject ([Ljava/lang/Class;I)Z 6 15 0 java/lang/invoke/MethodTypeForm <init> (Ljava/lang/invoke/MethodType;)V 7 1 0 java/lang/Object <init> ()V 7 10 0 java/lang/invoke/MethodType ptypes ()[Ljava/lang/Class; 7 137 0 java/lang/invoke/MethodType returnType ()Ljava/lang/Class; 7 268 0 java/lang/invoke/MethodType form ()Ljava/lang/invoke/MethodTypeForm; 6 20 0 java/lang/invoke/MethodType form ()Ljava/lang/invoke/MethodTypeForm; 5 102 0 jdk/internal/util/ReferencedKeySet intern (Ljava/lang/Object;)Ljava/lang/Object; 6 5 0 jdk/internal/util/ReferencedKeyMap intern (Ljdk/internal/util/ReferencedKeyMap;Ljava/lang/Object;)Ljava/lang/Object; 7 2 0 jdk/internal/util/ReferencedKeyMap existingKey (Ljdk/internal/util/ReferencedKeyMap;Ljava/lang/Object;)Ljava/lang/Object; 8 1 0 jdk/internal/util/ReferencedKeyMap removeStaleReferences ()V 9 4 0 java/lang/ref/NativeReferenceQueue poll ()Ljava/lang/ref/Reference; 10 1 0 java/lang/ref/ReferenceQueue headIsNull ()Z 9 20 0 java/util/concurrent/ConcurrentHashMap remove (Ljava/lang/Object;)Ljava/lang/Object; 8 7 0 jdk/internal/util/ReferencedKeyMap lookupKey (Ljava/lang/Object;)Ljdk/internal/util/ReferenceKey; 9 5 0 jdk/internal/util/StrongReferenceKey <init> (Ljava/lang/Object;)V 10 1 0 java/lang/Object <init> ()V 8 10 0 jdk/internal/util/ReferencedKeyMap get (Ljava/lang/Object;)Ljava/lang/Object; 9 1 0 jdk/internal/util/ReferencedKeyMap removeStaleReferences ()V 10 4 0 java/lang/ref/NativeReferenceQueue poll ()Ljava/lang/ref/Reference; 11 1 0 java/lang/ref/ReferenceQueue headIsNull ()Z 10 20 0 java/util/concurrent/ConcurrentHashMap remove (Ljava/lang/Object;)Ljava/lang/Object; 9 6 0 jdk/internal/util/ReferencedKeyMap getNoCheckStale (Ljava/lang/Object;)Ljava/lang/Object; 10 3 0 java/util/Objects requireNonNull (Ljava/lang/Object;Ljava/lang/String;)Ljava/lang/Object; 10 13 0 jdk/internal/util/ReferencedKeyMap lookupKey (Ljava/lang/Object;)Ljdk/internal/util/ReferenceKey; 11 5 0 jdk/internal/util/StrongReferenceKey <init> (Ljava/lang/Object;)V 12 1 0 java/lang/Object <init> ()V 10 16 0 java/util/concurrent/ConcurrentHashMap get (Ljava/lang/Object;)Ljava/lang/Object; 11 1 0 jdk/internal/util/StrongReferenceKey hashCode ()I 12 1 0 jdk/internal/util/StrongReferenceKey get ()Ljava/lang/Object; 12 4 0 jdk/internal/util/StrongReferenceKey hashCode ()I 13 1 0 jdk/internal/util/StrongReferenceKey get ()Ljava/lang/Object; 13 4 0 java/lang/invoke/MethodType hashCode ()I 11 4 0 java/util/concurrent/ConcurrentHashMap spread (I)I 11 34 0 java/util/concurrent/ConcurrentHashMap tabAt ([Ljava/util/concurrent/ConcurrentHashMap$Node;I)Ljava/util/concurrent/ConcurrentHashMap$Node; 11 73 0 jdk/internal/util/StrongReferenceKey equals (Ljava/lang/Object;)Z 12 20 0 jdk/internal/util/StrongReferenceKey get ()Ljava/lang/Object; 12 24 0 java/util/Objects equals (Ljava/lang/Object;Ljava/lang/Object;)Z 11 149 0 jdk/internal/util/StrongReferenceKey equals (Ljava/lang/Object;)Z 12 20 0 jdk/internal/util/StrongReferenceKey get ()Ljava/lang/Object; 12 24 0 java/util/Objects equals (Ljava/lang/Object;Ljava/lang/Object;)Z 7 14 0 jdk/internal/util/ReferencedKeyMap internKey (Ljdk/internal/util/ReferencedKeyMap;Ljava/lang/Object;)Ljava/lang/Object; 8 2 0 jdk/internal/util/ReferencedKeyMap entryKey (Ljava/lang/Object;)Ljdk/internal/util/ReferenceKey; 9 29 0 jdk/internal/util/WeakReferenceKey <init> (Ljava/lang/Object;Ljava/lang/ref/ReferenceQueue;)V 10 3 0 java/lang/ref/WeakReference <init> (Ljava/lang/Object;Ljava/lang/ref/ReferenceQueue;)V 11 3 0 java/lang/ref/Reference <init> (Ljava/lang/Object;Ljava/lang/ref/ReferenceQueue;)V 12 1 0 java/lang/Object <init> ()V 10 8 0 java/util/Objects hashCode (Ljava/lang/Object;)I 11 5 0 java/lang/invoke/MethodType hashCode ()I 8 7 0 jdk/internal/util/ReferencedKeyMap removeStaleReferences ()V 9 4 0 java/lang/ref/NativeReferenceQueue poll ()Ljava/lang/ref/Reference; 10 1 0 java/lang/ref/ReferenceQueue headIsNull ()Z 9 20 0 java/util/concurrent/ConcurrentHashMap remove (Ljava/lang/Object;)Ljava/lang/Object; 8 16 0 java/util/concurrent/ConcurrentHashMap putIfAbsent (Ljava/lang/Object;Ljava/lang/Object;)Ljava/lang/Object; 2 15 0 java/lang/invoke/MethodTypeForm <init> (Ljava/lang/invoke/MethodType;)V 3 1 0 java/lang/Object <init> ()V 3 10 0 java/lang/invoke/MethodType ptypes ()[Ljava/lang/Class; 3 137 0 java/lang/invoke/MethodType returnType ()Ljava/lang/Class; 3 268 0 java/lang/invoke/MethodType form ()Ljava/lang/invoke/MethodTypeForm; 2 20 0 java/lang/invoke/MethodType form ()Ljava/lang/invoke/MethodTypeForm; 1 102 0 jdk/internal/util/ReferencedKeySet intern (Ljava/lang/Object;)Ljava/lang/Object; 2 5 0 jdk/internal/util/ReferencedKeyMap intern (Ljdk/internal/util/ReferencedKeyMap;Ljava/lang/Object;)Ljava/lang/Object; 3 2 0 jdk/internal/util/ReferencedKeyMap existingKey (Ljdk/internal/util/ReferencedKeyMap;Ljava/lang/Object;)Ljava/lang/Object; 4 1 0 jdk/internal/util/ReferencedKeyMap removeStaleReferences ()V 5 4 0 java/lang/ref/NativeReferenceQueue poll ()Ljava/lang/ref/Reference; 6 1 0 java/lang/ref/ReferenceQueue headIsNull ()Z 5 20 0 java/util/concurrent/ConcurrentHashMap remove (Ljava/lang/Object;)Ljava/lang/Object; 4 7 0 jdk/internal/util/ReferencedKeyMap lookupKey (Ljava/lang/Object;)Ljdk/internal/util/ReferenceKey; 5 5 0 jdk/internal/util/StrongReferenceKey <init> (Ljava/lang/Object;)V 6 1 0 java/lang/Object <init> ()V 4 10 0 jdk/internal/util/ReferencedKeyMap get (Ljava/lang/Object;)Ljava/lang/Object; 5 1 0 jdk/internal/util/ReferencedKeyMap removeStaleReferences ()V 6 4 0 java/lang/ref/NativeReferenceQueue poll ()Ljava/lang/ref/Reference; 7 1 0 java/lang/ref/ReferenceQueue headIsNull ()Z 6 20 0 java/util/concurrent/ConcurrentHashMap remove (Ljava/lang/Object;)Ljava/lang/Object; 5 6 0 jdk/internal/util/ReferencedKeyMap getNoCheckStale (Ljava/lang/Object;)Ljava/lang/Object; 6 3 0 java/util/Objects requireNonNull (Ljava/lang/Object;Ljava/lang/String;)Ljava/lang/Object; 6 13 0 jdk/internal/util/ReferencedKeyMap lookupKey (Ljava/lang/Object;)Ljdk/internal/util/ReferenceKey; 7 5 0 jdk/internal/util/StrongReferenceKey <init> (Ljava/lang/Object;)V 8 1 0 java/lang/Object <init> ()V 6 16 0 java/util/concurrent/ConcurrentHashMap get (Ljava/lang/Object;)Ljava/lang/Object; 7 1 0 jdk/internal/util/StrongReferenceKey hashCode ()I 8 1 0 jdk/internal/util/StrongReferenceKey get ()Ljava/lang/Object; 8 4 0 jdk/internal/util/StrongReferenceKey hashCode ()I 9 1 0 jdk/internal/util/StrongReferenceKey get ()Ljava/lang/Object; 9 4 0 java/lang/invoke/MethodType hashCode ()I 7 4 0 java/util/concurrent/ConcurrentHashMap spread (I)I 7 34 0 java/util/concurrent/ConcurrentHashMap tabAt ([Ljava/util/concurrent/ConcurrentHashMap$Node;I)Ljava/util/concurrent/ConcurrentHashMap$Node; 7 73 0 jdk/internal/util/StrongReferenceKey equals (Ljava/lang/Object;)Z 8 20 0 jdk/internal/util/StrongReferenceKey get ()Ljava/lang/Object; 8 24 0 java/util/Objects equals (Ljava/lang/Object;Ljava/lang/Object;)Z 7 149 0 jdk/internal/util/StrongReferenceKey equals (Ljava/lang/Object;)Z 8 20 0 jdk/internal/util/StrongReferenceKey get ()Ljava/lang/Object; 8 24 0 java/util/Objects equals (Ljava/lang/Object;Ljava/lang/Object;)Z 3 14 0 jdk/internal/util/ReferencedKeyMap internKey (Ljdk/internal/util/ReferencedKeyMap;Ljava/lang/Object;)Ljava/lang/Object; 4 2 0 jdk/internal/util/ReferencedKeyMap entryKey (Ljava/lang/Object;)Ljdk/internal/util/ReferenceKey; 5 29 0 jdk/internal/util/WeakReferenceKey <init> (Ljava/lang/Object;Ljava/lang/ref/ReferenceQueue;)V 6 3 0 java/lang/ref/WeakReference <init> (Ljava/lang/Object;Ljava/lang/ref/ReferenceQueue;)V 7 3 0 java/lang/ref/Reference <init> (Ljava/lang/Object;Ljava/lang/ref/ReferenceQueue;)V 8 1 0 java/lang/Object <init> ()V 6 8 0 java/util/Objects hashCode (Ljava/lang/Object;)I 7 5 0 java/lang/invoke/MethodType hashCode ()I
